SampleID,Location Code,Date Collected,Time Collected (PST),Temp (C),Chl Volume Filtered (mL),Chl1 (mg/m3),Chl2 (mg/m3),Avg Chloro (mg/m3),Phaeo1 (mg/m3),Phaeo2 (mg/m3),Avg. Phaeo (mg/m3),Nitrite + Nitrate (uM),Phosphate (uM),Silicate (uM),Nitrite (uM),Ammonia (uM),DA Volume Filtered (mL),Domoic Acic (ng/mL),Volume Settled for counting (mL),Akashiwo sanguinea  (cells/L),Alexandrium spp. (cells/L),Dinophysis spp.  (cells/L),Lingulodinium polyedrum (cells/L),Prorocentrum spp.  (cells/L),Pseudo-nitzschia delicatissima group (cells/L),Pseudo-nitzschia seriata group (cells/L),Other Diatoms (cells/L),Other Dinoflagellates (cells/L)
CP080815,Cal_Poly,2008-08-15, 00:00:00,14.9,100,4.2,4.185,4.1925,1.215,1.6,1.4075,NA,NA,NA,NA,NA,250,0,25,3198.829734,9596.489202,0,0,30922.02076,0,3198.829734,30922.02076,29855.74418
CP080819,Cal_Poly,2008-08-19, 00:00:00,15.5,100,8.15,7.33,7.74,2.085,1.54,1.8125,NA,NA,NA,NA,NA,265,0,25,2132.553156,0,0,1066.276578,21325.53156,24524.36129,41584.78654,0,0
CP080826,Cal_Poly,2008-08-26, 00:00:00,17.8,100,7.515,7.26,7.3875,0.94,0.95,0.945,NA,NA,NA,NA,NA,250,0,25,0,2132.553156,0,0,8530.212624,38385.95681,8530.212624,187664.6777,106627.6578
CP080902,Cal_Poly,2008-09-02, 00:00:00,16,100,14.13,10.625,12.3775,2.465,1.805,2.135,NA,NA,NA,NA,NA,250,0,25,12795.31894,0,6397.659468,4265.106312,379594.4618,0,0,181267.0183,194062.3372
CP080908,Cal_Poly,2008-09-08, 00:00:00,16.3,100,23.965,24.46,24.2125,1.99,2.205,2.0975,NA,NA,NA,NA,NA,175,0,25,4265.106312,10662.76578,14927.87209,2132.553156,292159.7824,17060.42525,4265.106312,12795.31894,264436.5913
CP080916,Cal_Poly,2008-09-16, 00:00:00,15.5,NA,NA,NA,NA,NA,NA,NA,0,2.946183,115.7807858,0.17015446,35.60603918,95,0,25,17060.42525,12795.31894,14927.87209,0,27723.19103,0,0,17060.42525,1720970.397
CP080922,Cal_Poly,2008-09-22, 00:00:00,14.1,100,31.505,26.16,28.8325,-0.215,-0.325,-0.27,6.77083497,1.335776,90.36935993,0.73540278,0.20389754,150,0,25,4265.106312,0,2132.553156,0,8530.212624,21325.53156,6397.659468,76771.91362,452101.2691
CP080929,Cal_Poly,2008-09-29, 00:00:00,15.3,100,28.915,21.09,25.0025,1.285,3.35,2.3175,1.10661458,0.264792,74.67447293,0.3158834,0.623199668,150,0,25,0,0,0,0,21325.53156,0,0,2132.553156,155676.3804
CP081002,Cal_Poly,2008-10-02, 00:00:00,16,NA,NA,NA,NA,NA,NA,NA,NA,NA,NA,NA,NA,NA,NA,25,0,0,2132.553156,0,10662.76578,0,0,0,130085.7425
CP081006,Cal_Poly,2008-10-06, 00:00:00,14.3,100,9.87,10.15,10.01,3.50E-02,0.305,0.17,2.22896496,0.530226,70.73152223,0.22792644,1.185492178,150,0,25,2132.553156,0,4265.106312,0,49048.72259,0,0,6397.659468,72506.8073
CP081009,Cal_Poly,2008-10-09, 00:00:00,14.2,NA,NA,NA,NA,NA,NA,NA,NA,NA,NA,NA,NA,NA,NA,25,2132.553156,0,0,0,2132.553156,0,0,0,63976.59468
CP081013,Cal_Poly,2008-10-13, 00:00:00,12.3,100,1.39,1.4,1.395,0.47,0.365,0.4175,13.160058,1.786769,97.7024802,0.51274384,6.83694594,250,0,25,0,0,0,0,4265.106312,0,0,8530.212624,8530.212624
CP081016,Cal_Poly,2008-10-16, 00:00:00,13.6,NA,NA,NA,NA,NA,NA,NA,NA,NA,NA,NA,NA,NA,NA,25,0,533.0767257,2132.306903,0,5330.767257,0,0,0,163121.4781
CP081020,Cal_Poly,2008-10-20, 00:00:00,13.6,100,68.87,65.55,67.21,10.875,9.495,10.185,5.886696366,1.19429601,70.803406,0.861519,1.9743386,75,0,25,12795.31894,0,2132.553156,0,49048.72259,0,0,8530.212624,746393.6046
CP081023,Cal_Poly,2008-10-23, 00:00:00,13.6,NA,NA,NA,NA,NA,NA,NA,NA,NA,NA,NA,NA,NA,NA,25,0,8530.212624,2132.553156,0,4265.106312,0,0,2132.553156,78904.46677
CP081027,Cal_Poly,2008-10-27, 00:00:00,13.9,100,17.24,15.95,16.595,1.94,1.715,1.8275,5.092812608,0.82665408,65.86567317,0.332173,2.00602415,150,0,25,0,6397.659468,4265.106312,0,8530.212624,0,0,0,87434.6794
CP081030,Cal_Poly,2008-10-30, 00:00:00,14.3,NA,NA,NA,NA,NA,NA,NA,NA,NA,NA,NA,NA,NA,NA,25,4265.106312,0,2132.553156,0,14927.87209,0,0,2132.553156,81037.01993
CP081103,Cal_Poly,2008-11-03, 00:00:00,14.3,100,17.28,16.185,16.7325,2.265,2.145,2.205,3.917056868,0.62641632,78.0916356,0.363487,1.995916,200,4.70E-02,25,4265.106312,0,6397.659468,0,19192.9784,0,0,2132.553156,72506.8073
CP081106,Cal_Poly,2008-11-06, 00:00:00,14.9,NA,NA,NA,NA,NA,NA,NA,NA,NA,NA,NA,NA,NA,NA,25,2132.553156,2132.553156,0,0,17060.42525,0,0,0,42651.06312
CP081110,Cal_Poly,2008-11-10, 00:00:00,13.7,100,2.1,1.99,2.045,0.85,0.89,0.87,6.174461412,1.03041888,58.25414925,0.50236,3.3625605,250,0,25,0,2132.553156,0,0,0,0,0,2132.553156,14927.87209
CP081113,Cal_Poly,2008-11-13, 00:00:00,12.5,NA,NA,NA,NA,NA,NA,NA,NA,NA,NA,NA,NA,NA,NA,25,0,0,0,0,0,0,0,0,4265.106312
CP081117,Cal_Poly,2008-11-17, 00:00:00,12.9,100,2.76,2.63,2.695,0.86,0.85,0.855,21.95717982,2.34365376,74.63332701,0.558825,2.03821995,250,0,25,0,0,0,0,0,0,0,2132.553156,4265.106312
CP081120,Cal_Poly,2008-11-20, 00:00:00,13.5,NA,NA,NA,NA,NA,NA,NA,NA,NA,NA,NA,NA,NA,NA,25,0,0,2132.553156,0,4265.106312,0,0,0,31988.29734
CP081124,Cal_Poly,2008-11-24, 00:00:00,13.4,100,2.96,2.655,2.8075,0.88,0.65,0.765,8.02163422,1.0867728,82.46444283,0.427938,2.4033308,250,0,25,0,2132.553156,4265.106312,0,10662.76578,0,0,0,23458.08472
CP081201,Cal_Poly,2008-12-01, 00:00:00,13.9,100,11.14,10.575,10.8575,1.535,1.265,1.4,4.939148016,0.79096512,80.79767685,0.323427,1.1250642,200,0,25,0,8530.212624,2132.553156,0,2132.553156,2132.553156,0,0,53313.8289
CP081204,Cal_Poly,2008-12-04, 00:00:00,14.1,NA,NA,NA,NA,NA,NA,NA,NA,NA,NA,NA,NA,NA,NA,25,,,,,,,,,
CP081208,Cal_Poly,2008-12-08, 00:00:00,13.9,100,3.475,3.61,3.5425,1.18,0.9,1.04,5.715012206,0.81333984,55.80244296,0.405292,1.4640652,200,0,25,,,,,,,,,
CP081211,Cal_Poly,2008-12-11, 00:00:00,13.6,NA,NA,NA,NA,NA,NA,NA,NA,NA,NA,NA,NA,NA,NA,25,,,,,,,,,
CP081215,Cal_Poly,2008-12-15, 00:00:00,13.2,100,2.04,2.06,2.05,0.68,0.66,0.67,7.674033264,0.99353952,73.17447588,0.434012,0.9306765,200,0,25,,,,,,,,,
CP081218,Cal_Poly,2008-12-18, 00:00:00,12.6,NA,NA,NA,NA,NA,NA,NA,NA,NA,NA,NA,NA,NA,NA,25,0,0,0,0,0,0,0,2132.306903,2132.306903
CP081222,Cal_Poly,2008-12-22, 00:00:00,12.3,100,2.01,2.01,2.01,0.34,0.41,0.375,10.44439159,1.31218272,68.56429041,0.511564,1.17388656,200,0,25,0,0,0,0,7463.936046,0,0,14927.87209,3198.829734
CP090105,Cal_Poly,2009-01-05, 00:00:00,11.6,100,1.9,1.97,1.935,0.93,0.91,0.92,13.84331144,1.56256512,55.20456612,0.492155,1.079034,200,0,25,0,0,0,0,0,0,0,0,0
CP090108,Cal_Poly,2009-01-08, 00:00:00,11.5,NA,NA,NA,NA,NA,NA,NA,NA,NA,NA,NA,NA,NA,NA,25,0,0,0,0,0,0,0,2132.553156,8530.212624
CP090112,Cal_Poly,2009-01-12, 00:00:00,11.6,100,0.955,1.03,0.9925,0.54,0.45,0.495,10.34034511,1.19468064,87.54072327,0.426739,1.90620672,200,0,25,0,0,0,0,0,0,0,0,2665.383628
CP090115,Cal_Poly,2009-01-15, 00:00:00,11.7,NA,NA,NA,NA,NA,NA,NA,NA,NA,NA,NA,NA,NA,NA,25,0,0,0,0,0,0,0,55446.38206,11729.04236
CP090119,Cal_Poly,2009-01-19, 00:00:00,12.1,100,1.88,1.78,1.83,1.33,1.26,1.295,5.758410312,0.90522432,80.30141952,0.242685,2.8409337,200,5.00E-03,25,0,2132.553156,0,0,1066.276578,0,0,76771.91362,8530.212624
CP090122,Cal_Poly,2009-01-22, 00:00:00,12.8,NA,NA,NA,NA,NA,NA,NA,NA,NA,NA,NA,NA,NA,NA,25,0,0,0,0,1066.276578,0,0,3198.829734,18126.70183
CP090126,Cal_Poly,2009-01-26, 00:00:00,12.8,100,0.555,0.51,0.5325,0.595,0.585,0.59,4.666408676,0.80144185,46.8349448,0.2917,2.31522522,200,0,25,0,0,0,0,1066.276578,0,0,14927.87209,6397.659468
CP090129,Cal_Poly,2009-01-29, 00:00:00,12.4,NA,NA,NA,NA,NA,NA,NA,NA,NA,NA,NA,NA,NA,NA,25,0,0,0,0,0,0,0,1066.276578,6397.659468
CP090202,Cal_Poly,2009-02-02, 00:00:00,12.4,100,3.44,3.31,3.375,0.89,0.99,0.94,13.38306861,1.4964324,63.67315094,0.435568,2.89659546,200,0,25,0,0,0,0,164206.593,0,0,0,0
CP090205,Cal_Poly,2009-02-05, 00:00:00,12.5,NA,NA,NA,NA,NA,NA,NA,NA,NA,NA,NA,NA,NA,NA,25,0,0,0,0,6397.659468,0,0,57578.93521,15994.14867
CP090209,Cal_Poly,2009-02-09, 00:00:00,12.8,100,0.86,0.89,0.875,0.67,0.56,0.615,8.25393195,1.13870135,50.54731024,0.255781,2.17460892,200,0,25,0,0,0,0,0,0,0,1066.276578,2132.553156
CP090212,Cal_Poly,2009-02-12, 00:00:00,12.5,NA,NA,NA,NA,NA,NA,NA,NA,NA,NA,NA,NA,NA,NA,25,0,3198.829734,0,0,0,0,0,1066.276578,3198.829734
CP090216,Cal_Poly,2009-02-16, 00:00:00,12.2,100,1.03,1.04,1.035,1.29,1.26,1.275,7.17013602,0.91106995,53.23890474,0.66695805,2.7097719,100,0,25,0,0,0,0,0,0,0,2132.553156,2132.553156
CP090219,Cal_Poly,2009-02-19, 00:00:00,13,NA,NA,NA,NA,NA,NA,NA,NA,NA,NA,NA,NA,NA,NA,25,0,0,0,0,0,0,0,1066.276578,0
CP090223,Cal_Poly,2009-02-23, 00:00:00,12.5,100,2.06,1.97,2.015,0.96,0.97,0.965,10.95492189,1.14026418,55.69745426,0.46226763,0.78492612,200,0,25,0,0,0,0,9596.489202,0,0,9596.489202,3198.829734
CP090226,Cal_Poly,2009-02-26, 00:00:00,12.5,NA,NA,NA,NA,NA,NA,NA,NA,NA,NA,NA,NA,NA,NA,25,0,0,0,0,0,0,0,22391.80814,1066.276578
CP090302,Cal_Poly,2009-03-02, 00:00:00,12.8,100,5.88,5.98,5.93,1.08,1.13,1.105,6.66016206,0,0,1.11586662,0,200,4.10E-02,25,0,0,0,0,0,0,0,151411.2741,0
CP090305,Cal_Poly,2009-03-05, 00:00:00,13,NA,NA,NA,NA,NA,NA,NA,NA,NA,NA,NA,NA,NA,NA,25,0,0,0,0,0,0,0,13861.59551,1066.276578
CP090309,Cal_Poly,2009-03-09, 00:00:00,12.6,100,0.42,0.41,0.415,0.16,0.18,0.17,6.19482192,1.05939222,71.74134744,0.34296471,3.07949796,200,0,25,0,0,0,0,0,0,0,0,2132.553156
CP090312,Cal_Poly,2009-03-12, 00:00:00,11.6,NA,NA,NA,NA,NA,NA,NA,NA,NA,NA,NA,NA,NA,NA,25,0,0,0,0,0,0,0,18126.70183,3198.829734
CP090316,Cal_Poly,2009-03-16, 00:00:00,11.1,100,16.04,14.93,15.485,3.51,3.94,3.725,3.89163376,0.72756564,59.64587133,0.38010456,0,200,4.30E-02,25,0,0,0,0,0,0,0,475559.3538,2132.553156
CP090319,Cal_Poly,2009-03-19, 00:00:00,11.3,NA,NA,NA,NA,NA,NA,NA,NA,NA,NA,NA,NA,NA,NA,25,0,0,0,0,0,0,0,1462931.465,2132.553156
CP090323,Cal_Poly,2009-03-23, 00:00:00,11,100,3.88,3.76,3.82,1.93,1.96,1.945,6.89946544,0,0,1.13565276,0,200,0,25,0,0,0,0,0,0,0,110892.7641,4265.106312
CP090326,Cal_Poly,2009-03-26, 00:00:00,10.7,NA,NA,NA,NA,NA,NA,NA,NA,NA,NA,NA,NA,NA,NA,25,0,0,0,0,0,0,0,400919.9933,4265.106312
CP090330,Cal_Poly,2009-03-30, 00:00:00,11.7,100,12.16,12.37,12.265,7.35,7.85,7.6,0.65546656,0.23383346,56.41471888,0,0.10645866,100,0,25,0,2132.553156,0,0,0,0,0,599247.4368,0
CP090402,Cal_Poly,2009-04-02, 00:00:00,11.4,NA,NA,NA,NA,NA,NA,NA,NA,NA,NA,NA,NA,NA,NA,25,0,0,0,0,0,0,0,639765.9468,2132.553156
CP090406,Cal_Poly,2009-04-06, 00:00:00,11,100,13.37,14.94,14.155,6.72,6.08,6.4,0.68588464,0.38888364,40.565788,0.12081366,0.35048904,150,8.40E-02,25,0,0,0,0,0,0,0,1123855.513,0
CP090409,Cal_Poly,2009-04-09, 00:00:00,12.8,NA,NA,NA,NA,NA,NA,NA,NA,NA,NA,NA,NA,NA,NA,25,0,0,0,0,0,0,0,172736.8056,10662.76578
CP090413,Cal_Poly,2009-04-13, 00:00:00,12.7,100,1.18,1.21,1.195,0.83,0.82,0.825,11.89803776,1.54156522,44.65892998,0.3386691,2.3724261,250,0.21,25,0,0,0,0,0,0,0,53313.8289,2132.553156
CP090416,Cal_Poly,2009-04-16, 00:00:00,10.5,NA,NA,NA,NA,NA,NA,NA,NA,NA,NA,NA,NA,NA,NA,25,0,0,0,0,0,0,0,9596.489202,4265.106312
CP090420,Cal_Poly,2009-04-20, 00:00:00,12.7,100,3.42,3.6,3.51,0.73,0.72,0.725,15.75848176,1.34125122,69.85056039,0.43933329,0.20672652,200,0,25,0,0,0,0,0,0,0,100229.9983,19192.9784
CP090423,Cal_Poly,2009-04-23, 00:00:00,13.2,NA,NA,NA,NA,NA,NA,NA,NA,NA,NA,NA,NA,NA,NA,25,0,0,0,0,0,0,0,520342.9701,40518.50996
CP090427,Cal_Poly,2009-04-27, 00:00:00,10.7,100,5.16,6.01,5.585,2.9,3.09,2.995,15.7419252,1.64942292,57.39708348,0.54895155,2.844012544,200,8.60E-02,25,0,0,0,0,0,0,0,371064.2491,8530.212624
CP090430,Cal_Poly,2009-04-30, 00:00:00,10.5,NA,NA,NA,NA,NA,NA,NA,NA,NA,NA,NA,NA,NA,NA,25,0,0,0,0,0,0,5331.38289,138615.9551,3198.829734
CP090504,Cal_Poly,2009-05-04, 00:00:00,10.9,100,4.65,4.85,4.75,7.76,8.62,8.19,3.15681735,0.8015692,32.38909641,0.48717165,32.7287477,100,0.12,25,0,0,0,0,0,0,8530.212624,835960.8372,0
CP090507,Cal_Poly,2009-05-07, 00:00:00,11.3,NA,NA,NA,NA,NA,NA,NA,NA,NA,NA,NA,NA,NA,NA,25,0,0,0,0,0,14927.87209,0,1684716.993,8530.212624
CP090511,Cal_Poly,2009-05-11, 00:00:00,12.4,100,5.23,5.43,5.33,5.27,6.1,5.685,3.25052272,0.588768,45.1541574,0.26457184,0,100,0,25,0,0,0,0,0,0,0,970311.686,6397.659468
CP090514,Cal_Poly,2009-05-14, 00:00:00,11,NA,NA,NA,NA,NA,NA,NA,NA,NA,NA,NA,NA,NA,NA,25,0,0,0,0,0,0,2132.553156,1703909.972,14927.87209
CP090518,Cal_Poly,2009-05-18, 00:00:00,11.3,100,6.59,6.47,6.53,7.17,6.79,6.98,4.016652,0.491882226,29.94617637,0.390909762,9.168049,125,0.3,25,0,0,0,0,0,8530.212624,0,816767.8587,4265.106312
CP090521,Cal_Poly,2009-05-21, 00:00:00,14,NA,NA,NA,NA,NA,NA,NA,NA,NA,NA,NA,NA,NA,NA,25,0,0,0,0,0,0,25590.63787,1091867.216,6397.659468
CP090525,Cal_Poly,2009-05-25, 00:00:00,NA,100,2.8,2.65,2.725,2.04,2,2.02,3.141365536,0.937500444,44.88734745,0.235471404,2.163883641,200,0.26,25,0,0,0,0,0,0,0,479824.4601,4265.106312
CP090528,Cal_Poly,2009-05-28, 00:00:00,13.5,NA,NA,NA,NA,NA,NA,NA,NA,NA,NA,NA,NA,NA,NA,25,0,0,0,0,0,0,0,40518.50996,1066.276578
CP090601,Cal_Poly,2009-06-01, 00:00:00,12.9,100,1.62,1.57,1.595,0.68,0.69,0.685,9.928846272,1.581132056,35.62586258,0.65902488,25.206291,200,0,25,0,0,0,0,0,0,0,66109.14784,4265.106312
CP090604,Cal_Poly,2009-06-04, 00:00:00,15.5,NA,NA,NA,NA,NA,NA,NA,NA,NA,NA,NA,NA,NA,NA,25,0,0,2132.553156,0,0,0,0,1816935.289,4265.106312
CP090608,Cal_Poly,2009-06-08, 00:00:00,16.2,100,6.98,7.13,7.055,2.85,3.55,3.2,2.39739283,0.4435246,60.2433489,0.12646546,0.731366,110,0.16,25,0,2132.553156,0,0,6397.659468,0,0,1448003.593,8530.212624
CP090611,Cal_Poly,2009-06-11, 00:00:00,13.5,NA,NA,NA,NA,NA,NA,NA,NA,NA,NA,NA,NA,NA,NA,25,0,0,0,0,0,14927.87209,0,571524.2458,6397.659468
CP090615,Cal_Poly,2009-06-15, 00:00:00,14,100,21.09,16.6,18.845,4.44,5.03,4.735,2.290132672,0.518624256,44.71373382,0.275963516,0.146035598,150,0,25,0,0,2132.553156,0,4265.106312,8530.212624,0,3047418.46,4265.106312
CP090618,Cal_Poly,2009-06-18, 00:00:00,13.7,NA,NA,NA,NA,NA,NA,NA,NA,NA,NA,NA,NA,NA,NA,25,0,0,0,0,0,70374.25415,0,2889609.526,0
CP090622,Cal_Poly,2009-06-22, 00:00:00,12.6,100,5.77,5.53,5.65,2.17,1.92,2.045,6.459975138,1.025010866,48.14122894,0.51575481,2.077803358,200,0,25,0,0,0,0,0,14927.87209,0,1117457.854,6397.659468
CP090625,Cal_Poly,2009-06-25, 00:00:00,13.3,NA,NA,NA,NA,NA,NA,NA,NA,NA,NA,NA,NA,NA,NA,25,0,0,0,0,0,19192.9784,0,458498.9285,12795.31894
CP090629,Cal_Poly,2009-06-29, 00:00:00,15.3,100,1.85,1.91,1.88,0.66,0.56,0.61,3.16444537,0.52548683,51.64430115,0.24977403,1.16834269,225,0,25,0,2132.553156,0,0,0,0,0,168471.6993,6397.659468
CP090702,Cal_Poly,2009-07-02, 00:00:00,15.4,NA,NA,NA,NA,NA,NA,NA,7.088724153,1.10080741,38.84198468,0.54326943,42.2338274,NA,NA,25,0,6397.659468,0,0,0,0,0,106627.6578,6397.659468
CP090706,Cal_Poly,2009-07-06, 00:00:00,13.9,100,2.6,3.07,2.835,0.97,0.77,0.87,3.71821123,0.82190525,53.90947758,0.40638114,3.68865224,200,0,25,0,8530.212624,4265.106312,0,10662.76578,0,0,110892.7641,14927.87209
CP090709,Cal_Poly,2009-07-09, 00:00:00,14.2,NA,NA,NA,NA,NA,NA,NA,NA,NA,NA,NA,NA,NA,NA,25,0,12795.31894,0,0,2132.553156,0,0,1605812.526,89567.23255
CP090713,Cal_Poly,2009-07-13, 00:00:00,15.6,100,11.51,14.01,12.76,1.72,1.93,1.825,0.645629263,0.16149821,48.53948134,0.11621214,0.27380941,100,0,25,0,4265.106312,0,0,8530.212624,0,0,6694084.357,85302.12624
CP090716,Cal_Poly,2009-07-16, 00:00:00,15.1,NA,NA,NA,NA,NA,NA,NA,NA,NA,NA,NA,NA,NA,NA,25,0,23458.08472,0,0,4265.106312,0,0,4625507.795,4265.106312
CP090720,Cal_Poly,2009-07-20, 00:00:00,15.3,100,2.89,2.75,2.82,1.13,1.02,1.075,NA,NA,NA,NA,NA,200,0,25,0,2132.553156,0,0,0,8530.212624,0,260171.485,4265.106312
CP090723,Cal_Poly,2009-07-23, 00:00:00,14.6,NA,NA,NA,NA,NA,NA,NA,NA,NA,NA,NA,NA,NA,NA,25,0,0,0,0,0,0,0,15994.14867,15994.14867
CP090727,Cal_Poly,2009-07-27, 00:00:00,14,100,3.69,4.18,3.935,0.93,1.31,1.12,8.879508551,1.48266731,62.9612172,0.58945095,8.0189906,200,0,25,0,0,0,0,23458.08472,0,3198.829734,9596.489202,17060.42525
CP090730,Cal_Poly,2009-07-30, 00:00:00,13.1,NA,NA,NA,NA,NA,NA,NA,NA,NA,NA,NA,NA,NA,NA,25,0,0,0,0,0,0,0,14927.87209,2132.553156
CP090803,Cal_Poly,2009-08-03, 00:00:00,14.7,100,10.52,10.77,10.645,3.74,3.76,3.75,NA,0.31242536,103.0689726,0.15678135,0,100,0,25,0,4265.106312,0,0,2132.553156,0,21325.53156,78904.46677,40518.50996
CP090806,Cal_Poly,2009-08-06, 00:00:00,14.6,NA,NA,NA,NA,NA,NA,NA,NA,NA,NA,NA,NA,NA,NA,25,0,2132.553156,0,0,14927.87209,0,8530.212624,2132.553156,0
CP090810,Cal_Poly,2009-08-10, 00:00:00,14.5,100,3.17,3.17,3.17,1.29,1.52,1.405,5.67250547,0.89343984,55.84296466,0.29236779,3.14294624,200,0,25,0,0,0,0,0,0,0,85302.12624,2132.553156
CP090813,Cal_Poly,2009-08-13, 00:00:00,14.1,NA,NA,NA,NA,NA,NA,NA,NA,NA,NA,NA,NA,NA,NA,25,0,0,0,0,0,10662.76578,0,70374.25415,8530.212624
CP090817,Cal_Poly,2009-08-17, 00:00:00,14.3,100,4.01,3.98,3.995,0.8,0.78,0.79,2.986865163,0.69836411,60.08031806,0.33137082,0.50984525,200,0.16,25,0,0,0,0,0,307087.6545,14927.87209,234580.8472,10662.76578
CP090820,Cal_Poly,2009-08-20, 00:00:00,14.4,NA,NA,NA,NA,NA,NA,NA,NA,NA,NA,NA,NA,NA,NA,25,0,0,0,0,0,76771.91362,2132.553156,57578.93521,2132.553156
CP090824,Cal_Poly,2009-08-24, 00:00:00,13.7,100,1.42,1.48,1.45,0.42,0.43,0.425,4.37644129,0.91769081,70.60754176,0.36598716,4.2519543,200,1.6,25,0,0,0,0,0,183399.5714,31988.29734,12795.31894,2132.553156
CP090827,Cal_Poly,2009-08-27, 00:00:00,14.3,NA,NA,NA,NA,NA,NA,NA,NA,NA,NA,NA,NA,NA,NA,25,0,0,0,0,0,426510.6312,8530.212624,49048.72259,17060.42525
CP090831,Cal_Poly,2009-08-31, 00:00:00,15.5,100,2.71,2.87,2.79,0.78,0.87,0.825,3.23445686,0.67671274,65.24430164,0.28195497,3.24632233,200,2.55,25,0,0,0,0,0,379594.4618,0,12795.31894,2132.553156
CP090903,Cal_Poly,2009-09-03, 00:00:00,16.1,NA,NA,NA,NA,NA,NA,NA,NA,NA,NA,NA,NA,NA,NA,25,0,0,2132.553156,0,4265.106312,362534.0365,0,10662.76578,14927.87209
CP090907,Cal_Poly,2009-09-07, 00:00:00,15,100,4.41,4.34,4.375,1.76,1.95,1.855,3.332796,1.3908336,100.9518573,0,8.0040829,200,0.46,25,0,0,0,0,0,19192.9784,21325.53156,23458.08472,49048.72259
CP090910,Cal_Poly,2009-09-10, 00:00:00,14.7,NA,NA,NA,NA,NA,NA,NA,NA,NA,NA,NA,NA,NA,NA,25,0,0,4265.106312,2132.553156,0,0,10662.76578,6397.659468,0
CP090914,Cal_Poly,2009-09-14, 00:00:00,NA,100,1.6,1.52,1.56,1.07,0.82,0.945,3.43803,1.21982592,71.84648295,0.22818,7.454865,200,0,25,0,2132.553156,0,0,0,0,0,5331.38289,15994.14867
CP090917,Cal_Poly,2009-09-17, 00:00:00,NA,NA,NA,NA,NA,NA,NA,NA,NA,NA,NA,NA,NA,NA,NA,25,0,0,0,1066.276578,3198.829734,0,9596.489202,9596.489202,8530.212624
CP090921,Cal_Poly,2009-09-21, 00:00:00,NA,100,3.08,2.83,2.955,0.55,0.49,0.52,2.437666,0.66500928,79.77376341,0.172088,2.24608268,250,0,25,0,1066.276578,1066.276578,0,0,2132.553156,0,10662.76578,1066.276578
CP090924,Cal_Poly,2009-09-24, 00:00:00,NA,NA,NA,NA,NA,NA,NA,NA,NA,NA,NA,NA,NA,NA,NA,25,0,1066.276578,0,0,2132.553156,0,0,4265.106312,0
CP090928,Cal_Poly,2009-09-28, 00:00:00,NA,100,18.54,18.35,18.445,3.41,2.97,3.19,NA,NA,NA,NA,NA,250,0,25,0,4265.106312,0,0,2132.553156,0,0,78904.46677,95964.89202
CP091001,Cal_Poly,2009-10-01, 00:00:00,NA,NA,NA,NA,NA,NA,NA,NA,NA,NA,NA,NA,NA,NA,NA,25,0,0,0,0,1066.276578,0,0,1066.276578,19192.9784
CP091005,Cal_Poly,2009-10-05, 00:00:00,NA,100,0.85,0.94,0.895,0.81,1.17,0.99,11.058668,1.81548672,141.9884116,0.535609,7.794193,250,6.70E-02,25,0,1066.276578,0,0,1066.276578,0,7463.936046,3198.829734,7463.936046
CP091012,Cal_Poly,2009-10-12, 00:00:00,14.2,100,7.36,7.99,7.67,1.91,1.96,1.93,1.704116,0.93338016,80.64641079,0,3.93671666,250,0,25,0,27723.19103,0,0,6397.659468,0,14927.87209,0,25590.63787
CP091019,Cal_Poly,2009-10-19, 00:00:00,NA,100,2.46,2.58,2.52,0.7,0.76,0.73,3.820322,0.93171168,NA,0.145977,4.04666064,250,0,25,0,0,0,9596.489202,3198.829734,0,0,8530.212624,4265.106312
CP091026,Cal_Poly,2009-10-26, 00:00:00,NA,100,2.38,2.85,2.62,1.02,1.21,1.11,8.193709,1.64975424,NA,0.388869,4.30770544,250,0,25,0,0,0,1066.276578,4265.106312,2132.553156,0,0,6397.659468
CP091102,Cal_Poly,2009-11-02, 00:00:00,NA,100,14.27,15.66,14.97,1.9,1.11,1.51,8.271359,1.02809856,NA,0.437742,1.59006254,250,5.10E-02,25,0,0,0,10662.76578,21325.53156,0,25590.63787,2132.553156,0
CP091109,Cal_Poly,2009-11-09, 00:00:00,NA,100,22.65,18.16,20.4,2.57,2.55,2.56,3.5376245,0.77482314,55.39513064,0.42364,1.28597868,200,0,25,0,0,0,74639.36046,14927.87209,0,0,0,21325.53156
CP091116,Cal_Poly,2009-11-16, 00:00:00,NA,100,30.07,37.29,33.68,5.19,9.24,7.215,9.71759795,1.88292559,62.71482587,0.522182,7.528452,200,6.80E-02,25,0,0,0,10662.76578,1066.276578,0,0,0,0
CP091123,Cal_Poly,2009-11-23, 00:00:00,NA,100,2.83,2.85,2.84,0.92,0.96,0.94,13.28595575,1.5324218,63.84489972,0.588797,4.31989866,250,0,25,0,2132.553156,0,4265.106312,17060.42525,0,0,8530.212624,12795.31894
CP091130,Cal_Poly,2009-11-30, 00:00:00,NA,100,4.49,5.19,4.84,0.88,0.77,0.83,9.85840085,1.12246316,88.41897641,0.563697,1.20751848,250,0,25,0,2132.553156,0,6397.659468,19192.9784,0,0,2132.553156,2132.553156
CP091207,Cal_Poly,2009-12-07, 00:00:00,NA,100,25.97,23.43,24.7,3.96,3.02,3.49,8.65422095,1.06873585,17.51173148,0.588948,0.50773401,200,0.17,25,0,0,2132.553156,0,36253.40365,0,0,0,55446.38206
CP091214,Cal_Poly,2009-12-14, 00:00:00,NA,100,3.63,4.06,3.85,0.71,0.7,0.7,9.09610176,1.18826799,16.44821057,0.543286,1.83168783,200,0,25,0,0,0,0,8530.212624,0,0,2132.553156,0
CP091221,Cal_Poly,2009-12-21, 00:00:00,NA,100,2.69,2.66,2.67,0.75,0.67,0.71,7.16391488,1.19093611,14.86879681,0.438059,4.0017915,250,0,25,0,0,0,2132.553156,2132.553156,0,8530.212624,0,12795.31894
CP091228,Cal_Poly,2009-12-28, 00:00:00,NA,100,3.49,3.4,3.45,1.57,1.67,1.62,9.747096,1.27019074,16.084312,0.538667,2.6795412,250,0,25,0,0,0,0,3198.829734,0,0,1066.276578,2132.553156
CP100104,Cal_Poly,2010-01-04, 00:00:00,NA,100,11.63,11.29,11.46,2.49,2.36,2.43,9.31737216,1.19738619,14.066231,0.366873,1.48762656,250,0,25,0,0,0,2132.553156,17060.42525,0,0,0,25590.63787
CP100111,Cal_Poly,2010-01-11, 00:00:00,NA,100,5.84,6.67,6.26,2.1,1.68,1.89,5.45930288,0.84861868,6.969148,0.279075,1.996659,200,0,25,0,0,2132.553156,2132.553156,14927.87209,0,0,4265.106312,8530.212624
CP100118,Cal_Poly,2010-01-18, 00:00:00,NA,100,2.41,2.49,2.45,2.44,2.37,2.41,11.02529656,1.59907111,19.285627,0.474521,2.55267495,200,0,25,0,1066.276578,0,0,7463.936046,0,0,0,2132.553156
CP100125,Cal_Poly,2010-01-25, 00:00:00,NA,100,0.32,0.39,0.35,0.58,0.56,0.57,9.09988528,1.3242229,16.696659,0.781089,4.13828604,200,0,25,0,0,0,0,0,0,0,0,0
CP100201,Cal_Poly,2010-02-01, 00:00:00,NA,100,0.44,0.42,0.43,0.29,0.24,0.26,10.37288688,1.48047718,18.96312,0.663259,2.377431,200,0,25,0,0,0,0,0,0,0,0,2132.553156
CP100208,Cal_Poly,2010-02-08, 00:00:00,NA,100,0.82,0.96,0.89,0.74,0.89,0.82,9.290227652,1.24472985,26.6488829,0.54446392,3.037631228,200,5.70E-02,25,0,0,0,0,0,0,0,0,1066.276578
CP100215,Cal_Poly,2010-02-15, 00:00:00,NA,100,0.43,0.44,0.43,0.58,0.74,0.66,13.18940756,1.16853191,21.64083306,0.67015949,1.82418879,200,0.11,25,0,0,0,0,0,0,0,3198.829734,1066.276578
CP100222,Cal_Poly,2010-02-22, 00:00:00,NA,100,1,0.99,0.99,0.56,0.54,0.55,9.129438448,0.92670487,13.9290959,0.34718866,1.746306527,200,0,25,0,0,0,0,0,0,0,0,0
CP100301,Cal_Poly,2010-03-01, 00:00:00,NA,100,1.43,1.19,1.31,0.87,0.86,0.87,8.092583208,0.96968417,17.25948704,0.40440127,1.223290017,200,0,25,0,1066.276578,0,0,0,0,0,3198.829734,4265.106312
CP100308,Cal_Poly,2010-03-08, 00:00:00,NA,100,0.43,0.44,0.44,0.6,0.69,0.65,10.44720283,1.04510952,15.45727702,0.48425923,1.813724204,200,5.30E-02,25,0,0,0,0,0,0,0,1066.276578,0
CP100315,Cal_Poly,2010-03-15, 00:00:00,NA,100,0.32,0.5,0.41,0.27,0.39,0.33,24.62383206,1.79445448,30.09960471,0.31185973,0.380569686,200,7.50E-02,25,0,1066.276578,0,0,0,0,0,2132.553156,0
CP100322,Cal_Poly,2010-03-22, 00:00:00,NA,100,3.02,3.11,3.06,1.31,1.24,1.27,9.559816332,0.63586341,16.57394823,0.18868486,1.22981657,200,4.10E-02,25,0,0,0,0,0,36253.40365,0,130085.7425,0
CP100329,Cal_Poly,2010-03-29, 00:00:00,NA,100,1.1,1.07,1.08,0.79,0.75,0.77,17.54453092,1.2443522,23.29578403,0.36971662,1.387555166,200,6.30E-02,25,0,1066.276578,0,0,0,0,0,2132.553156,7463.936046
CP100405,Cal_Poly,2010-04-05, 00:00:00,NA,100,2.22,2.73,2.48,1.82,1.51,1.66,20.27346914,1.43421551,24.56550452,0.40656525,0.752676009,200,5.70E-02,25,0,0,0,0,0,0,0,20259.25498,1066.276578
CP100412,Cal_Poly,2010-04-12, 00:00:00,NA,100,1.1,1.27,1.19,0.69,0.78,0.73,7.52921364,0.81368651,8.958211811,0.15989064,1.28911545,200,0,25,0,0,0,0,0,0,0,4739.007013,0
CP100419,Cal_Poly,2010-04-19, 00:00:00,NA,100,1.41,1.48,1.44,0.35,0.36,0.35,10.59624371,0.89181638,12.15012023,0.21996247,1.66489155,200,0,25,0,0,0,0,0,0,1066.276578,0,1066.276578
CP100426,Cal_Poly,2010-04-26, 00:00:00,NA,100,2.71,2.49,2.6,0.95,0.79,0.87,13.239345,0.81130218,14.543333,0.36414377,0.3644174,200,0,25,0,1066.276578,0,0,0,0,0,17060.42525,0
CP100503,Cal_Poly,2010-05-03, 00:00:00,NA,100,1.53,1.38,1.45,0.67,0.59,0.63,20.375061,1.40081386,21.933485,0.38081516,0.44145612,200,4.70E-02,25,0,0,0,0,0,0,0,0,0
CP100510,Cal_Poly,2010-05-10, 00:00:00,NA,100,2.66,2.45,2.55,1.07,0.96,1.01,21.020429,1.59192714,23.214495,0.32750202,1.81946564,200,0,25,0,0,0,0,0,7463.936046,0,122621.8065,0
CP100517,Cal_Poly,2010-05-17, 00:00:00,NA,100,5.67,4.83,5.25,3.21,3.48,3.34,0.31766,0.12237035,2.066646,0,0.31083824,200,4.50E-02,25,0,0,0,0,0,0,0,763454.0298,59711.48837
CP100524,Cal_Poly,2010-05-24, 00:00:00,NA,100,1.41,1.41,1.41,1.4,1.44,1.42,24.996626,1.94009991,32.635319,0.26405432,1.39474766,200,0,25,0,0,0,0,0,0,0,121555.5299,2132.553156
CP100531,Cal_Poly,2010-05-31, 00:00:00,NA,100,5.6,5.37,5.49,4.88,5.41,5.14,0,0,0,0,0,200,0.06,25,0,0,0,0,0,0,31988.29734,1072674.237,6397.659468
CP100607,Cal_Poly,2010-06-07, 00:00:00,NA,100,3.09,2.75,2.92,2.04,2.23,2.14,4.822822,0.6595127,3.405539,0.20796892,0.70040284,200,0.12,25,0,0,0,0,0,0,38385.95681,467029.1412,0
CP100614,Cal_Poly,2010-06-14, 00:00:00,NA,100,2.15,2.39,2.27,2.05,2.06,2.05,0.254003,0.15223083,0,0,0.38387982,200,0.12,25,0,0,0,0,0,0,34120.8505,439305.9501,0
CP100621,Cal_Poly,2010-06-21, 00:00:00,NA,100,6.99,7.63,7.31,5.3,5.47,5.38,0.990626,0.34667509,6.485945,0.17940921,0.28656028,200,0,25,0,0,0,0,0,19192.9784,31988.29734,1765754.013,2132.553156
CP100628,Cal_Poly,2010-06-28, 00:00:00,NA,100,8.77,9.78,9.27,11.36,10.26,10.81,0.29553,0.25207196,2.025965,0,0.43105128,200,5.90E-02,25,0,0,0,0,0,51181.27574,10662.76578,2185866.985,2132.553156
CP100705,Cal_Poly,2010-07-05, 00:00:00,NA,100,3.3,3.03,3.17,1.79,1.69,1.74,0,0,2.767015,0,1.53799204,200,0,25,0,0,0,0,0,116105.6718,14217.02104,265384.3927,9478.014027
CP100712,Cal_Poly,2010-07-12, 00:00:00,NA,100,8.09,9.03,8.56,2.35,2.07,2.21,NA,NA,NA,NA,NA,200,0,25,0,0,2132.553156,0,2132.553156,4265.106312,21325.53156,14927.87209,2132.553156
CP100719,Cal_Poly,2010-07-19, 00:00:00,NA,100,3.66,3.52,3.59,1.73,1.69,1.71,NA,NA,NA,NA,NA,200,6.70E-02,25,0,0,0,0,7108.51052,0,16586.52455,199038.2946,2369.503507
CP100726,Cal_Poly,2010-07-26, 00:00:00,NA,100,18.47,17.72,18.1,6.24,5.29,5.76,0.497841,0.20562,12.883674,0.101167,0.52843548,200,7.40E-02,25,0,0,4265.106312,2132.553156,6397.659468,100229.9983,83169.57308,3252143.563,4265.106312
CP100802,Cal_Poly,2010-08-02, 00:00:00,NA,100,10.16,9.78,9.97,3.28,4.08,3.68,0,0,4.393562,0,0.39270068,200,9.50E-02,25,0,0,0,0,4265.106312,138615.9551,12795.31894,1921430.394,4265.106312
CP100809,Cal_Poly,2010-08-09, 00:00:00,NA,100,8.48,8.9,8.69,4.72,4.27,4.5,0.409227,0.321015,11.921464,0,1.54926984,200,9.20E-02,25,0,0,21325.53156,2132.553156,23458.08472,488354.6727,8530.212624,110892.7641,12795.31894
CP100816,Cal_Poly,2010-08-16, 00:00:00,NA,100,1.66,1.73,1.7,0.85,0.78,0.82,11.285999,1.560001,28.173822,0.585047,7.736227,200,9.60E-02,25,0,0,0,0,0,2132.553156,0,8530.212624,2132.553156
CP100823,Cal_Poly,2010-08-23, 00:00:00,NA,100,6.67,6.97,6.82,2.7,2.76,2.73,4.514866,0.465663,15.817674,0.341252,1.8631458,200,0,25,0,0,0,0,0,6397.659468,23458.08472,125820.6362,0
CP100830,Cal_Poly,2010-08-30, 00:00:00,NA,100,2.66,2.79,2.72,2.26,2.34,2.3,15.740386,2.088504,27.49892,0.505032,51.805801,200,0,25,0,0,0,0,0,0,0,27723.19103,0
CP100906,Cal_Poly,2010-09-06, 00:00:00,NA,100,17.72,18.85,18.28,7.84,8.63,8.23,7.212838,1.300688,14.424116,0.419868,10.674946,200,0,25,0,0,0,0,2132.553156,34120.8505,108760.211,119422.9767,14927.87209
CP100913,Cal_Poly,2010-09-13, 00:00:00,NA,100,7.71,8.2,7.95,4.01,4.05,4.03,NA,NA,NA,NA,NA,200,5.20E-02,25,0,0,0,0,0,0,29855.74418,34120.8505,4265.106312
CP100920,Cal_Poly,2010-09-20, 00:00:00,NA,100,1.36,1.55,1.45,1.71,1.88,1.8,NA,NA,NA,NA,NA,200,4.40E-02,25,0,0,2132.553156,0,0,0,0,2132.553156,0
CP100927,Cal_Poly,2010-09-27, 00:00:00,NA,100,11.12,11.88,11.5,12.95,11.77,12.36,5.642109,2.092387,21.497793,0.486088,47.748634,200,6.30E-02,25,0,0,0,0,0,0,0,648296.1594,4265.106312
CP101004,Cal_Poly,2010-10-04, 00:00:00,NA,100,0.98,1.04,1.01,1.77,1.67,1.72,NA,NA,NA,NA,NA,200,0,25,0,0,0,0,0,0,14927.87209,2132.553156,0
CP101012,Cal_Poly,2010-10-12, 00:00:00,NA,100,4.15,4.22,4.18,1.45,1.42,1.44,5.072123,0.882562,13.938383,0.403508,24.968903,200,0.44,25,0,0,0,0,0,0,38385.95681,8530.212624,6397.659468
CP101019,Cal_Poly,2010-10-19, 14:40:00,NA,100,4.69,5.35,5.02,1.01,1.02,1.02,3.087427,0.521874,7.736384,0.369448,3.391157534,200,0,25,10662.76578,0,0,0,2132.553156,0,0,0,12795.31894
CP101026,Cal_Poly,2010-10-26, 15:14:00,NA,100,1.58,1.72,1.65,1.38,1.29,1.33,NA,NA,NA,NA,NA,NA,NA,25,0,0,0,0,0,8530.212624,0,4265.106312,0
CP101102,Cal_Poly,2010-11-02, 15:09:00,NA,100,6.14,6.05,6.1,7.74,7.77,7.76,NA,NA,NA,NA,NA,200,0,25,2132.553156,0,0,0,2132.553156,8530.212624,14927.87209,89567.23255,0
CP101109,Cal_Poly,2010-11-09, 15:33:00,NA,100,1.58,1.49,1.54,1.51,1.58,1.54,2.632896,0.364974,6.015672,0.335044,7.089911,200,0,25,2132.553156,0,0,0,0,10662.76578,0,6397.659468,2132.553156
CP101123,Cal_Poly,2010-11-23, 16:10:00,NA,100,2.49,2.71,2.6,2.3,2.36,2.33,5.624238,1.238142,15.419209,0.461142,12.787988,200,0,25,0,0,0,0,0,4265.106312,0,2132.553156,0
CP101130,Cal_Poly,2010-11-30, 16:30:00,NA,100,1.39,1.26,1.33,1.44,1.83,1.63,NA,NA,NA,NA,NA,200,5.10E-02,25,0,0,0,0,0,0,19192.9784,0,2132.553156
CP110128,Cal_Poly,2011-01-28, 13:00:00,16.7,100,NA,NA,NA,NA,NA,NA,15.550742,1.296283,23.260508,0.284562,81.073349,100,0,25,0,0,0,0,0,0,8533.169029,153597.0425,0
CP110201,Cal_Poly,2011-02-01, 14:15:00,NA,100,NA,NA,NA,NA,NA,NA,11.39921,0.777335,20.594025,0.197296,NA,200,4.94,25,0,0,0,0,0,0,725319.3674,0,0
CP110208,Cal_Poly,2011-02-08, 13:45:00,12,100,3.6,3.04,3.32,0.72,0.56,0.64,1.28594973,0,3.872878,NA,NA,200,2.97,25,0,0,0,0,0,17066.33806,51199.01417,0,0
CP110215,Cal_Poly,2011-02-15, 12:00:00,13,100,4.16,3.66,3.91,1.6,1.18,1.39,8.348631824,0.134228,9.899653,NA,114.705948,200,2.39,25,0,0,0,0,0,68265.35223,136530.7045,0,0
CP110222,Cal_Poly,2011-02-22, 13:00:00,12.2,100,0.52,0.51,0.51,0.14,0.12,0.13,4.389066756,0.266957,7.995102,NA,NA,200,NA,25,0,0,0,0,0,0,8533.169029,0,0
CP110301,Cal_Poly,2011-03-01, 12:45:00,11.5,100,2.96,2.68,2.82,0.5,0.48,0.49,21.299798,0.965356,38.249546,NA,NA,200,6.14,25,0,0,0,0,0,17066.33806,375459.4373,0,0
CP110310,Cal_Poly,2011-03-10, 14:30:00,13,100,1.01,0.91,0.96,0.29,0.26,0.28,16.37863728,0.728308,22.021822,NA,NA,200,0,25,0,0,0,0,0,0,34132.67611,0,0
CP110315,Cal_Poly,2011-03-15, 15:20:00,12,100,1.44,1.28,1.36,0.64,0.57,0.61,22.48417092,0.936056,29.669304,NA,189.747238,200,0,25,,,,,,,,,
CP110323,Cal_Poly,2011-03-23, 15:30:00,10.5,100,6.62,6.04,6.33,1.22,0.96,1.09,31.48731683,2.336344,65.151459,NA,NA,200,4.38,25,,,,,,,,,
CP110329,Cal_Poly,2011-03-29, 14:45:00,14,100,0.87,0.85,0.86,0.45,0.36,0.41,16.70427708,1.709579,54.11372,NA,NA,200,0.23,25,0,0,0,0,0,0,0,0,0
CP110405,Cal_Poly,2011-04-05, 15:00:00,16,100,1.62,1.65,1.63,0.27,0.26,0.27,17.39080258,1.167314,26.300158,NA,NA,200,0,25,0,0,0,0,0,0,0,0,8533.169029
CP110413,Cal_Poly,2011-04-13, 15:00:00,13,100,3.7,4.7,4.2,0.64,0.74,0.69,17.02691648,1.037982,25.509497,NA,NA,200,0.51,25,0,0,0,0,0,0,375459.4373,1160510.988,0
CP110421,Cal_Poly,2011-04-21, 13:00:00,14,100,16.64,16.6,16.62,3.12,3.2,3.16,1.985625164,0.233463,6.266245,NA,NA,200,7.30E-02,25,0,0,0,0,0,6397.659468,14927.87209,1049216.153,0
CP110428,Cal_Poly,2011-04-28, 14:15:00,13,100,21,4.3,12.65,7.6,32,19.8,2.393989872,0.503034,7.394374,NA,NA,200,0,25,0,0,0,0,0,0,0,1157976.364,0
CP110505,Cal_Poly,2011-05-05, 13:00:00,14,100,3.52,3.2,3.36,1.96,2.22,2.09,0,0,1.864246,NA,152.064301,200,0,25,0,0,0,0,0,0,0,1042818.493,0
CP110520,Cal_Poly,2011-05-20, 11:00:00,14,100,0.75,0.68,0.72,0.46,0.51,0.49,2.47701463,0.44207,7.353507,NA,NA,200,0,25,0,0,0,0,0,0,0,0,0
CP110603,Cal_Poly,2011-06-03, 12:15:00,14,100,24.9,17.6,21.25,12.4,10.2,11.3,0,0.282979,13.003901,NA,NA,200,0,25,0,0,0,0,0,0,0,594982.3305,0
CP110610,Cal_Poly,2011-06-10, 11:15:00,14,100,7.5,9.36,8.43,2.74,3.08,2.91,4.397536942,0.18111,5.883365,NA,NA,200,0,25,0,0,0,0,0,0,0,2559063.787,0
CP110624,Cal_Poly,2011-06-24, 11:15:00,16,100,0.96,0.96,0.96,0.4,0.38,0.39,1.873876344,0.348589,7.707541,NA,NA,200,0,25,0,0,0,0,0,0,0,76771.91362,2132.553156
CP110701,Cal_Poly,2011-07-01, 14:30:00,16,100,9.9,9.9,9.9,3.6,2.8,3.2,3.714996016,0.369237,13.418241,NA,NA,200,4.20E-02,25,0,6397.659468,0,0,0,0,14927.87209,1844658.48,0
CP110715,Cal_Poly,2011-07-15, 13:30:00,17,100,2.98,3.4,3.19,0.54,0.66,0.6,8.460077,1.050851,16.347836,0.40871768,4.9570079,200,0.05,25,0,0,0,0,0,38385.95681,6397.659468,142881.0615,0
CP110729,Cal_Poly,2011-07-29, 12:00:00,17,100,7.02,7.76,7.39,0.9,1,0.95,1.81087,0.467879,5.974268,0.16080044,1.786499,200,0.79,25,0,0,0,0,14927.87209,36253.40365,81037.01993,17060.42525,4265.106312
CP110812,Cal_Poly,2011-08-12, 15:30:00,17,100,14.5,14.02,14.26,2,1.76,1.88,4.734852,0.870122,12.065434,0.29713284,2.91988515,200,0.21,25,0,0,0,0,0,95964.89202,70374.25415,1281664.447,0
CP110829,Cal_Poly,2011-08-29, 15:30:00,17,100,1.66,2.6,2.13,0.4,0.64,0.52,1.676553,0.559913,3.113176,0,3.1976139,200,0.42,25,0,0,2132.553156,0,6397.659468,57578.93521,14927.87209,125820.6362,2132.553156
CP110927,Cal_Poly,2011-09-27, 15:30:00,17,100,3.36,3.26,3.31,0.68,0.72,0.7,3.377592,0.646818,11.005936,0.23803308,1.8911243,200,0,25,0,0,0,0,0,0,0,0,34132.67611
CP111013,Cal_Poly,2011-10-13, 16:30:00,16,100,3.02,2.68,2.85,0.62,0.56,0.59,10.774426,1.338122,25.171032,0.57781404,2.27988345,200,0.04,25,0,0,0,0,0,17066.33806,0,0,0
CP111031,Cal_Poly,2011-10-31, 15:45:00,15,100,4.84,5.04,4.94,0.54,0.52,0.53,2.085768,0.433261,4.786852,0.11674368,1.0639837,200,0,25,0,42665.84514,0,0,17066.33806,34132.67611,2346621.483,17066.33806,0
CP111117,Cal_Poly,2011-11-17, 15:00:00,14,100,6.86,5.78,6.32,0.34,0.4,0.37,4.56509,0.57219,3.641088,0,2.43330945,200,0.37,25,0,42665.84514,0,0,0,0,1467705.073,375459.4373,25599.50709
CP111203,Cal_Poly,2011-12-03, 15:30:00,13,100,NA,NA,NA,NA,NA,NA,7.330919,1.059287,16.028843,0.29454192,3.8185654,200,0,25,0,0,0,0,0,0,51199.01417,8533.169029,0
CP111217,Cal_Poly,2011-12-17, 13:30:00,13.5,100,NA,NA,NA,NA,NA,NA,7.684988,0.856778,13.106708,0.223288,1.9042556,200,0,25,0,0,8533.169029,0,0,0,0,0,0
CP120102,Cal_Poly,2012-01-02, 14:30:00,13.7,100,NA,NA,NA,NA,NA,NA,NA,NA,NA,NA,NA,200,0,25,0,0,0,0,0,34120.8505,0,356136.3771,0
CP120118,Cal_Poly,2012-01-18, 13:30:00,12.7,100,NA,NA,NA,NA,NA,NA,19.772114,1.416096,14.582518,0.34259,1.4943539,200,0,25,0,0,0,0,0,0,4265.106312,14927.87209,0
CP120131,Cal_Poly,2012-01-31, 09:00:00,12.3,100,NA,NA,NA,NA,NA,NA,18.168646,1.551604,22.027166,0.412164,2.05274355,200,0,25,0,0,0,0,0,0,2132.553156,19192.9784,0
CP120215,Cal_Poly,2012-02-15, 12:30:00,11.9,100,NA,NA,NA,NA,NA,NA,11.708673,1.089462,13.172419,0.300641,2.82978475,200,0,25,0,0,0,0,0,0,0,36253.40365,0
CP120303,Cal_Poly,2012-03-03, 13:00:00,12.2,100,NA,NA,NA,NA,NA,NA,21.781946,1.548859,24.015808,0.330471,1.67040835,200,0,25,0,0,0,0,0,0,0,4265.106312,0
CP120321,Cal_Poly,2012-03-21, 15:45:00,13,100,NA,NA,NA,NA,NA,NA,17.121046,1.343095,21.356913,0.30505,1.6481829,NA,NA,25,0,0,0,0,0,0,19192.9784,34120.8505,0
CP120404,Cal_Poly,2012-04-04, 14:30:00,12.9,100,3.68,4.22,3.95,1.6,1.94,1.77,25.662979,2.351421,31.10001319,0.485685,2.7746466,200,0,25,0,0,0,0,0,0,6397.659468,240978.5066,0
CP120418,Cal_Poly,2012-04-18, 15:00:00,13.8,100,1.01,1.56,1.29,0.46,0.72,0.59,20.880726,1.6566727,25.17751534,0.315892,2.0023608,200,0,25,0,0,0,0,0,0,0,4265.106312,0
CP120502,Cal_Poly,2012-05-02, 14:30:00,13.8,100,NA,NA,NA,NA,NA,NA,12.568517,1.30023175,18.54008246,0.307676,2.352015,200,0,25,0,0,0,0,0,0,4265.106312,14927.87209,0
CP120517,Cal_Poly,2012-05-17, 14:30:00,15.2,100,1.48,1.6,1.54,0.54,0.64,0.59,21.12665,2.10093545,32.04306313,0.452827,0.6662772,200,0,25,0,0,0,0,0,0,10662.76578,14927.87209,0
CP120604,Cal_Poly,2012-06-04, 14:30:00,15,100,2.72,3.08,2.9,2,2.42,2.21,1.19388,0.4179126,7.458170196,0.170847,1.1293986,200,0,25,,,,,,,,,
CP120614,Cal_Poly,2012-06-14, 16:00:00,15.3,100,3.8,3.62,3.71,1.72,1.88,1.8,0.967607,0.2430385,0,0,0.4995762,200,0.48,25,0,0,0,0,0,0,40518.50996,562994.0332,2132.553156
CP120629,Cal_Poly,2012-06-29, 15:30:00,16.1,100,4.5,4.02,4.26,1.26,1.02,1.14,1.054815,0.3197415,1.093663867,0.107622,0.8268498,200,0.29,25,0,0,2132.553156,0,2132.553156,0,29855.74418,59711.48837,2132.553156
CP120711,Cal_Poly,2012-07-11, 11:15:00,15.9,100,3.22,3,3.11,1.08,1.2,1.14,NA,NA,NA,NA,NA,200,0.39,25,0,2132.553156,0,0,0,0,59711.48837,25590.63787,8530.212624
CP120728,Cal_Poly,2012-07-28, 12:45:00,13.9,100,2.8,2.88,2.84,1.1,1.02,1.06,1.171529,0.4197803,3.939900475,0.158314,1.593435,200,0,25,0,0,2132.553156,0,0,0,2132.553156,0,8530.212624
CP120813,Cal_Poly,2012-08-13, 14:55:00,15.9,100,14.5,13.5,14,4.2,4.8,4.5,0.490877,0.17505,2.169864,0,0,200,0,25,0,0,533.0767257,0,0,9062.304337,0,330507.5699,2132.306903
CP120824,Cal_Poly,2012-08-24, 12:15:00,11,100,5.04,5.28,5.16,2.26,2,2.13,2.146006,0.405221,2.337341,0.162849,0.35925467,200,7.00E-02,25,0,0,0,0,0,22922.2992,5863.843983,195106.0816,2665.383628
CP120907,Cal_Poly,2012-09-07, 15:00:00,NA,100,6.1,6.18,6.14,1.64,2.04,1.84,3.164287,0.814143,10.331311,0.373067,0.89618128,200,0,25,0,0,0,0,0,0,7996.150885,60770.74673,1066.153451
CP120920,Cal_Poly,2012-09-20, 16:40:00,15.9,100,6.32,5.64,5.98,2.66,2.32,2.49,0.652656,0.323843,4.202545,0,0.58442827,200,0.79,25,0,0,533.0767257,0,533.0767257,0,10661.53451,242016.8335,11194.61124
CP121004,Cal_Poly,2012-10-04, 17:20:00,15.8,100,4.32,4.32,4.32,1.6,1.64,1.62,1.367513,0.714604,13.51394,0.256233,1.24860664,200,0,25,0,0,533.0767257,0,533.0767257,0,0,0,6929.997434
CP121019,Cal_Poly,2012-10-19, 16:40:00,17,100,3.68,2.84,3.26,1.12,0.86,0.99,2.686003,0.635113,4.232571,0.201405,0.88342582,200,4.42,25,0,0,0,0,0,3198.460354,39447.6777,3731.53708,533.0767257
CP121102,Cal_Poly,2012-11-02, 16:15:00,15,100,2.18,2.24,2.21,1.04,1.22,1.13,3.281446,0.784296,8.453966,0.259121,1.384019,200,0,25,0,0,0,0,0,0,533.0767257,3198.460354,2132.306903
CP121116,Cal_Poly,2012-11-16, 07:15:00,13,100,2.62,2.96,2.79,1.42,1.4,1.41,14.063588,1.420099,11.402501,0.390268,2.69909902,200,0,25,0,0,0,1066.153451,0,0,2132.306903,1599.230177,533.0767257
CP121129,Cal_Poly,2012-11-29, 06:35:00,13,100,1.78,1.54,1.66,1.32,1.38,1.35,3.197599,0.804314,7.610494,0.376968,2.56428095,200,0,25,0,0,0,0,0,0,533.0767257,2132.306903,0
CP121206,Cal_Poly,2012-12-06, 09:00:00,15,100,NA,NA,NA,NA,NA,NA,5.501805,1.049954,8.126878,0.299213,2.20281193,200,0,25,0,0,0,533.0767257,0,2665.383628,0,2665.383628,9062.304337
CP121214,Cal_Poly,2012-12-14, 10:10:00,12,100,1.4,2.34,1.87,0.96,1.46,1.21,4.609815,0.691435,8.113379,0.374007,1.32986893,200,0,25,0,0,0,0,0,0,0,2665.383628,533.0767257
CP121231,Cal_Poly,2012-12-31, 09:35:00,12,100,1.38,1.42,1.4,1.14,1.14,1.14,7.632955,0.859489,13.549623,0.415084,1.176865228,200,0,25,0,0,0,0,0,0,533.0767257,1599.230177,1066.153451
CP130111,Cal_Poly,2013-01-11, 13:30:00,12,100,1,1.3,1.15,1.48,1.72,1.6,14.318604,0,20.128668,0.441312,2.05102819,200,0,25,0,0,0,0,0,0,0,3731.53708,0
CP130118,Cal_Poly,2013-01-18, 16:15:00,12,100,NA,NA,NA,NA,NA,NA,28.545015,1.946173,30.286093,0.485564,2.646679687,200,0,25,0,0,0,0,0,0,0,6929.997434,0
CP130125,Cal_Poly,2013-01-25, 13:30:00,12,100,NA,NA,NA,NA,NA,NA,8.776678,0.961363,8.463002,0.128111,1.237969226,200,0,25,0,0,0,1066.153451,0,0,0,1599.230177,4797.690531
CP130201,Cal_Poly,2013-02-01, 14:30:00,11.5,100,1.22,1.16,1.19,0.53,0.66,0.59,5.546245,1.010334,8.704366,0.189105,2.306479133,200,0,25,0,1066.153451,0,533.0767257,0,0,1066.153451,2132.306903,2132.306903
CP130208,Cal_Poly,2013-02-08, 13:30:00,11,100,NA,NA,NA,NA,NA,NA,6.09646,0.816967,8.182496,0.19172,1.016864654,200,0,25,0,1066.153451,0,0,0,0,0,16525.3785,1599.230177
CP130213,Cal_Poly,2013-02-13, 16:15:00,12,100,1.98,2.2,2.09,0.18,0.18,0.18,8.941235,0.984483,10.840867,0.262876,2.286915199,200,0,25,0,533.0767257,0,0,0,2665.383628,3198.460354,22922.2992,1066.153451
CP130222,Cal_Poly,2013-02-22, 13:45:00,12,100,NA,NA,NA,NA,NA,NA,5.180599,0.762582,8.181112,0.193841,0.757692663,200,0,25,0,0,0,0,0,0,1599.230177,80494.58558,0
CP130302,Cal_Poly,2013-03-02, 18:15:00,12,100,4.02,4.04,4.03,1.5,1.24,1.37,14.413478,1.324233,20.474207,0.292878,0.840867563,200,0,25,0,0,0,0,0,7996.150885,533.0767257,26120.75956,0
CP130308,Cal_Poly,2013-03-08, 13:20:00,11,100,12.9,5.32,9.11,1.4,0.96,1.18,5.052691,0.850188,6.204578,0.177464,0.279616306,200,0,25,0,533.0767257,0,0,0,5330.767257,2665.383628,13859.99487,1599.230177
CP130315,Cal_Poly,2013-03-15, 17:00:00,15,100,21.1,21.8,21.45,2.8,3.2,3,3.160502,0.236512,1.565691,0,0.225281265,200,0,25,0,0,0,0,1066.153451,0,21323.06903,301721.4267,533.0767257
CP130320,Cal_Poly,2013-03-20, 12:20:00,12,100,8.4,14.2,11.3,16.4,5.8,11.1,0.379746,0.227741,0,0,0.368243296,200,0,25,0,2132.306903,0,0,1066.153451,14393.07159,13859.99487,364091.4036,533.0767257
CP130401,Cal_Poly,2013-04-01, 13:50:00,14,100,2.3,2.18,2.24,0.74,0.7,0.72,5.69578,0.564249,1.880467,0,0.979847114,200,0,25,0,0,0,0,1599.230177,2132.306903,33050.75699,165786.8617,2132.306903
CP130405,Cal_Poly,2013-04-05, 11:45:00,14,100,0.39,0.67,0.53,0.43,0.38,0.41,0.774063,0.241052,0,0,0.468016677,200,0,25,0,0,0,0,0,2665.383628,3731.53708,28786.14319,0
CP130412,Cal_Poly,2013-04-12, 10:30:00,9,100,4.04,3.92,3.98,0.96,1.06,1.01,19.730701,1.854611,25.484558,0.243384,1.627945189,200,0,25,0,0,0,0,533.0767257,2132.306903,0,9062.304337,533.0767257
CP130417,Cal_Poly,2013-04-17, 15:45:00,12,100,4.02,7.89,6,1.12,2.16,1.64,6.221192365,0.67395945,12.51462051,0.26048042,0.6250089,200,0.1,25,0,0,0,533.0767257,533.0767257,40513.83115,39447.6777,291592.969,0
CP130423,Cal_Poly,2013-04-23, 12:30:00,14,100,3.79,3.82,3.81,1.02,1.03,1.03,12.67158282,0.81673305,3.87869984,0.23386847,0.784126248,200,0.09,25,0,0,0,0,0,4797.690531,39447.6777,255343.7516,533.0767257
CP130501,Cal_Poly,2013-05-01, 10:45:00,14,100,1.76,1.06,1.41,1.02,0.61,0.82,9.47807991,0.95729505,6.49844613,0.19170257,1.835787961,200,0,25,0,0,533.0767257,0,0,6929.997434,10128.45779,18124.60867,1066.153451
CP130511,Cal_Poly,2013-05-11, 12:00:00,14.5,100,2.96,2.7,2.83,0.8,0.7,0.75,7.646708656,0.58844425,7.40278201,0.23117866,1.340186175,200,0,25,0,0,5863.843983,0,0,23988.45266,19190.76212,8529.227611,3198.460354
CP130517,Cal_Poly,2013-05-17, 11:10:00,13,100,12.52,NA,12.52,2.16,NA,2.16,3.668074016,0.5203302,10.22791133,0.16035314,0.61332085,200,0.05,25,0,0,0,0,0,44245.36823,123673.8004,413134.4624,3731.53708
CP130524,Cal_Poly,2013-05-24, 03:15:00,11.67,100,8.34,8,8.17,2.1,1.84,1.97,8.201844036,0.7471693,16.25439189,0.26490556,0.46872183,200,0,25,0,0,0,0,0,24521.52938,356628.3295,164187.6315,533.0767257
CP130531,Cal_Poly,2013-05-31, 10:45:00,12.2,100,14.5,17.9,16.2,12.8,4.9,8.85,0.907497451,0.31253955,15.66865149,0.14410273,0.270032367,200,0,25,0,0,0,0,0,88490.73646,271869.1301,551201.3344,533.0767257
CP130607,Cal_Poly,2013-06-07, 13:00:00,13.89,100,2.26,2.5,2.38,0.8,0.7,0.75,0.24930398,0.1136162,1.11955953,0,1.2545754,200,0,25,0,0,533.0767257,0,0,2665.383628,36249.21735,27186.91301,533.0767257
CP130617,Cal_Poly,2013-06-17, 17:30:00,14.4,100,3.14,3.12,3.13,0.96,0.98,0.97,1.37310594,0.53927225,11.51029738,0.19930171,2.242863929,200,0,25,0,0,533.0767257,0,0,1066.153451,0,5863.843983,0
CP130627,Cal_Poly,2013-06-27, 09:00:00,14.51,100,16.6,1.6,9.1,4.5,0.41,2.46,4.10880298,0.8014352,6.25889903,0.16554862,0.986403311,NA,NA,25,0,2132.306903,1066.153451,2132.306903,533.0767257,12793.84142,800681.242,103949.9615,25054.60611
CP130702,Cal_Poly,2013-07-02, 08:45:00,13.33,100,5.06,4.86,4.96,1.74,1.82,1.78,0.48788726,0.32088435,2.08694583,0,1.100081042,200,0,25,0,0,533.0767257,0,533.0767257,36249.21735,391278.3167,13326.91814,8529.227611
CP130711,Cal_Poly,2013-07-11, 09:30:00,15.2,100,1.42,1.23,1.32,0.72,0.6,0.66,8.53398364,1.3246515,10.64109377,0.28522334,4.629730914,200,0,25,0,0,2665.383628,1066.153451,1066.153451,0,533.0767257,1066.153451,6396.920708
CP130718,Cal_Poly,2013-07-18, 09:30:00,13.3,100,2.42,2.7,2.56,0.7,0.82,0.76,11.34570694,1.62656055,27.48041442,0.49767953,4.896852528,200,0,25,0,0,0,0,533.0767257,13326.91814,11727.68797,1599.230177,4797.690531
CP130725,Cal_Poly,2013-07-25, 09:20:00,14.3,100,4.02,5.96,4.99,1.48,2,0.74,3.51965704,0.48715715,3.9742344,0,0.598448661,200,0.09,25,0,0,1599.230177,0,2665.383628,411535.2322,349698.3321,3198.460354,7996.150885
CP130801,Cal_Poly,2013-08-01, 09:00:00,NA,100,3.82,5.8,4.81,1.26,2.04,1.65,1.65839688,0.5315668,4.7658512,0.17061493,2.087846367,200,0,25,0,1066.153451,2665.383628,2665.383628,6396.920708,2132.306903,4264.613805,12793.84142,51708.44239
CP130807,Cal_Poly,2013-08-07, 14:45:00,14.82,100,13.9,13.9,13.9,3.7,4,3.85,0.68418088,0.5560293,7.42662754,0.13172569,0.498759804,200,NA,25,0,0,1066.153451,0,1599.230177,50109.21221,126872.2607,681272.0554,4264.613805
CP130815,Cal_Poly,2013-08-15, 09:30:00,16.01,100,3.5,3.36,3.43,0.9,1.02,0.96,0,0.1221871,1.03392636,0,1.262104744,NA,NA,25,0,0,0,0,533.0767257,27719.98974,14393.07159,128471.4909,1066.153451
CP130821,Cal_Poly,2013-08-21, 10:00:00,15.3,100,2.52,2.08,2.3,0.74,0.54,0.64,2.29868728,0.5781586,7.80333871,0.10408554,1.265388844,200,0.5,25,0,0,0,0,0,0,0,43712.29151,8529.227611
CP130829,Cal_Poly,2013-08-29, 10:30:00,14.07,100,2.7,3.32,3.01,0.76,0.94,0.85,6.263946351,1.446058,14.324618,0.322465,4.718025767,200,0,25,0,0,0,0,0,0,1599.230177,2132.306903,1599.230177
CP130905,Cal_Poly,2013-09-05, 11:30:00,16.5,100,5.18,4.94,5.06,1.66,1.66,1.66,1.250509359,0.644219,3.756341,0.130524,1.757775404,200,0,25,0,0,0,0,0,14393.07159,30918.45009,4797.690531,8529.227611
CP130912,Cal_Poly,2013-09-12, 14:00:00,15.8,100,6.54,6.98,6.76,1.54,1.3,1.42,2.647957039,0.683632,10.381182,0.211256,0.906000797,200,0.1,25,0,0,0,0,1066.153451,38914.60098,69299.97434,294258.3526,4797.690531
CP130919,Cal_Poly,2013-09-19, 11:30:00,13.5,100,8.04,8.08,8.06,1.8,1.74,1.77,3.300161382,0.967015,14.844698,0.247183,0.363662357,200,0.08,25,0,0,0,0,0,47976.90531,266005.2861,526146.7283,2132.306903
CP130928,Cal_Poly,2013-09-28, 14:00:00,NA,100,10.9,13.8,12.35,2.3,2.5,2.4,0.479556634,0.200491,1.679981,0,0.32671286,200,0.09,25,0,0,0,0,533.0767257,268670.6697,579454.4008,309184.5009,533.0767257
CP131004,Cal_Poly,2013-10-04, 17:00:00,NA,100,2.76,2.56,2.66,0.68,0.72,0.7,1.283862186,0.669403,5.673223,0,1.980363378,200,0.1,25,0,0,0,0,0,50109.21221,226024.5317,230822.2222,0
CP131012,Cal_Poly,2013-10-12, 11:00:00,13.8,100,1.72,1.72,1.72,1.16,1.12,1.14,0.523287335,0.359095,0,0,0.637374797,200,0.8,25,0,0,0,0,0,6396.920708,13859.99487,81560.73903,5863.843983
CP131017,Cal_Poly,2013-10-17, 16:00:00,15.4,100,2.5,2.58,2.54,0.7,0.7,0.7,2.197277403,0.508775,4.408075,0.196683,0.918592266,200,0,25,0,0,2665.383628,0,3731.53708,2132.306903,0,22922.2992,21856.14575
CP131025,Cal_Poly,2013-10-25, 09:15:00,14.56,100,4.6,4.06,4.33,1.08,1.44,1.26,3.194119552,0.902671,12.259055,0.329112,3.397003117,200,0,25,0,0,0,0,533.0767257,0,0,533.0767257,19723.83885
CP131102,Cal_Poly,2013-11-02, 11:45:00,13.97,100,2.7,2.76,2.73,0.6,0.64,0.62,7.876650543,1.117717,15.807096,0.430439,2.05072734,200,0.1,25,0,0,0,0,0,0,9062.304337,76229.97177,3198.460354
CP131111,Cal_Poly,2013-11-11, 13:20:00,14.2,100,7.1,6.72,6.91,1.16,1.42,1.29,0.722754912,0.2566,4.160783,0.131727,0.90001963,200,0.1,25,0,0,0,0,1599.230177,0,7463.07416,170584.5522,14926.14832
CP131117,Cal_Poly,2013-11-17, 15:30:00,NA,100,6.6,5.8,6.2,1.26,1.42,1.34,2.605860411,0.790457,13.507371,0.209038,0.979867514,200,0,25,0,0,533.0767257,0,0,0,0,0,38914.60098
CP131125,Cal_Poly,2013-11-25, 07:45:00,NA,100,18.5,12.5,15.5,4.1,3.4,3.75,1.547753114,0.729657,7.712098,0.197827,1.345629346,200,0.3,25,0,0,0,0,533.0767257,14393.07159,57039.20965,262273.749,97019.96407
CP131201,Cal_Poly,2013-12-01, 12:00:00,NA,100,1.64,1.56,1.6,0.66,0.62,0.64,0.938475412,0.494875,4.86375,0.144921,1.342231132,200,0,25,0,0,533.0767257,0,533.0767257,2132.306903,0,18124.60867,1599.230177
CP131208,Cal_Poly,2013-12-08, 15:00:00,12.674,100,2.66,2.5,2.58,0.7,0.7,0.7,8.752454137,1.137391,12.885051,0.314532,3.029456232,200,0,25,0,0,0,0,1599.230177,0,0,4797.690531,9062.304337
CP131213,Cal_Poly,2013-12-13, 12:20:00,11.9,100,4.8,4.54,4.67,1.16,1.1,1.13,12.07119577,1.331284,18.270104,0.48689,1.498940093,200,0,25,0,0,0,0,2665.383628,0,5330.767257,4264.613805,5863.843983
CP131218,Cal_Poly,2013-12-18, 13:10:00,12.8,100,9.5,7.5,8.5,1.9,2.7,2.3,1.291244,0.394212,1.839741,0,1.43929101,200,0,25,0,0,1066.153451,0,3198.460354,0,0,47976.90531,22922.2992
CP140105,Cal_Poly,2014-01-05, 14:15:00,13.6,100,1.82,1.64,1.73,0.54,0.54,0.54,3.119244,0.653444,5.632697,0.14974,3.482861902,200,0,25,0,0,1066.153451,0,533.0767257,2132.306903,1066.153451,2665.383628,19723.83885
CP140110,Cal_Poly,2014-01-10, 11:45:00,13.5,100,1.05,1.06,1.06,0.5,0.55,0.53,13.123105,1.412779,12.132702,0.230987,4.155934578,200,0,25,0,0,0,0,0,2132.306903,0,5863.843983,6396.920708
CP140117,Cal_Poly,2014-01-17, 12:10:00,13,100,1.25,1.15,1.2,0.6,0.54,0.57,7.942463,0.875067,10.684196,0.252444,1.584953838,200,0,25,0,0,0,0,0,0,0,9595.381062,3731.53708
CP140124,Cal_Poly,2014-01-24, 12:15:00,13.5,100,1.34,1.34,1.34,0.94,1,0.97,5.001678,0.668572,5.953798,0.161938,2.381254692,200,0,25,0,0,533.0767257,0,0,0,0,533.0767257,5863.843983
CP140131,Cal_Poly,2014-01-31, 12:40:00,13,100,0.93,1.39,1.16,0.67,-0.28,0.2,3.066102,0.83191,3.751854,0,3.903935,200,0,25,0,0,1066.153451,0,0,0,0,0,4797.690531
CP140217,Cal_Poly,2014-02-17, 11:10:00,11.9,100,1.54,1.42,1.48,6.6,6.4,6.5,7.368436,1.081641,11.6233,0.420771,3.991302126,200,0,25,0,0,0,0,0,1599.230177,0,533.0767257,0
CP140223,Cal_Poly,2014-02-23, 13:00:00,13.2,100,1.11,1.04,1.08,0.44,0.46,0.45,10.450067,0.924029,12.657811,0.28706,2.843600228,200,0,25,0,0,0,0,0,0,0,1066.153451,1066.153451
CP140302,Cal_Poly,2014-03-02, 12:30:00,13.6,100,1.54,1.38,1.46,1.84,1.74,1.79,13.572192,1.498024,16.7134,0.297749,4.753725254,200,0,25,0,0,0,0,0,0,0,1066.153451,533.0767257
CP140309,Cal_Poly,2014-03-09, 16:15:00,14.5,100,2.08,2.14,2.11,0.8,0.82,0.81,4.921453,0.418438,6.786863,0.172071,1.673696442,200,0,25,0,0,0,533.0767257,533.0767257,0,0,3198.460354,2665.383628
CP140317,Cal_Poly,2014-03-17, 09:45:00,13.1,100,2.24,2.2,2.22,1.38,1.32,1.35,6.559897,0.775659,6.473863,0,2.72687631,200,0,25,0,0,533.0767257,533.0767257,533.0767257,5330.767257,4264.613805,150327.6366,1066.153451
CP140330,Cal_Poly,2014-03-30, 13:20:00,12.7,100,4.44,5.08,4.76,4.42,2.52,3.48,4.077685,0.657472,3.345412,0.132209,2.745507182,200,0,25,0,0,0,533.0767257,0,0,54373.82602,347032.9484,0
CP140407,Cal_Poly,2014-04-07, 08:35:00,12.5,100,2.76,3.06,2.91,1.28,1.42,1.35,11.521044,1.127138,12.028435,0.23269,2.305742256,200,0,25,0,0,0,0,0,19190.76212,37315.3708,382216.0123,2132.306903
CP140414,Cal_Poly,2014-04-14, 09:15:00,10.9,100,8.9,8,8.45,2.7,2.8,2.75,13.153743,1.13332,5.361636,0.268201,4.01930641,200,0,25,0,0,0,1066.153451,0,84759.19938,127405.3374,790552.7842,2665.383628
CP140421,Cal_Poly,2014-04-21, 09:00:00,14.1,100,12.6,11.2,11.9,5.6,9.4,7.5,6.88629,0.692883,3.690046,0,1.56229931,200,0.05,25,0,0,0,533.0767257,0,163654.5548,386480.6261,768696.6384,1599.230177
CP140428,Cal_Poly,2014-04-28, 09:00:00,11.2,100,1.98,2.12,2.05,1.38,1.7,1.54,18.161221,1.520295,18.4755,0.357838,3.85363875,200,0,25,0,0,0,0,0,19190.76212,53307.67257,57039.20965,1599.230177
CP140505,Cal_Poly,2014-05-05, 09:15:00,NA,100,3.64,3.57,3.61,1.95,2.05,2,1.07772,0.290965,2.21532,0,1.06901743,200,0.08,25,0,0,0,533.0767257,0,29319.21991,159389.941,350764.4855,6929.997434
CP140512,Cal_Poly,2014-05-12, 09:15:00,11.6,100,13.6,13.7,13.65,4.7,3.5,4.1,7.78008,0.778877,8.82535,0.289965,1.584763486,200,0.173062089,25,0,0,0,533.0767257,0,0,363558.3269,882775.0577,4264.613805
CP140519,Cal_Poly,2014-05-19, 09:20:00,15.9,100,2.66,2.92,2.79,0.88,1.27,1.07,2.16975,0.451923,1.372047,0,2.649286548,200,0,25,0,0,0,0,0,21323.06903,49576.13549,109813.8055,1066.153451
CP140602,Cal_Poly,2014-06-02, 10:00:00,NA,100,1.82,1.17,1.5,0.56,0.36,0.46,2.00748052,0.60066748,4.177414,0.217199827,2.583022923,200,5.35E-02,25,0,0,0,0,0,73564.58814,115144.5727,47976.90531,1066.153451
CP140611,Cal_Poly,2014-06-11, 15:00:00,NA,100,7.04,7.34,7.19,0.92,0.94,0.93,0.60209236,0.13886208,0,0,0.719688123,200,0,25,0,0,0,0,0,47976.90531,212697.6135,260674.5189,3731.53708
CP140624,Cal_Poly,2014-06-24, 18:15:00,NA,100,6.98,7.28,7.13,0.4,0.74,0.57,0.3583306,0.15354346,0,0,0.70790885,200,0,25,0,0,0,0,0,1066.153451,17591.53195,389679.0865,7996.150885
CP140630,Cal_Poly,2014-06-30, 16:40:00,NA,100,2.3,2.46,2.38,0.4,0.38,0.39,0.39917899,0.38737538,4.728121,0,0.754602162,200,0,25,0,0,0,0,0,4264.613805,3731.53708,61836.90018,6929.997434
CP140707,Cal_Poly,2014-07-07, 18:15:00,NA,100,2.86,2.62,2.74,0.62,0.72,0.67,1.87673023,0.37348486,3.381042,0.127717931,0.548434844,200,0,25,0,0,1066.153451,0,533.0767257,17058.45522,26653.83628,11727.68797,6929.997434
CP140717,Cal_Poly,2014-07-17, 18:30:00,NA,100,7.4,7.64,7.52,3.52,3.48,3.5,0.32110264,0.2099405,6.050449,0,0.545043325,200,0,25,0,0,1599.230177,1066.153451,0,0,3731.53708,314515.2682,11194.61124
CP140721,Cal_Poly,2014-07-21, 19:00:00,NA,100,5.14,5.34,5.24,1.84,1.7,1.77,0.41421016,0.26740672,3.682182,0,0.852316472,NA,NA,25,0,0,1599.230177,533.0767257,1066.153451,0,1066.153451,49043.05876,18124.60867
CP140727,Cal_Poly,2014-07-27, 06:50:00,NA,100,7.62,8.22,7.92,3.46,2.8,3.13,0.91100602,0.67246914,9.135855,0.199892352,1.058387016,200,0,25,0,1599.230177,23455.37593,0,1599.230177,0,3731.53708,43712.29151,23988.45266
CP140805,Cal_Poly,2014-08-05, 13:30:00,NA,100,2.6,2.3,2.45,0.52,0.5,0.51,0.40806919,0.333641,5.978147,0,0.423052011,200,0,25,0,0,2665.383628,0,0,1066.153451,0,10128.45779,10661.53451
CP140811,Cal_Poly,2014-08-11, 17:05:00,NA,100,4.82,5.1,4.96,1.52,1.66,1.59,1.36791676,0.43726326,7.816272,0.185780417,2.4682671,200,0,25,0,0,533.0767257,1599.230177,0,27719.98974,0,50109.21221,10128.45779
CP140818,Cal_Poly,2014-08-18, 08:15:00,NA,100,5.48,4.78,5.13,1.52,1.26,1.39,0.26179273,0.51139144,2.832605,0.106846072,1.471160025,200,0,25,0,0,0,533.0767257,0,0,2132.306903,20256.91558,3731.53708
CP140826,Cal_Poly,2014-08-26, 19:15:00,NA,100,4.64,6.8,5.72,1.38,2,1.69,0.39726829,0.65362374,9.152962,0.1389397,0.995248884,200,0,25,0,0,0,0,5863.843983,1599.230177,1066.153451,59171.51655,15459.22504
CP140901,Cal_Poly,2014-09-01, 08:00:00,NA,100,3.02,2.92,2.97,1.12,1.06,1.09,0.64078552,0.43957802,5.624497,0.127854764,1.832957599,200,0,25,0,0,0,0,0,0,0,2665.383628,14926.14832
CP140908,Cal_Poly,2014-09-08, 16:45:00,NA,100,8.9,11.5,10.2,2.1,2.4,2.25,0.33844335,0.52154496,13.417842,0,1.611524154,200,0,25,0,0,1066.153451,1066.153451,533.0767257,0,0,24521.52938,21856.14575
CP140915,Cal_Poly,2014-09-15, 11:45:00,NA,100,2.34,2.38,2.36,0.66,0.56,0.61,2.0038977,0.63394368,9.940967,0,1.346709542,200,0,25,0,0,0,0,533.0767257,8529.227611,0,26120.75956,2665.383628
CP140921,Cal_Poly,2014-09-21, 14:40:00,NA,100,5.9,6.26,6.08,1.48,1.42,1.45,0.449274,0.39580224,7.004947,0,0.853412934,200,0,25,0,0,0,533.0767257,0,0,0,20789.9923,44778.44496
CP140929,Cal_Poly,2014-09-29, 13:20:00,NA,100,1.68,1.45,1.57,0.42,0.37,0.4,3.93643845,0.64459968,11.228552,0.286582,0.486835619,200,0,25,0,0,0,0,1599.230177,0,0,14393.07159,7463.07416
CP141006,Cal_Poly,2014-10-06, 18:40:00,NA,100,2.42,2.44,2.43,0.56,0.58,0.57,1.19234325,0.310392,2.455507,0,1.632986789,200,0,25,0,0,0,0,3731.53708,0,3198.460354,533.0767257,22922.2992
CP141012,Cal_Poly,2014-10-12, 19:00:00,NA,100,6.25,4.76,5.51,2.4,1.78,2.09,NA,NA,NA,NA,NA,200,0,25,0,0,0,0,4797.690531,0,0,0,27186.91301
CP141020,Cal_Poly,2014-10-20, 18:45:00,NA,100,7.39,3.4,5.4,2.42,1.13,1.78,0.40407675,0.24808416,4.662349,0,1.203790302,200,0,25,0,0,0,0,5863.843983,0,17058.45522,9062.304337,30918.45009
CP141026,Cal_Poly,2014-10-26, 17:30:00,NA,100,2.89,3.17,3.03,1.44,1.56,1.5,2.9695197,0.88526016,13.706128,0.604354,3.017333484,200,0,25,0,0,0,0,1066.153451,0,3198.460354,11194.61124,3731.53708
CP141103,Cal_Poly,2014-11-03, 17:00:00,NA,100,5.54,6.44,5.99,1.72,1.72,1.72,1.40845215,0.3999024,4.946117,0.120247,0.841038453,200,0,25,0,0,0,0,12260.76469,0,0,2132.306903,8529.227611
CP141110,Cal_Poly,2014-11-10, 17:20:00,NA,100,6.79,6.27,6.53,2.02,2.66,2.34,1.8327309,0.60144768,6.022107,0.101992,1.64967684,200,0,25,0,0,0,533.0767257,2132.306903,0,0,12793.84142,4797.690531
CP141116,Cal_Poly,2014-11-16, 11:05:00,NA,100,2.52,2.54,2.53,0.72,0.74,0.73,1.79126535,0.49928736,10.019147,0.235285,1.145047992,200,0,25,0,0,0,0,4797.690531,0,0,533.0767257,4797.690531
CP141123,Cal_Poly,2014-11-23, 15:20:00,NA,100,3.12,2.7,2.91,0.46,0.42,0.44,2.4588312,0.58008288,7.908234,0.189582,2.297015601,200,0,25,0,0,0,0,0,0,0,0,14926.14832
CP141130,Cal_Poly,2014-11-30, 16:00:00,NA,100,NA,NA,NA,NA,NA,NA,1.9457046,0.41906208,9.275003,0.252816,1.360929551,200,0,25,0,0,0,0,0,0,0,3731.53708,2665.383628
CP141207,Cal_Poly,2014-12-07, 09:00:00,NA,100,3,3.08,3.04,0.46,0.56,0.51,0.791238,0.3648864,5.21197,0.101362,1.510760346,200,0,25,0,0,0,0,2132.306903,0,533.0767257,533.0767257,31451.52682
CP141214,Cal_Poly,2014-12-14, 10:00:00,NA,100,1.08,1.12,1.1,0.77,0.77,0.77,3.146362,0.756092228,8.157003084,0.40334348,3.349586135,200,0,25,0,0,533.0767257,533.0767257,533.0767257,0,0,533.0767257,4797.690531
CP141221,Cal_Poly,2014-12-21, 16:45:00,NA,100,0.99,0.9,0.94,0.75,0.7,0.72,3.176025,0.62646496,4.399904691,0.23328764,42.96008286,200,0,25,0,0,0,0,0,0,0,1066.153451,3198.460354
CP141228,Cal_Poly,2014-12-28, 08:30:00,NA,100,11.4,10.6,0.83,0.55,0.52,0.53,11.090564,1.036796088,12.28516843,0.595470756,10.766917,200,0,25,0,0,0,0,1599.230177,0,0,4797.690531,1599.230177
CP150104,Cal_Poly,2015-01-04, 17:00:00,NA,100,1.2,1.25,1.23,0.4,0.4,0.4,4.68363,0.639492078,7.971852284,0.298233392,5.946420333,200,0,25,0,0,0,533.0767257,533.0767257,0,1066.153451,21323.06903,1066.153451
CP150111,Cal_Poly,2015-01-11, 09:15:00,NA,100,1.17,1.42,1.29,0.39,0.46,0.43,9.351048,0.817379756,5.002231634,0.117725114,8.201616,200,0,25,0,0,0,1066.153451,533.0767257,0,0,86891.50629,3731.53708
CP150118,Cal_Poly,2015-01-18, 15:00:00,15,100,2.68,2.96,2.82,0.44,0.58,0.51,7.504792,0.604966475,5.188715614,0.115615306,24.60696978,200,0,25,0,1066.153451,0,3731.53708,4264.613805,0,0,2665.383628,12793.84142
CP150125,Cal_Poly,2015-01-25, 10:30:00,10.2,100,1.39,1.62,1.51,0.5,0.5,0.5,9.898685,1.047703743,9.889499466,0.23337829,2.005196351,200,0,25,0,0,0,0,533.0767257,0,0,3731.53708,9062.304337
CP150203,Cal_Poly,2015-02-03, 17:30:00,13,100,2.58,3.02,2.8,0.8,0.66,0.73,7.432725,0.873081745,10.87741125,0.411330512,8.382646,200,0,25,0,0,0,0,0,0,0,6929.997434,16525.3785
CP150208,Cal_Poly,2015-02-08, 10:30:00,12.5,100,2.92,2.64,2.78,0.86,0.82,0.84,6.944335,0.985089772,6.400390807,0.405921514,20.98148482,200,0,25,0,0,1066.153451,0,0,0,0,3731.53708,21323.06903
CP150216,Cal_Poly,2015-02-16, 17:30:00,12.5,100,2.26,1.82,2.04,0.66,0.38,0.52,1.498592,0.447780998,6.230190435,0.170403902,5.457318844,200,0,25,0,0,0,0,2132.306903,0,0,1599.230177,5863.843983
CP150222,Cal_Poly,2015-02-22, 08:30:00,11,100,1.28,1.78,1.53,0.44,0.52,0.48,4.785707,0.645760533,8.479770765,0.409698404,1.612119739,200,0,25,0,0,0,0,533.0767257,0,0,1066.153451,2665.383628
CP150302,Cal_Poly,2015-03-02, 17:30:00,11,100,2.34,2.06,2.2,0.7,0.58,0.64,4.690006,0.525197568,8.932537124,0.15808542,7.894464,200,0,25,0,0,0,0,533.0767257,0,0,3198.460354,13326.91814
CP150309,Cal_Poly,2015-03-09, 15:30:00,12.2,100,3.6,2.76,3.18,0.88,0.6,0.74,NA,NA,NA,NA,NA,200,0,25,0,0,0,0,533.0767257,0,0,231888.3757,2132.306903
CP150315,Cal_Poly,2015-03-15, 18:00:00,13,100,2.5,2.78,2.64,0.8,0.8,0.8,NA,NA,NA,NA,NA,200,0,25,0,0,0,0,1066.153451,0,1599.230177,299056.0431,1599.230177
CP150322,Cal_Poly,2015-03-22, 11:00:00,11.3,100,4.82,4.48,4.65,0.74,0.82,0.78,NA,NA,NA,NA,NA,200,0,25,0,0,0,0,0,0,0,11727.68797,3731.53708
CP150328,Cal_Poly,2015-03-28, 18:00:00,14.7,100,5.84,5.66,5.75,1,1,1,NA,NA,NA,NA,NA,200,0,25,0,0,0,0,0,0,0,12260.76469,12793.84142
CP150405,Cal_Poly,2015-04-05, 12:50:00,11.7,100,2.32,2.4,2.36,0.44,0.54,0.49,15.070963,1.221456007,17.78371856,0.39832433,2.61954618,200,0,25,0,0,0,0,0,0,533.0767257,244682.2171,1599.230177
CP150411,Cal_Poly,2015-04-11, 18:00:00,13.2,100,21.2,26.1,23.65,10.4,12.3,11.35,2.936309,0.164169662,0,0,0.606623325,200,0,25,0,0,0,0,0,3731.53708,14926.14832,1190893.405,1066.153451
CP150419,Cal_Poly,2015-04-19, 12:30:00,13.5,100,2.46,2.64,2.55,0.82,0.8,0.81,4.093562,0.380171156,0,0.195757504,1.473740554,200,0,25,0,0,0,0,0,16525.3785,15459.22504,516551.3472,2132.306903
CP150427,Cal_Poly,2015-04-27, 18:30:00,14.1,100,4.14,7.1,5.62,1.7,2.9,2.3,1.865323,0.3204015,0,0.123548375,8.535007,200,0,25,0,0,0,0,0,36249.21735,50109.21221,263872.9792,4264.613805
CP150503,Cal_Poly,2015-05-03, 13:00:00,15.2,100,2.18,2.5,2.34,0.82,0.7,0.76,0.509247,0.103813424,2.227222127,0,2.868237144,200,0,25,0,0,0,0,0,20789.9923,0,335305.2605,1066.153451
CP150510,Cal_Poly,2015-05-10, 17:15:00,15.1,100,1.03,1.3,1.16,0.12,0.14,0.13,6.900718,0.788211329,8.836581637,0.327255841,10.325485,200,0,25,0,0,0,0,0,1599.230177,0,93288.427,1599.230177
CP150517,Cal_Poly,2015-05-17, 11:00:00,13.5,100,11.4,10.9,11.15,1.9,1.9,1.9,1.637551,0.363138523,9.015559553,0.106769852,3.384187261,200,0,25,0,0,0,0,0,11727.68797,1599.230177,642890.5312,2665.383628
CP150526,Cal_Poly,2015-05-26, 08:10:00,12.6,100,13.9,15.4,14.65,3.3,2.9,3.1,6.023,1.032,14.378,0.319376,18.41576,200,0,25,0,0,0,0,1599.230177,0,6396.920708,527745.9584,0
CP150601,Cal_Poly,2015-06-01, 14:00:00,14.1,100,9.3,8.9,9.1,5.5,2.4,3.95,1.802,0.653,5.615,0.16348,10.12264,200,0,25,0,2665.383628,0,0,1066.153451,0,0,390745.2399,12793.84142
CP150608,Cal_Poly,2015-06-08, 10:00:00,15,100,9.3,8.9,9.1,2,2,2,4.431,0.755,9.969,0.333792,19.77448,200,0,25,0,3731.53708,533.0767257,1066.153451,0,4264.613805,0,571458.2499,18657.6854
CP150615,Cal_Poly,2015-06-15, 11:00:00,15.6,100,5.1,5.8,5.45,1.42,1.44,1.43,3.626,0.452,10.824,0.293192,8.80704,200,0,25,0,7463.07416,4797.690531,533.0767257,0,0,9595.381062,76229.97177,12793.84142
CP150622,Cal_Poly,2015-06-22, 08:45:00,14,100,6.26,6.18,6.23,2.04,2.06,2.05,4.807,0.999,24.273,0.42484,21.7254016,200,0.1,25,0,9595.381062,0,0,0,0,9595.381062,57039.20965,1066.153451
CP150626,Cal_Poly,2015-06-26, 14:45:00,14,100,3.88,3.96,3.92,0.44,0.7,0.57,0.652,0.245,19.386,0.200144,8.69968,200,0.5,25,0,0,0,0,0,6396.920708,0,1066.153451,3731.53708
CP150713,Cal_Poly,2015-07-13, 09:30:00,17.9,100,5.74,7.45E-02,6.84,0.5,0.58,0.54,1.409,0.339,7.348,0,3.45032,200,1.6,25,0,4264.613805,0,0,533.0767257,46377.67513,0,533.0767257,4264.613805
CP150720,Cal_Poly,2015-07-20, 09:30:00,17.8,100,5.82,4.74,5.28,1.18,1.22,1.2,5.305,0.925,8.777,0.12016282,32.9237216,200,0.2,25,0,11727.68797,5330.767257,3731.53708,4264.613805,0,0,0,60770.74673
CP150727,Cal_Poly,2015-07-27, 09:45:00,17.9,100,3.18,3.56,3.37,0.9,1,0.95,3.014,0.332,9.693,0.175392,2.598024,200,0,25,0,533.0767257,1066.153451,0,6929.997434,0,0,0,12793.84142
CP150804,Cal_Poly,2015-08-04, 10:15:00,17.8,100,3.04,2.94,2.99,0.82,0.98,0.9,3.214,0.47,12.585,0.214664,4.84264,200,0,25,0,1066.153451,1066.153451,533.0767257,3731.53708,0,0,0,12260.76469
CP150811,Cal_Poly,2015-08-11, 09:00:00,18.4,100,3.06,3.32,3.19,1.14,0.94,1.04,2.739,0.408,17.19,0.191756,1.889192,200,0,25,0,28253.06646,2132.306903,533.0767257,122607.6469,0,0,0,15992.30177
CP150817,Cal_Poly,2015-08-17, 10:15:00,19.1,100,4.22,3.32,3.77,1.2,1.26,1.23,2.481,0.587,11.095,0.42482,6.04648,200,0,25,0,5330.767257,533.0767257,533.0767257,73031.51142,0,0,533.0767257,7996.150885
CP150823,Cal_Poly,2015-08-23, 10:45:00,18.4,100,4.64,4.86,4.75,0.8,0.96,0.88,1.7,0.47,12.389,0,9.15728,200,0,25,0,32517.68027,2132.306903,0,15459.22504,0,0,1599.230177,23455.37593
CP150830,Cal_Poly,2015-08-30, 09:20:00,18.7,100,6.38,6.06,6.22,2.36,2.14,2.25,3.593,0.548,13.904,0.38352,3.670459,200,0,25,0,26120.75956,3198.460354,0,17591.53195,0,0,0,12793.84142
CP150907,Cal_Poly,2015-09-07, 10:10:00,17.6,100,2.08,2.36,2.22,1.48,1.5,1.49,5.874,0.975,22.873,0.56064,6.3844,200,0,25,0,3731.53708,533.0767257,0,533.0767257,0,0,0,3731.53708
CP150913,Cal_Poly,2015-09-13, 11:10:00,20.5,100,7.74,7.68,7.71,2.1,2.5,2.3,3.855,0.693,16.421,0.270776,7.3744,200,0,25,0,28253.06646,0,1599.230177,22389.22248,0,0,9595.381062,2665.383628
CP150921,Cal_Poly,2015-09-21, 07:30:00,19.2,100,5.44,5.58,5.51,1.86,1.78,1.82,0.563,0.465,8.925,0,5.95144,200,0,25,0,3198.460354,1066.153451,533.0767257,2665.383628,0,0,18124.60867,6929.997434
CP150928,Cal_Poly,2015-09-28, 08:00:00,20.2,100,6.42,2.62,4.52,1.9,1.1,1.5,1.705,0.577,12.902,0.212336,1.92294,200,0,25,0,1066.153451,0,0,0,0,0,0,1599.230177
CP151005,Cal_Poly,2015-10-05, 08:10:00,17.3,100,4.54,5.06,4.8,1.7,1.46,1.58,3.389,0.693,24.753,0.12657,1.24983,200,0,25,0,4264.613805,0,0,8529.227611,0,0,31451.52682,5330.767257
CP151012,Cal_Poly,2015-10-12, 08:30:00,18.8,100,2.32,2.6,2.46,0.82,0.82,0.82,3.21,0.563,17.567,0.216552,2.21778,200,0,25,0,3731.53708,533.0767257,533.0767257,3731.53708,0,0,11727.68797,5330.767257
CP151019,Cal_Poly,2015-10-19, 08:05:00,18.5,100,5.96,5.92,5.94,2.1,1.58,1.84,4.058,0.635,24.613,0.369758,1.87758,200,0,25,0,0,0,2665.383628,14393.07159,0,0,12260.76469,9595.381062
CP151027,Cal_Poly,2015-10-27, 08:50:00,17.8,100,3.92,3.64,3.78,1.42,1.38,1.4,10.6,1.127,18.13,0.456617,5.733,200,0,25,0,0,0,0,7996.150885,0,0,23988.45266,5330.767257
CP151103,Cal_Poly,2015-11-03, 08:45:00,16.1,100,2.62,2.82,2.72,1.14,1.18,1.16,7.32,0.86436,18.62,0.65725,2.241,200,0,25,0,0,0,0,1599.230177,0,0,41046.90788,1066.153451
CP151110,Cal_Poly,2015-11-10, 09:00:00,15.4,100,7,6.92,6.96,2.32,2.12,2.22,4.36,0.93688,10.78,0.978762,1.872,200,0,25,0,0,0,0,3198.460354,8529.227611,0,168985.322,5330.767257
CP151117,Cal_Poly,2015-11-17, 08:45:00,14.5,100,1.16,1.22,1.19,1.16,1.12,1.14,2.61,0.54782,10.682,0.3605435,2.7,200,0,25,0,0,0,0,0,0,0,3731.53708,0
CP151123,Cal_Poly,2015-11-23, 08:35:00,14.5,100,2.84,2.88,2.86,0.84,0.8,0.82,3.03,0.6468,12.74,0.174734,1.332,200,0,25,0,0,0,0,0,0,0,64502.28381,533.0767257
CP151130,Cal_Poly,2015-11-30, 08:30:00,14.3,100,1.94,1.98,1.96,0.84,0.92,0.88,3.4,0.59486,10.976,0.193011,0.8874,200,0,25,0,0,0,0,0,0,0,27719.98974,0
CP151208,Cal_Poly,2015-12-08, 09:45:00,16,100,1.64,1.52,1.58,0.86,0.76,0.81,5.1,0.74382,13.328,0.4040505,1.899,200,0,25,0,0,0,0,0,0,0,1066.153451,0
CP151214,Cal_Poly,2015-12-14, 10:25:00,15.1,100,1.52,1.14,1.33,1.1,0.85,0.97,3.55,0.77714,7.5166,0.3213315,2.691,200,0,25,0,0,0,0,533.0767257,0,0,5330.767257,0
CP151222,Cal_Poly,2015-12-22, 11:30:00,14.7,100,1.54,1.62,1.58,0.74,0.6,0.67,13.6,0.441,9.5746,0.2004345,2.925,200,0,25,0,0,0,0,0,1599.230177,0,14393.07159,0
CP151228,Cal_Poly,2015-12-28, 15:00:00,13.8,100,1.68,1.86,1.77,0.72,0.66,0.69,11,1.029,9.2414,0.279972,22.054725,200,0,25,0,0,0,0,0,0,0,5330.767257,0
CP160105,Cal_Poly,2016-01-05, 09:00:00,14.8,100,4.52,4.28,4.4,1.76,1.88,1.82,3.06,0.5733,5.3214,0.1325625,1.143,200,0,25,0,0,0,0,0,9062.304337,0,117276.8797,0
CP160112,Cal_Poly,2016-01-12, 07:30:00,12,100,0.93,0.95,0.94,1.06,1.01,1.03,7.26,0.931,13.916,0.352086,2.844,200,0,25,0,0,0,0,0,0,0,9062.304337,1066.153451
CP160119,Cal_Poly,2016-01-19, 08:10:00,13.8,100,1.46,1.4,1.43,1.2,1.36,1.28,4.72,0.74088,9.0846,0.16968,2.304,200,0,25,0,0,0,0,0,0,0,0,5330.767257
CP160126,Cal_Poly,2016-01-26, 08:30:00,13.7,100,1.36,1.26,1.33,0.88,0.76,0.82,11.7,1.1956,17.346,0.335118,2.853,200,0,25,0,0,0,0,0,0,0,1066.153451,2132.306903
CP160202,Cal_Poly,2016-02-02, 08:30:00,12.1,100,0.79,0.76,0.77,0.88,0.92,0.9,26.7,2.1952,27.832,0.4358655,1.143,200,0,25,0,0,0,0,0,0,0,3198.460354,1599.230177
CP160209,Cal_Poly,2016-02-09, 08:45:00,11.8,100,2.88,2.36,2.22,1.3,1.1,1.2,12.5,1.1662,14.994,0.299061,1.494,200,0,25,0,0,0,0,0,0,0,52774.59584,533.0767257
CP160217,Cal_Poly,2016-02-17, 09:55:00,12.7,100,1.88,1.72,1.8,0.6,0.58,0.59,8.21,0.77518,16.268,0.1749825,1.206,200,0,25,0,0,0,0,0,0,0,12260.76469,0
CP160223,Cal_Poly,2016-02-23, 08:20:00,12.5,100,1.88,1.78,1.83,0.76,0.68,0.72,8.88,0.97314,18.718,0.226947,1.872,200,0,25,0,533.0767257,0,0,0,0,0,2665.383628,3198.460354
CP160301,Cal_Poly,2016-03-01, 08:10:00,14.4,100,2,2,2,1.66,1.58,1.62,5.71,0.71246,10.584,0.341481,1.836,200,0,25,0,0,0,0,0,0,0,6396.920708,2665.383628
CP160308,Cal_Poly,2016-03-08, 08:30:00,NA,100,1.24,1.46,1.35,3.04,3.16,3.1,7.77,1.0094,15.68,0.6309975,2.304,200,0,25,0,2132.306903,0,0,0,0,0,15459.22504,0
CP160316,Cal_Poly,2016-03-16, 09:20:00,14.1,100,1.16,1.18,1.17,1.2,1.16,1.18,20.5,2.0188,27.146,0.405111,2.322,200,0,25,0,0,0,0,0,0,533.0767257,7463.07416,0
CP160322,Cal_Poly,2016-03-22, 08:50:00,13,100,3.44,3.6,3.52,2.26,2.46,2.36,17.3,1.3818,20.58,0.4867695,1.755,200,0,25,0,1066.153451,0,0,0,0,0,121008.4167,0
CP160329,Cal_Poly,2016-03-29, 10:30:00,10.9,100,6.42,6.28,6.35,2.64,1.8,2.22,19.3,1.4112,21.952,0.3361785,0.5634,200,0,25,0,0,0,0,0,28786.14319,0,421130.6133,0
CP160405,Cal_Poly,2016-04-05, 08:45:00,12.9,100,4.9,4.76,4.83,3.1,2.58,2.84,6.9504,0.6184878,10.6,0.119,8.777485,200,0,25,0,533.0767257,0,0,0,0,0,524014.4213,0
CP160412,Cal_Poly,2016-04-12, 09:10:00,13.6,100,2.44,2.28,2.36,1.06,1.04,1.05,4.1088,0.5135151,2.58,0,28.5196,200,0,25,0,10661.53451,1599.230177,0,0,0,0,125806.1073,533.0767257
CP160420,Cal_Poly,2016-04-20, 08:00:00,13.7,100,2.48,2.2,2.28,1.02,1,1.01,19.2,1.654975,12.2,0.349,11.9474,200,0,25,0,1599.230177,1066.153451,0,0,0,0,533.0767257,2665.383628
CP160426,Cal_Poly,2016-04-26, 08:50:00,11.1,100,1.82,2,1.91,2.72,2.72,2.72,23.328,1.938685,14,0.379,15.2233,200,0,25,0,3731.53708,533.0767257,0,0,4797.690531,2665.383628,94887.65717,2132.306903
CP160503,Cal_Poly,2016-05-03, 09:00:00,11.6,100,3.9,3.82,3.86,1.4,1.38,1.39,25.824,1.929228,23,0.463,12.42915,200,0.06,25,0,0,0,0,0,0,533.0767257,157790.7108,1066.153451
CP160510,Cal_Poly,2016-05-10, 09:50:00,14.8,100,4.06,4.12,4.09,1.32,1.64,1.48,3.1104,0.4747414,4.28,0.153,9.105075,200,0.15,25,0,16525.3785,3198.460354,533.0767257,1066.153451,0,111946.1124,211631.4601,6396.920708
CP160517,Cal_Poly,2016-05-17, 08:45:00,13.4,100,3.32,3.24,3.29,1.42,1.5,1.46,8.0352,0.8965236,14.7,0.482,16.7649,200,0.79,25,0,0,0,0,0,0,225491.455,80494.58558,1599.230177
CP160524,Cal_Poly,2016-05-24, 09:00:00,12.8,100,11.9,12.3,12.1,2.9,3,2.95,89.082,5.324291,28.7,1.57,17.9211,200,1.27,25,0,533.0767257,0,0,0,0,420597.5366,642357.4545,3731.53708
CP160531,Cal_Poly,2016-05-31, 09:30:00,13.4,100,4.18,4.6,4.39,1.62,1.82,1.72,9.0336,0.7102207,10.2,0.211,17.43935,200,0.137362382,25,0,0,0,0,0,7996.150885,19190.76212,71965.35797,6396.920708
CP160608,Cal_Poly,2016-06-08, 09:00:00,15.1,100,6,5.6,5.85,1.14,0.94,1.04,3.8592,0.5210807,15.7,0.442,13.97075,200,0.195622763,25,0,0,0,0,533.0767257,0,38914.60098,6396.920708,3198.460354
CP160615,Cal_Poly,2016-06-15, 09:20:00,14.1,100,5.98,6.24,6.11,2.14,1.98,2.06,2.6112,0.5730942,8.16,0.429,25.4364,200,2.47,25,0,0,533.0767257,0,0,18124.60867,164720.7082,5330.767257,5330.767257
CP160621,Cal_Poly,2016-06-21, 09:25:00,15.7,100,12,13.3,12.65,0.9,2,1.45,2.0832,0.3319407,6.2,0,7.30333,200,1.64,25,0,0,533.0767257,0,0,7996.150885,196172.2351,372620.6313,2665.383628
CP160628,Cal_Poly,2016-06-28, 09:25:00,15.1,100,9.3,10.8,10.05,1.9,2,1.95,17.952,1.617147,10.8,0.477,13.77805,200,0.305068021,25,0,0,0,0,0,23988.45266,46910.75186,95953.81062,3198.460354
CP160705,Cal_Poly,2016-07-05, 10:00:00,15.4,100,2.98,2.7,2.84,0.7,0.64,0.67,3.744,0.4662301,8.49,0.202,35.36045,200,0,25,0,0,0,0,0,18124.60867,0,28253.06646,3731.53708
CP160712,Cal_Poly,2016-07-12, 10:30:00,16.8,100,6.98,7.38,7.18,1.28,0.62,0.95,3.4272,0.4766328,9.22,0.256,76.79095,200,0,25,0,5330.767257,0,0,0,0,0,139133.0254,4797.690531
CP160720,Cal_Poly,2016-07-20, 10:40:00,15,100,1.88,1.8,1.84,0.52,0.58,0.55,5.7216,0.6544244,18.4,0.165,20.6189,200,0,25,0,0,0,0,1066.153451,0,0,7996.150885,3198.460354
CP160724,Cal_Poly,2016-07-24, 11:40:00,16.6,100,4.96,4.98,4.97,0.82,0.88,0.85,3.1488,0.6402389,8.82,0.326,27.3634,200,0,25,0,0,0,0,0,0,0,68233.82089,1599.230177
CP160731,Cal_Poly,2016-07-31, 13:00:00,15,100,3.24,2.68,2.96,0.64,0.66,0.65,0,0.1295609,1.78,0,56.8465,200,0,25,0,0,1599.230177,0,533.0767257,0,0,219627.611,6929.997434
CP160807,Cal_Poly,2016-08-07, 13:10:00,15.5,100,2.2,2.6,2.4,0.6,0.58,0.59,7.056,1.361808,13.9,0.403,25.4364,200,0,25,0,0,2132.306903,0,4264.613805,0,0,0,21323.06903
CP160814,Cal_Poly,2016-08-14, 13:30:00,15,100,5.58,5.88,5.73,1.06,1.16,1.11,2.7648,0.6402389,15.2,0.315,84.30625,200,0.133240973,25,0,0,0,0,533.0767257,41579.9846,0,157790.7108,4797.690531
CP160822,Cal_Poly,2016-08-22, 10:45:00,14.8,100,5.86,6.96,6.41,1.44,1.72,1.58,5.3952,0.8464015,17,0.607,13.58535,200,0,25,0,2132.306903,5330.767257,0,2665.383628,0,0,18124.60867,11727.68797
CP160828,Cal_Poly,2016-08-28, 11:45:00,14.5,100,7.02,5.86,6.44,1.24,1.1,1.17,5.7024,0.8965236,21.3,0.319,27.26705,200,0,25,0,533.0767257,1599.230177,533.0767257,2132.306903,0,0,0,10661.53451
CP160905,Cal_Poly,2016-09-05, 11:30:00,15,100,3.84,3.74,3.79,0.9,0.8,0.85,4.04,0.684,13.0419,0.1447,8.12,200,0,25,0,0,2132.306903,0,14393.07159,0,0,58638.43983,2132.306903
CP160911,Cal_Poly,2016-09-11, 12:00:00,15,100,10.7,10.1,10.4,1.5,1.6,1.55,2.08,0.6867,17.204,0,12,200,0,25,0,0,1599.230177,533.0767257,137533.7952,0,0,0,14926.14832
CP160921,Cal_Poly,2016-09-21, 11:20:00,16,100,7.5,6.82,7.16,1.06,1.46,1.26,9.28,0.8595,11.0417,1.2885,23.1,200,0,25,0,7463.07416,5863.843983,0,144996.8694,0,0,0,28253.06646
CP160926,Cal_Poly,2016-09-26, 09:45:00,14.5,100,4.14,4.2,4.17,0.7,0.78,0.74,7.28,1.332,22.4094,0.32805,2.21672,200,0,25,0,10661.53451,533.0767257,0,27719.98974,0,0,10128.45779,14926.14832
CP161003,Cal_Poly,2016-10-03, 10:15:00,14,100,14.7,20.3,17.5,1.9,3.2,2.55,7.22,0.9,9.79475,1.2315,6.91,200,0,25,0,51708.44239,6396.920708,0,115144.5727,3198.460354,0,6396.920708,150860.7134
CP161010,Cal_Poly,2016-10-10, 10:25:00,15.3,100,23.1,16.5,19.8,2.8,8.2,5.5,7.64,0.783,14.4272,0.10081,6.27,200,0,25,0,10128.45779,1066.153451,0,20789.9923,0,0,0,54373.82602
CP161017,Cal_Poly,2016-10-17, 10:30:00,16.8,100,38.6,49,43.8,3.8,6.4,5.1,12.055,1.53,15.0788,0.55036,16.6,200,0,25,0,16525.3785,4264.613805,0,10661.53451,0,0,0,835331.2292
CP161025,Cal_Poly,2016-10-25, 10:45:00,15.9,100,14.4,10.7,12.55,2.2,1.2,1.7,2.035,0.7803,11.2221,0.35297,12.5,200,0,25,0,20256.91558,2665.383628,0,7463.07416,0,0,533.0767257,200969.9256
CP161031,Cal_Poly,2016-10-31, 11:00:00,16.4,80,39.6,59.2,49.4,4,9.2,6.6,2.685,2.061,6.7064,0.471912,20.2,200,0,25,0,0,8530.212624,0,38385.95681,0,0,0,2166674.006
CP161107,Cal_Poly,2016-11-07, 09:45:00,15.9,100,23,23.6,23.3,2.6,2.8,2.7,11.155,1.008,33.1961,0.652204,31.9,200,0,25,0,0,4264.613805,0,5863.843983,0,1599.230177,0,895568.8992
CP161114,Cal_Poly,2016-11-14, 10:10:00,14.7,100,28.6,25.8,27.2,3,27.2,2.3,5.435,1.548,11.6928,0.474112,43.8,200,0,25,0,12795.31894,0,0,25590.63787,0,0,0,1603679.973
CP161121,Cal_Poly,2016-11-21, 10:30:00,14.7,100,5.24,4.96,5.1,1.2,1.14,1.17,24.255,2.313,17.7232,0.4951,33.2,200,0,25,0,5330.767257,0,0,0,0,13859.99487,11194.61124,5863.843983
CP161129,Cal_Poly,2016-11-29, 09:20:00,13,100,0.08,1.38,0.73,11.24,1.02,6.13,5.635,1.062,9.98958,0.50062,22.9,200,0,25,0,3731.53708,0,0,533.0767257,0,0,2665.383628,4264.613805
CP161205,Cal_Poly,2016-12-05, 09:10:00,12.4,100,3.64,3.32,3.48,1.16,0.94,1.05,11.555,1.251,13.668,0.468174,16.4,200,0,25,0,3198.460354,0,533.0767257,1066.153451,0,533.0767257,48509.98204,6929.997434
CP161213,Cal_Poly,2016-12-13, 10:20:00,13.5,100,2.18,2.38,2.28,0.32,0.34,0.33,11.955,1.269,11.8472,0.42876,8.81,200,0,25,1066.153451,183911.4704,1599.230177,0,13859.99487,0,0,5863.843983,17591.53195
CP161218,Cal_Poly,2016-12-18, 11:20:00,12.1,100,2.5,2.52,2.51,0.62,0.74,0.68,11.655,1.143,13.1393,0.388204,11.4,200,0,25,1599.230177,19723.83885,0,0,1599.230177,0,22389.22248,31984.60354,3198.460354
CP161226,Cal_Poly,2016-12-26, 11:10:00,10,100,2.48,2.42,2.45,0.86,0.78,0.82,23.055,2.376,22.4448,0.64932,46.7,200,0,25,1599.230177,1599.230177,533.0767257,0,1599.230177,0,0,20789.9923,2132.306903
CP170102,Cal_Poly,2017-01-02, 09:30:00,10,100,4.24,4.48,4.36,1,0.98,0.99,15.155,1.575,14.5145,0.501024,4.9368,200,0,25,0,17058.45522,0,0,1066.153451,0,0,5863.843983,2665.383628
CP170111,Cal_Poly,2017-01-11, 08:40:00,11,50,1.93,2.04,1.98,1.5,1.57,1.53,9.357465855,2.74,24.4,1.542241021,7.74,200,0,25,,,,,,,,,
CP170117,Cal_Poly,2017-01-17, 11:30:00,12,100,1.46,1.44,1.45,0.66,0.64,0.65,8.618292606,0.892,11.1,0.336024693,3.18,200,0,25,0,0,0,0,0,0,0,8529.227611,0
CP170123,Cal_Poly,2017-01-23, 10:15:00,12.7,100,0.92,1.52,1.22,1.7,2.11,1.91,5.770714654,1.61,15.8,0.818775516,4.98,200,0,25,,,,,,,,,
CP170131,Cal_Poly,2017-01-31, 10:10:00,12,100,1.78,1.96,1.87,0.44,0.52,0.48,6.054204456,0.875,9.37,0.110921078,15.3,200,0,25,0,0,0,0,0,0,0,2132.306903,3198.460354
CP170206,Cal_Poly,2017-02-06, 09:40:00,12,100,1.28,1.16,1.22,1.1,1.12,1.11,21.7170324,6.75,77.5,3.59265804,9.59,200,0,25,,,,,,,,,
CP170213,Cal_Poly,2017-02-13, 10:40:00,14,100,0.45,0.44,0.45,0.14,0.2,0.18,7.108333682,0.704,14.6,0.170017902,9.59,200,0,25,0,0,0,0,0,0,0,2931.921991,266.5383628
CP170221,Cal_Poly,2017-02-21, 09:30:00,14.1,50,0.89,0.74,0.82,0.79,0.66,0.73,31.52107711,6,157,1.822373032,6.32,200,0,25,,,,,,,,,
CP170227,Cal_Poly,2017-02-27, 09:30:00,12.4,100,1.28,1.17,1.23,0.5,0.45,0.48,NA,NA,NA,NA,NA,200,0,25,0,0,0,0,0,0,0,266.5383628,0
CP170307,Cal_Poly,2017-03-07, 09:30:00,11.5,100,1.92,2.24,2.08,0.72,0.8,0.76,18.73705427,0.953,27.3,1.056773139,0.874,200,0,25,0,0,0,0,0,0,0,17591.53195,0
CP170313,Cal_Poly,2017-03-13, 10:00:00,12.9,100,3.4,2.84,3.12,0.7,0.62,0.66,12.87285724,1.02,20.7,0.197150747,2.85,200,0,25,0,0,0,0,0,0,0,328375.263,533.0767257
CP170321,Cal_Poly,2017-03-21, 10:25:00,16.6,100,4.5,4.04,4.27,2.38,2,2.19,43.99878492,3.67,72.8,0.279340732,6.49,200,0,25,0,1066.153451,0,0,0,0,0,13326.91814,1066.153451
CP170327,Cal_Poly,2017-03-27, 09:30:00,13,100,1.72,1.56,1.64,0.42,0.38,0.4,6.979993638,0.842,14.9,0.205543499,9.72,200,7.95E-02,25,0,0,0,0,0,533.0767257,0,5863.843983,1066.153451
CP170403,Cal_Poly,2017-04-03, 13:00:00,11,100,2.3,2.3,2.3,0.62,0.64,0.63,14.42617526,1.27,16.9,0.194295202,1.37,200,0.100772262,25,0,0,0,0,0,0,0,799.6150885,0
CP170410,Cal_Poly,2017-04-10, 13:15:00,12,100,1.76,1.74,1.75,0.7,0.74,0.72,27.99799566,1.93,28.8,0.11736103,3.23,200,0.36,25,0,0,0,0,0,0,15459.22504,0,0
CP170417,Cal_Poly,2017-04-17, 12:50:00,11,100,3.72,3.76,3.74,0.76,0.8,0.78,16.1938374,1.18,17.2,0.286149766,0.743,200,0,25,0,4797.690531,0,0,0,0,2132.306903,2132.306903,6396.920708
CP170424,Cal_Poly,2017-04-24, 13:30:00,12,100,4.82,4.54,4.68,1.04,1.02,1.03,15.19943392,1.22,16.5,2.846100062,1.86,NA,NA,25,0,0,0,0,0,6929.997434,0,203635.3092,0
CP170501,Cal_Poly,2017-05-01, 12:10:00,13.1,100,11.6,10.1,10.85,1.6,4,2.8,6.15722089,0.614,8.12,0,1.15,200,0,25,0,0,0,0,0,0,0,408336.7719,2132.306903
CP170508,Cal_Poly,2017-05-08, 13:00:00,12.9,100,6.58,6.44,6.51,1.94,1.92,1.93,3.726356563,0.431,8.35,0,1.41,NA,NA,25,0,0,0,0,0,0,11727.68797,295324.506,533.0767257
CP170515,Cal_Poly,2017-05-15, 13:30:00,11.5,100,9.6,9.6,9.6,2.8,2.7,2.75,8.567242015,0.992,6.71,0.128854403,1.86,200,0,25,0,0,0,0,0,13859.99487,0,1038433.462,3198.460354
CP170522,Cal_Poly,2017-05-22, 14:00:00,16.1,100,3.12,3.44,3.28,2.02,1.34,1.68,1.547515378,0.256465895,2.07201622,0,4.773517507,200,0,25,0,0,0,0,0,67167.66744,8529.227611,441387.5289,1066.153451
CP170529,Cal_Poly,2017-05-29, 14:30:00,15.4,100,2.02,1.96,1.99,0.54,0.64,0.59,14.4091757,1.437249583,16.45699348,0.450140742,4.77819464,200,0,25,0,8529.227611,0,0,0,0,0,160989.1712,4797.690531
CP170605,Cal_Poly,2017-06-05, 13:00:00,16.1,100,12.7,13.3,13,2.1,1.7,1.9,3.504562532,0.487895583,11.96823799,0.26955632,1.378672794,200,0,25,0,3198.460354,2132.306903,0,0,0,0,359293.7131,2132.306903
CP170612,Cal_Poly,2017-06-12, 12:00:00,12.1,100,10.6,10.6,10.6,4.8,4.5,4.65,8.572171713,1.165831657,14.81666939,0.399742758,10.7628796,200,0,25,0,0,0,0,0,5330.767257,0,63969.20708,1066.153451
CP170619,Cal_Poly,2017-06-19, 11:00:00,15.6,100,5.75,6.57,6.16,3.3,2.86,3.08,2.560276511,0.323296039,3.434825428,0,4.734161125,200,0,25,0,0,0,0,0,1066.153451,0,337970.6441,4264.613805
CP170626,Cal_Poly,2017-06-26, 14:30:00,17.2,100,2.5,2.32,2.41,0.72,0.54,0.63,4.748804993,2.93082397,5.600647453,0.125341173,3.673353509,200,0,25,0,105016.115,1066.153451,0,2132.306903,0,0,3198.460354,11194.61124
CP170703,Cal_Poly,2017-07-03, 10:00:00,13.8,100,3.4,4.64,4.02,1.28,1.24,1.26,12.81714074,1.552164065,92.59772672,0.286351938,6.693013601,200,0,25,0,0,6929.997434,0,1066.153451,2665.383628,0,12260.76469,10661.53451
CP170710,Cal_Poly,2017-07-10, 06:30:00,15.3,100,6.99,8,7.5,2.12,2.4,2.26,9.551742624,1.424716473,9.897091995,0.428073372,17.10571957,200,0,25,0,533.0767257,2665.383628,0,4264.613805,0,0,2132.306903,46910.75186
CP170717,Cal_Poly,2017-07-17, 06:30:00,16.5,100,15.9,14.1,15,3,3.1,3.05,5.72713463,0.73944755,8.205931261,0.242483839,3.220554761,200,0,25,0,3198.460354,1066.153451,0,2132.306903,0,0,36249.21735,233487.6059
CP170724,Cal_Poly,2017-07-24, 07:30:00,15.8,100,19,12.4,15.7,1,8.5,4.75,5.347998714,0.618284466,11.45041672,0.135715184,4.645318637,200,5.97E-02,25,0,3198.460354,1599.230177,0,3198.460354,3198.460354,0,110879.9589,46910.75186
CP170731,Cal_Poly,2017-07-31, 07:30:00,16.1,100,19,22.2,20.6,5.5,4.6,5.05,1.473579762,0.360470281,10.0349991,0,3.961109925,200,0,25,0,25587.68283,3198.460354,0,0,0,0,4264.613805,134335.3349
CP170807,Cal_Poly,2017-08-07, 06:30:00,16.1,100,36.6,33.7,35.15,3.2,7.2,5.2,3.492286801,0.756467846,15.42097227,0.206655818,5.250654212,200,0,25,0,2132.306903,9595.381062,0,3198.460354,0,0,1066.153451,637559.7639
CP170814,Cal_Poly,2017-08-14, 06:30:00,15.6,100,7.64,8.02,7.83,1.92,2.54,2.23,6.471429152,1.009371049,18.70202423,0.181870611,2.870744459,200,0,25,0,0,1066.153451,0,0,0,0,53840.74929,77296.12522
CP170821,Cal_Poly,2017-08-21, 06:30:00,16.5,100,24.1,25.5,24.8,6.1,4.4,5.25,17.45866916,1.893021526,19.47925168,0.370840172,3.548381218,200,0,25,0,4264.613805,105549.1917,0,5330.767257,0,0,1066.153451,291059.8922
CP170828,Cal_Poly,2017-08-28, 07:00:00,16.6,100,6.16,5.09,5.63,1.28,1.42,1.35,3.349887242,0.452956917,10.58743278,0.115582368,13.17885874,200,0,25,0,4264.613805,26653.83628,0,27719.98974,0,0,0,159923.0177
CP170905,Cal_Poly,2017-09-05, 10:30:00,16.5,100,28.1,26,27.05,3.3,5.3,4.3,9.559087865,1.220092967,26.73588998,0.478600936,1.508118801,200,0,25,2132.306903,0,8529.227611,75696.89505,186576.854,0,0,3198.460354,38381.52425
CP170911,Cal_Poly,2017-09-11, 10:30:00,18.2,100,3.88,4.74,4.31,0.88,1.18,1.03,1.977952141,0.600574947,9.638224827,0.118634488,3.14471925,200,0,25,0,0,0,0,81560.73903,2132.306903,0,9595.381062,4264.613805
CP170918,Cal_Poly,2017-09-18, 07:00:00,16,100,1.34,2.12,1.73,1.96,1.18,1.57,1.91975916,0.353402281,8.309464604,0,1.676593532,200,0,25,0,0,0,4264.613805,7996.150885,0,0,533.0767257,13326.91814
CP170925,Cal_Poly,2017-09-25, 07:20:00,13.5,100,9.06,8.72,8.89,1.64,1.46,1.55,7.753476586,1.036484248,14.47136763,0.295401851,3.295928441,200,0,25,1066.153451,12793.84142,2132.306903,6396.920708,2132.306903,0,0,4797.690531,8529.227611
CP171002,Cal_Poly,2017-10-02, 07:00:00,14,100,13,13.8,13.4,3.2,2.5,2.85,4.50102993,0.620476653,11.53671865,0,0.8290331,200,0,25,0,0,4264.613805,20256.91558,17058.45522,0,0,1066.153451,103416.8848
CP171009,Cal_Poly,2017-10-09, 08:00:00,14.7,100,34.4,38,36.2,7.8,9.6,8.7,1.433357573,0.822373708,11.79562832,0.160248674,3.203724729,200,0,25,2132.306903,6396.920708,2132.306903,464842.9048,9595.381062,0,0,0,182312.2402
CP171016,Cal_Poly,2017-10-16, 08:00:00,15.21,100,14.7,13.8,14.25,3,2.4,2.7,0.313992357,0.317760057,9.724513239,0,0.426487445,200,0,25,7463.07416,0,0,117276.8797,8529.227611,0,0,533.0767257,26120.75956
CP171023,Cal_Poly,2017-10-23, 07:00:00,14.8,100,2.36,3.12,2.74,1.48,1.74,1.61,5.103359343,1.598143812,13.17657778,0.193734043,3.242309744,NA,NA,25,0,0,0,5863.843983,1066.153451,0,0,1599.230177,12260.76469
CP171030,Cal_Poly,2017-10-30, 07:00:00,13.3,100,54.6,55,54.8,12.8,10.4,11.6,3.46685778,0.827430719,13.2628926,0.176983639,2.354556798,200,0,25,37315.3708,0,2132.306903,140732.2556,10661.53451,0,0,0,38381.52425
CP171106,Cal_Poly,2017-11-06, 07:00:00,13.4,100,55.4,54.5,54.95,8.2,10,9.1,5.108876576,0.91110287,10.06967333,0.202198403,3.868427286,200,0,25,12793.84142,0,4264.613805,94887.65717,40513.83115,0,0,0,101284.5779
CP171113,Cal_Poly,2017-11-13, 07:30:00,13.6,100,47.7,42.3,45,6.6,18.4,12.5,3.7993323,0.538547497,7.481223821,0,1.299602106,200,0,25,39447.6777,0,4264.613805,3198.460354,13859.99487,0,0,0,57572.28637
CP171120,Cal_Poly,2017-11-20, 10:30:00,13,100,10.7,10.2,10.45,2.1,2.2,2.15,6.809124735,0.886264462,8.689094798,0.4250357,1.918589871,200,0,25,21856.14575,0,0,0,0,7463.07416,0,9062.304337,34116.91044
CP171127,Cal_Poly,2017-11-27, 07:30:00,13.9,100,66.6,63.7,65.15,7.8,9.6,8.7,0.784202038,1.161658171,9.120507879,0.250495382,1.635081535,200,0,25,61836.90018,0,3198.460354,0,22389.22248,0,0,0,135401.4883
CP171204,Cal_Poly,2017-12-04, 08:30:00,11,100,3.58,4.06,3.82,1.54,1.76,1.65,NA,NA,NA,NA,NA,NA,NA,25,3731.53708,0,0,0,0,1599.230177,0,18124.60867,5330.767257
CP171211,Cal_Poly,2017-12-11, 12:30:00,15.8,100,3.56,3.36,3.46,0.8,1.1,0.95,8.456438005,0.898257386,8.663332386,0.20465359,0.705046287,200,0,25,5863.843983,0,1066.153451,3198.460354,3731.53708,0,0,1066.153451,9595.381062
CP171218,Cal_Poly,2017-12-18, 11:30:00,13.1,100,2.56,2.66,2.61,0.86,1.04,0.95,2.314597125,0.635044451,13.6651913,0.260447137,2.577330615,200,0,25,1599.230177,2132.306903,0,533.0767257,1066.153451,0,0,13326.91814,3198.460354
CP171226,Cal_Poly,2017-12-26, 12:00:00,13.1,100,3.64,3.64,3.64,1.48,1.5,1.49,4.497489511,3.228113566,6.886152961,0.251764222,7.437079494,200,0,25,0,0,0,7463.07416,2132.306903,2132.306903,0,3198.460354,23455.37593
CP180102,Cal_Poly,2018-01-02, 11:00:00,13.5,100,8.7,9.4,9.05,2.02,2.6,2.31,2.314576978,0.464448091,4.755942692,0.116815256,2.032113334,200,0,25,8529.227611,0,2132.306903,26653.83628,2132.306903,21323.06903,0,9595.381062,49043.05876
CP180115,Cal_Poly,2018-01-15, 11:00:00,13.9,100,3.2,3.18,3.19,1.08,1.14,1.11,5.319554664,0.728010433,9.342799848,0.286752283,1.620781185,200,0,25,2665.383628,0,533.0767257,1599.230177,6929.997434,2132.306903,0,2665.383628,2665.383628
CP180122,Cal_Poly,2018-01-22, 16:30:00,13.7,100,1.44,1.58,1.51,0.88,0.92,0.9,5.555924494,0.701787079,7.907074091,0.402824549,2.122551896,200,0,25,0,0,0,0,533.0767257,0,0,533.0767257,2132.306903
CP180129,Cal_Poly,2018-01-29, 17:00:00,13,100,5.96,6.16,6.06,1.52,1.34,1.43,17.67491483,1.325564164,16.80027432,0.497716684,2.145787843,200,0,25,0,0,0,0,0,2665.383628,0,30385.37336,0
CP180205,Cal_Poly,2018-02-05, 17:00:00,14.2,100,10.1,14.6,12.35,0.9,1.9,1.4,2.011761536,0.389603752,7.985462352,0,1.629124973,200,0,25,5863.843983,31451.52682,3731.53708,1066.153451,4264.613805,0,0,16525.3785,7463.07416
CP180212,Cal_Poly,2018-02-12, 16:45:00,13.1,100,4.02,3.65,3.84,4.07,1.02,1.04,3.702839698,0.515618697,9.815008706,0,1.391845456,200,0,25,3731.53708,0,2665.383628,9595.381062,1599.230177,0,0,7996.150885,4264.613805
CP180219,Cal_Poly,2018-02-19, 16:30:00,12.1,100,3.69,4.05,3.87,1.03,1.1,1.07,5.066911701,0.754483962,45.63855817,0.223104342,1.712716315,200,0,25,3198.460354,0,0,1599.230177,0,0,0,10661.53451,533.0767257
CP180226,Cal_Poly,2018-02-26, 00:00:00,11.1,100,3.112,3.186,3.149,1.04,0.91,0.97,13.21452922,0.967182476,13.90936188,0.341430339,1.287430236,200,0,25,2132.306903,0,0,0,0,2132.306903,0,37848.44752,533.0767257
CP180305,Cal_Poly,2018-03-05, 16:35:00,12,100,2.49,2.77,2.63,0.51,0.66,0.58,11.02551103,0.862831931,12.0430514,0.282271587,0.82929649,200,0,25,2665.383628,0,1066.153451,5330.767257,533.0767257,4264.613805,0,43179.21478,3198.460354
CP180312,Cal_Poly,2018-03-12, 17:15:00,13.2,100,6.15,5.97,6.06,1.07,0.95,1.01,4.887561433,0.514366702,8.802590308,0.237206322,1.100041759,200,0,25,533.0767257,10661.53451,4264.613805,3731.53708,533.0767257,25054.60611,2132.306903,140199.1789,4797.690531
CP180319,Cal_Poly,2018-03-19, 15:40:00,12.8,100,4.74,5,4.87,1.18,1.14,1.16,2.001332041,0.452285286,7.456841629,0.128407989,2.952155423,200,0,25,1599.230177,0,533.0767257,0,0,22922.2992,0,275600.6672,3731.53708
CP180326,Cal_Poly,2018-03-26, 16:45:00,12.1,100,1.44,1.62,1.53,0.48,0.42,0.45,7.621397612,0.838292944,11.94072793,0.261842719,2.19736311,200,0,25,0,0,533.0767257,2132.306903,1066.153451,0,0,38914.60098,3198.460354
CP180402,Cal_Poly,2018-04-02, 17:00:00,14,100,4.16,4.14,4.15,1.08,1.1,1.09,1.197340504,0.223395979,4.90248334,0,0.344018346,200,0,25,0,0,1599.230177,533.0767257,533.0767257,5863.843983,1599.230177,199903.7721,52774.59584
CP180409,Cal_Poly,2018-04-09, 17:00:00,14.1,100,2.44,2.86,2.65,0.94,1.02,0.98,19.36764637,1.645940493,18.01023652,0.442312096,2.724804616,200,0,25,0,0,0,533.0767257,533.0767257,0,0,188176.0842,1066.153451
CP180416,Cal_Poly,2018-04-16, 17:00:00,11.3,100,2.58,2.32,2.45,1.04,1.02,1.03,15.17323765,1.538103644,16.80307265,0.32053058,2.301757971,200,0,25,533.0767257,0,533.0767257,0,0,0,0,45844.59841,1066.153451
CP180423,Cal_Poly,2018-04-23, 17:00:00,14.6,100,6.76,6.72,6.74,2.64,2.86,2.75,1.365846054,0.219454555,0,0,0.509073179,200,0,25,0,0,533.0767257,0,0,11194.61124,0,663147.4468,15992.30177
CP180430,Cal_Poly,2018-04-30, 17:00:00,11.7,100,1.76,1.68,1.72,1.26,1.32,1.29,17.74489496,1.989974381,19.36004697,0.334525531,4.912375527,200,0,25,0,0,533.0767257,0,0,2132.306903,0,6396.920708,1066.153451
CP180507,Cal_Poly,2018-05-07, 17:00:00,13.1,100,6.86,6.44,6.65,1.18,1.12,1.15,6.260602546,0.531028736,7.679804074,0.129257456,1.316068796,NA,NA,25,0,0,533.0767257,0,533.0767257,0,13859.99487,233487.6059,5330.767257
CP180514,Cal_Poly,2018-05-14, 17:00:00,12.7,100,4.88,4.78,4.83,1.68,1.52,1.6,10.36191545,0.83694034,13.82089861,0.235219383,1.156477152,200,0,25,0,0,533.0767257,533.0767257,4264.613805,0,0,112479.1891,4797.690531
CP180521,Cal_Poly,2018-05-21, 17:00:00,12.1,100,0.97,0.9,0.93,0.4,0.4,0.4,13.87700906,1.510966563,19.8269961,0.373900409,5.222888958,200,0,25,0,0,0,0,0,0,3731.53708,533.0767257,533.0767257
CP180528,Cal_Poly,2018-05-28, 17:00:00,13.9,100,5.56,5.62,5.59,0.52,0.46,0.49,10.82826535,1.380323139,11.568606,0.420543121,1.680805982,200,0,25,0,0,2132.306903,0,0,533.0767257,2132.306903,6929.997434,2132.306903
CP180604,Cal_Poly,2018-06-04, 17:00:00,16.2,100,3.25,2.16,2.71,0.85,0.64,0.75,9.614990861,0.776877294,12.84923217,0.311812862,2.274795178,200,0,25,0,0,0,0,15459.22504,0,0,19723.83885,6929.997434
CP180611,Cal_Poly,2018-06-11, 16:45:00,13,100,3.59,2.89,3.24,0.65,0.58,0.61,13.97671273,1.552902713,19.49331906,0.370931561,2.861093319,200,0.152156469,25,0,0,1599.230177,0,0,0,10661.53451,59704.59328,2665.383628
CP180618,Cal_Poly,2018-06-18, 15:50:00,14.9,100,6.01,6.8,6.4,1.3,1.22,1.26,1.469388558,0.130958902,7.869905306,0,0.934108015,NA,NA,25,0,0,2211.936621,0,1105.968311,4976.857397,0,254925.6956,7741.778174
CP180625,Cal_Poly,2018-06-25, 15:00:00,14.9,100,5.82,5.9,5.86,1.35,1.19,1.27,3.930558541,0.523129224,30.26042113,0.415000093,3.719118216,NA,NA,25,0,0,11194.61124,0,25054.60611,1066.153451,0,14926.14832,14926.14832
CP180702,Cal_Poly,2018-07-02, 15:00:00,17,100,5.47,4.67,5.07,0.76,0.72,0.74,0.567969052,0.614749149,8.99263593,0.131942602,1.03527049,NA,NA,25,0,0,10661.53451,533.0767257,14926.14832,0,0,11194.61124,10661.53451
CP180709,Cal_Poly,2018-07-09, 15:00:00,16.9,100,4.57,4.12,4.35,0.7,0.61,0.65,4.916511626,0.535739095,10.57878662,0.133281103,0.735747756,NA,NA,25,0,0,3731.53708,0,17591.53195,0,0,11727.68797,1599.230177
CP180716,Cal_Poly,2018-07-16, 15:30:00,16.3,100,2.42,2.54,2.48,0.37,0.35,0.36,6.295408338,0.676900831,28.30656161,0.374671614,4.887305834,NA,NA,25,0,0,0,0,9595.381062,2132.306903,0,29852.29664,3198.460354
CP180723,Cal_Poly,2018-07-23, 15:00:00,20.1,100,11.27,13.06,12.16,1.42,1.45,1.44,1.541527467,0.214192549,24.27891867,0.415035938,2.809174731,NA,NA,25,4797.690531,1066.153451,14926.14832,1066.153451,153526.097,0,0,28253.06646,52241.51912
CP180730,Cal_Poly,2018-07-30, 15:15:00,16.9,100,5.66,5.49,5.57,0.96,1.01,0.99,1.992600293,0.459937003,15.59073709,0,0.21086518,NA,NA,25,0,1066.153451,4264.613805,0,37315.3708,0,0,20256.91558,9062.304337
CP180806,Cal_Poly,2018-08-06, 14:00:00,17.3,100,5.19,5.84,5.51,1.63,0.78,1.2,2.020979302,0.286905637,14.18154721,0,1.665730364,NA,NA,25,0,0,533.0767257,0,44778.44496,0,0,18657.6854,16525.3785
CP180813,Cal_Poly,2018-08-13, 17:45:00,18,100,12.69,12.83,12.76,1.39,1.7,1.55,2.083298927,0.282685192,9.425087767,0,0.835889068,NA,NA,25,1599.230177,0,6396.920708,533.0767257,66101.51399,0,0,1066.153451,127938.4142
CP180820,Cal_Poly,2018-08-20, 17:15:00,19.3,100,2.87,2.64,2.76,0.55,0.48,0.51,1.92476378,0.345739793,6.833485168,0,1.376301657,NA,NA,25,0,0,1066.153451,0,15459.22504,0,0,5863.843983,32517.68027
CP180827,Cal_Poly,2018-08-27, 14:45:00,16.9,100,5.98,5.92,5.95,0.48,0.36,0.42,3.774796321,0.53166269,14.68879336,0,0.266538773,NA,NA,25,1066.153451,0,2665.383628,0,4264.613805,0,0,1066.153451,193506.8514
CP180903,Cal_Poly,2018-09-03, 14:50:00,17.2,100,5.12,5.29,5.21,0.71,0.61,0.66,0.472209564,0.459937003,6.549336507,0,0.61269059,NA,NA,25,1599.230177,1066.153451,0,0,17591.53195,11194.61124,3198.460354,61303.82345,22922.2992
CP180911,Cal_Poly,2018-09-11, 12:15:00,17,100,3.07,2.81,2.94,0.87,0.55,0.71,3.581581027,0.566235607,6.213405873,0.175507388,0.326112537,NA,NA,25,0,0,533.0767257,0,22922.2992,0,2132.306903,2665.383628,20256.91558
CP180918,Cal_Poly,2018-09-18,NA,16.6,100,9.67,NA,9.67,1.03,NA,1.03,0.393289917,0.377064537,7.745343277,0,0.340885281,NA,NA,25,0,0,4797.690531,0,27186.91301,0,2132.306903,0,150860.7134
CP180924,Cal_Poly,2018-09-24, 14:30:00,16.4,100,21.32,23.16,22.24,2.12,1.25,1.68,1.607637298,0.472285049,10.72693099,0.1818426,0.540294725,NA,NA,25,0,0,6929.997434,0,123673.8004,0,0,1066.153451,384881.3959
CP181001,Cal_Poly,2018-10-01, 15:30:00,16.6,100,7.28,7.62,7.45,0.22,0.32,0.27,NA,NA,NA,NA,NA,NA,NA,25,0,0,5330.767257,1066.153451,102883.8081,0,0,1066.153451,176448.3962
CP181008,Cal_Poly,2018-10-08, 15:00:00,17.1,100,8.42,7.93,8.18,0.44,0.84,0.64,NA,NA,NA,NA,NA,NA,NA,25,0,0,1599.230177,533.0767257,16525.3785,0,0,533.0767257,189242.2376
CP181015,Cal_Poly,2018-10-15,15:00,NA,100,12.05,11.21,11.63,1.07,0.95,1.01,NA,NA,NA,NA,NA,NA,NA,25,533.0767257,0,4797.690531,1066.153451,39980.75443,0,0,533.0767257,49043.05876
CP181022,Cal_Poly,2018-10-22,15:00,18.5,100,2.11,2.34,2.22,0.27,0.3,0.29,NA,NA,NA,NA,NA,NA,NA,25,0,0,533.0767257,533.0767257,8529.227611,7996.150885,0,6396.920708,5863.843983
CP181029,Cal_Poly,2018-10-29,15:00,16.5,100,NA,NA,NA,NA,NA,NA,NA,NA,NA,NA,NA,NA,NA,25,0,0,1066.153451,0,1599.230177,1066.153451,4797.690531,23455.37593,10128.45779
CP181105,Cal_Poly,2018-11-05,14:50,16,100,NA,NA,NA,NA,NA,NA,NA,NA,NA,NA,NA,NA,NA,25,3731.53708,0,2665.383628,3731.53708,39980.75443,0,0,11727.68797,34116.91044
CP181112,Cal_Poly,2018-11-12,11:45,16.6,100,NA,NA,NA,NA,NA,NA,NA,NA,NA,NA,NA,NA,NA,25,2132.306903,0,0,0,6929.997434,0,0,11194.61124,6396.920708
CP181119,Cal_Poly,2018-11-19,NA,16.7,100,NA,NA,NA,NA,NA,NA,NA,NA,NA,NA,NA,NA,NA,25,28786.14319,0,0,4797.690531,13859.99487,0,0,0,7463.07416
CP181126,Cal_Poly,2018-11-26,15:00,16.4,100,NA,NA,NA,NA,NA,NA,NA,NA,NA,NA,NA,NA,NA,25,24521.52938,1066.153451,533.0767257,2132.306903,4797.690531,0,0,2665.383628,17058.45522
CP181203,Cal_Poly,2018-12-03,NA,14.9,100,NA,NA,NA,NA,NA,NA,NA,NA,NA,NA,NA,NA,NA,25,2132.306903,0,1066.153451,1066.153451,4264.613805,0,0,6929.997434,2665.383628