SampleID,Location Code,Date Collected,Time Collected (PST),Temp (C),Chl Volume Filtered (mL),Chl1 (mg/m3),Chl2 (mg/m3),Avg Chloro (mg/m3),Phaeo1 (mg/m3),Phaeo2 (mg/m3),Avg. Phaeo (mg/m3),Nitrate (uM),Phosphate (uM),Silicate (uM),Nitrite (uM),Ammonia (uM),DA Volume Filtered (mL),Domoic Acid (ng/mL),Volume Settled for counting (mL),Akashiwo sanguinea  (cells/L),Alexandrium spp. (cells/L),Dinophysis spp.  (cells/L),Lingulodinium polyedrum (cells/L),Prorocentrum spp.  (cells/L),Pseudo-nitzschia delicatissima group (cells/L),Pseudo-nitzschia seriata group (cells/L),,
NP063008,Newport,2008-06-30,9:20:00 AM,18.5,100,2.50,2.50,2.50,0.90,1.20,1.05,0.80,0.33,3.90,0.21,2.92,200,nd,25,0,0,0,0,10399,5200,0,,
NP070808,Newport,2008-07-08,6:50:00 AM,NaN,100,2.04,2.13,2.09,1.00,1.00,1.00,0.44,0.13,2.40,nd,2.38,200,nd,25,0,0,0,0,0,363978,41598,,
NP071408,Newport,2008-07-14,8:05:00 AM,19.5,100,5.90,7.21,6.56,3.00,2.90,2.95,0.45,0.29,5.30,nd,3.60,200,nd,25,0,0,5200,5200,57197,41598,20799,,
NP072108,Newport,2008-07-21,7:24:00 AM,20.0,100,1.44,1.38,1.41,0.60,0.60,0.60,0.53,0.26,4.00,nd,2.37,200,nd,25,0,0,0,0,5200,0,0,,
NP072808,Newport,2008-07-28,7:45:00 AM,22.0,100,1.57,1.71,1.64,0.60,0.70,0.65,0.81,0.15,3.00,0.17,3.23,200,nd,25,0,0,0,0,0,41598,0,,
NP080408,Newport,2008-08-04,7:34:00 AM,23.0,100,1.98,2.06,2.02,0.90,1.00,0.95,0.46,0.19,5.00,nd,3.43,200,nd,25,0,0,0,0,0,0,0,,
NP081108,Newport,2008-08-11,8:00:00 AM,21.5,100,0.07,1.49,0.78,2.10,0.50,1.30,0.49,0.32,5.4,nd,1.26,200,nd,25,0,0,0,15599,5200,0,0,,
NP081808,Newport,2008-08-18,9:03:00 AM,19.5,100,6.81,8.26,7.54,1.10,0.40,0.75,0.53,0.32,5.00,nd,3.24,200,nd,25,0,0,0,103994,5200,0,0,,
NP082508,Newport,2008-08-25,8:15:00 AM,20.0,100,4.37,5.09,4.73,1.70,1.40,1.55,0.89,0.31,3.00,0.21,6.11,200,nd,25,0,0,0,57197,36398,25998,0,,
NP090208,Newport,2008-09-02,8:20:00 AM,22.0,100,1.62,2.01,1.82,1.40,0.90,1.15,0.65,0.18,2.70,nd,2.84,200,nd,25,0,0,0,0,5200,46797,0,,
NP090808,Newport,2008-09-08,7:56:00 AM,20.5,100,2.51,2.48,2.50,0.70,0.80,0.75,0.94,0.16,nd,0.31,4.09,200,nd,25,0,0,0,5200,0,0,0,,
NP091608,Newport,2008-09-16,10:32:00 AM,18.0,100,2.03,2.32,2.18,1.00,1.20,1.10,1.06,0.22,2.00,0.22,6.56,200,nd,25,0,0,0,10399,36398,0,0,,
NP092208,Newport,2008-09-22,8:27:00 AM,21.0,100,1.26,1.30,1.28,0.70,0.30,0.50,1.19,0.38,1.50,0.39,3.05,200,nd,25,0,0,0,0,0,0,0,,
NP092908,Newport,2008-09-29,8:28:00 AM,17.0,100,7.56,7.26,7.41,1.10,1.30,1.20,0.69,0.36,3.80,nd,2.91,200,NaN,25,0,0,0,10399,77995,0,0,,
NP100608,Newport,2008-10-06,8:48:00 AM,19.0,100,2.40,2.67,2.54,0.80,0.90,0.85,0.44,0.43,5.62,nd,2.18,200,nd,25,0,0,0,0,0,0,0,,
NP101308,Newport,2008-10-13,9:59:00 AM,15.0,100,1.79,2.08,1.94,1.41,1.76,1.59,1.66,0.42,3.00,0.38,5.90,200,nd,25,0,0,0,0,0,0,0,,
NP102008,Newport,2008-10-20,8:14:00 AM,17.0,100,1.12,1.14,1.13,0.65,0.50,0.58,0.60,0.28,2.83,nd,2.50,200,nd,25,0,0,0,0,10399,0,0,,
NP102708,Newport,2008-10-27,8:31:00 AM,18.0,100,1.15,1.15,1.15,0.58,0.48,0.53,0.57,0.31,2.46,nd,2.10,200,nd,25,0,0,10399,0,0,0,0,,
NP110308,Newport,2008-11-03,8:06:00 AM,18.0,100,2.28,2.08,2.18,0.99,0.77,0.88,0.54,0.37,2.64,0.13,2.61,200,nd,25,0,0,0,0,5200,0,0,,
NP111008,Newport,2008-11-10,7:30:00 AM,16.0,100,4.73,5.41,5.07,1.47,1.79,1.63,2.04,0.47,5.00,0.31,2.38,200,nd,NaN,NaN,NaN,NaN,NaN,NaN,NaN,NaN,,
NP111708,Newport,2008-11-17,7:42:00 AM,17.5,100,0.97,0.89,0.93,0.73,0.84,0.79,8.07,0.32,3.09,0.96,5.55,200,nd,25,0,0,0,0,0,0,0,,
NP112408,Newport,2008-11-24,8:28:00 AM,17.5,100,0.98,1.13,1.06,0.66,0.64,0.65,0.85,0.27,1.16,0.31,1.89,200,nd,25,0,0,0,0,0,0,0,,
NP120108,Newport,2008-12-01,8:00:00 AM,17.0,100,3.67,3.19,3.43,1.11,1.18,1.15,1.09,0.49,3.62,nd,2.39,200,nd,25,0,0,0,0,5200,0,0,,
NP120808,Newport,2008-12-08,8:05:00 AM,17.0,100,12.25,12.17,12.21,0.23,0.05,0.14,1.00,0.29,2.70,0.32,1.66,200,nd,25,51997,0,0,0,10399,0,0,,
NP121508,Newport,2008-12-15,7:35:00 AM,16.0,100,4.48,4.57,4.53,2.03,1.85,1.94,1.36,0.36,2.91,0.35,1.84,200,0.08,25,10399,0,0,0,0,20799,57197,,
NP122208,Newport,2008-12-22,8:23:00 AM,15.0,100,10.92,9.91,10.42,0.00,0.26,0.13,1.07,0.46,4.19,0.23,1.74,200,nd,25,31198,0,0,0,0,0,0,,
NP010709,Newport,2009-01-07,7:53:00 AM,14.5,100,4.52,4.91,4.72,1.57,2.15,1.86,0.81,0.40,1.86,0.13,2.20,200,nd,25,10399,0,0,0,0,0,0,,
NP011209,Newport,2009-01-12,8:15:00 AM,14.5,100,3.42,3.01,3.22,1.24,1.21,1.23,1.05,0.41,1.89,nd,1.00,200,nd,25,0,0,0,0,5200,0,0,,
NP011909,Newport,2009-01-19,8:35:00 AM,15.0,100,1.36,1.45,1.41,0.72,0.76,0.74,0.61,0.37,3.44,nd,3.12,200,nd,25,0,0,0,0,5200,0,0,,
NP012609,Newport,2009-01-26,7:20:00 AM,15.0,100,5.80,5.22,5.51,2.60,2.66,2.63,2.21,0.46,3.83,0.70,3.88,200,nd,25,5200,0,0,0,20799,0,0,,
NP020209,Newport,2009-02-02,8:00:00 AM,15.0,100,3.26,3.26,3.26,1.94,1.71,1.83,0.32,0.39,3.37,0.16,2.92,200,nd,25,0,0,0,0,46797,15599,0,,
NP020909,Newport,2009-02-09,9:05:00 AM,15.0,100,1.87,1.59,1.73,1.58,1.58,1.58,1.58,0.45,2.88,0.39,3.52,200,nd,25,0,0,0,0,5200,0,0,,
NP021809,Newport,2009-02-18,8:00:00 AM,14.5,100,2.98,2.12,2.55,1.39,1.29,1.34,2.26,0.54,5.60,0.32,2.35,200,nd,25,0,0,0,0,5200,25998,0,,
NP022309,Newport,2009-02-23,8:35:00 AM,14.5,100,3.54,3.62,3.58,1.21,0.57,0.89,1.87,0.51,4.69,0.28,2.48,200,nd,25,0,0,0,0,20799,0,0,,
NP030409,Newport,2009-03-04,8:35:00 AM,14.5,100,5.02,6.24,5.63,2.03,1.97,2.00,4.08,0.68,6.27,0.34,4.24,200,nd,25,0,0,0,0,25998,0,0,,
NP031109,Newport,2009-03-11,8:10:00 AM,15.0,100,6.11,7.68,6.90,1.51,0.71,1.11,0.60,0.39,2.55,0.14,2.12,200,nd,25,0,0,0,0,72796,0,20799,,
NP031709,Newport,2009-03-17,7:40:00 AM,15.5,100,10.30,10.35,10.33,1.69,0.54,1.12,0.38,0.30,1.96,nd,2.29,200,nd,25,0,0,0,0,155991,10399,0,,
NP032409,Newport,2009-03-24,8:22:00 AM,13.5,100,6.25,5.04,5.65,3.32,2.53,2.93,8.62,0.94,11.10,0.57,5.92,200,nd,25,0,5200,0,0,67596,10399,0,,
NP040109,Newport,2009-04-01,8:00:00 AM,15.0,100,8.81,8.33,8.57,2.30,2.46,2.38,0.81,0.36,8.52,nd,1.82,200,nd,25,0,0,0,0,150791,0,0,,
NP040609,Newport,2009-04-06,8:35:00 AM,15.0,100,1.68,1.57,1.63,1.01,0.96,0.985,0.88,0.47,5.51,0.13,4.89,200,nd,25,0,0,0,0,5200,0,0,,
NP041409,Newport,2009-04-14,7:45:00 AM,15.5,100,13.28,12.23,12.76,0.99,2.18,1.59,0.59,0.30,3.42,nd,1.83,200,nd,25,0,0,0,0,62396,57197,88395,,
NP042009,Newport,2009-04-20,8:02:00 AM,15.0,100,16.53,13.08,14.81,2.22,2.06,2.14,0.61,0.30,5.36,nd,2.52,200,nd,25,0,0,0,0,239186,46797,25998,,
NP042709,Newport,2009-04-27,8:05:00 AM,16.0,100,11.67,12.20,11.94,3.51,3.36,3.44,0.51,0.24,nd,nd,1.76,200,3.04,25,0,0,0,0,25998,0,41598,,
NP050509,Newport,2009-05-05,9:15:00 AM,16.5,100,4.15,11.15,7.65,9.55,4.93,7.24,0.91,0.23,nd,nd,1.58,200,0.25,25,0,0,0,0,5200,10399,51997,,
NP051109,Newport,2009-05-11,8:28:00 AM,18.0,100,4.28,5.34,4.81,3.33,3.18,3.26,0.62,0.17,nd,nd,3.29,200,0.06,25,0,0,0,0,5200,0,0,,
NP051809,Newport,2009-05-18,7:53:00 AM,20.0,100,3.97,4.76,4.37,2.48,3.37,2.93,0.61,0.17,nd,nd,1.46,200,nd,25,0,0,0,0,20799,0,0,,
NP052809,Newport,2009-05-28,7:45:00 AM,NaN,100,5.55,6.37,5.96,0.96,1.27,1.12,0.82,0.44,3.91,0.11,2.96,200,nd,25,0,0,0,0,15599,0,0,,
NP060209,Newport,2009-06-02,8:20:00 AM,17.0,100,3.99,4.36,4.18,1.17,1.15,1.16,1.86,0.42,6.08,0.17,2.01,200,0.04,25,0,0,0,0,46797,10399,0,,
NP060809,Newport,2009-06-08,8:44:00 AM,16.5,100,4.02,4.52,4.27,1.48,1.31,1.40,3.12,0.35,5.43,0.12,2.58,200,0.08,25,0,0,0,0,15599,41598,62396,,
NP061509,Newport,2009-06-15,8:38:00 AM,17.0,100,1.97,2.48,2.23,1.24,1.17,1.21,1.18,0.39,4.36,0.22,1.56,200,0.04,25,0,0,0,5200,0,20799,0,,
NP062209,Newport,2009-06-22,8:21:00 AM,19.5,100,2.40,2.33,2.37,1.26,1.21,1.24,0.63,0.39,4.88,nd,1.79,200,nd,25,0,0,0,0,0,20799,0,,
NP062909,Newport,2009-06-29,7:50:00 AM,17.5,100,15.78,14.17,14.98,-4.02,-3.03,-3.53,0.94,0.50,6.11,0.13,1.72,200,nd,25,0,0,5200,10399,31198,10399,0,,
NP070609,Newport,2009-07-06,7:56:00 AM,16.0,100,4.39,4.24,4.32,1.00,1.17,1.09,1.10,0.46,7.55,nd,1.42,200,nd,25,0,0,0,0,5200,20799,0,,
NP071309,Newport,2009-07-13,8:00:00 AM,21.0,100,2.18,2.43,2.31,0.83,0.76,0.80,0.84,0.31,1.01,0.15,2.34,200,nd,25,0,0,0,0,0,15599,0,,
NP072009,Newport,2009-07-20,9:20:00 AM,21.0,100,1.96,2.11,2.04,0.88,0.73,0.81,0.54,0.25,nd,0.15,1.73,200,nd,25,0,0,0,0,20799,20799,0,,
NP072709,Newport,2009-07-27,8:10:00 AM,23.0,100,1.52,1.87,1.70,0.68,0.82,0.75,0.45,0.22,nd,0.13,1.08,200,nd,25,0,0,0,0,5200,0,0,,
NP080309,Newport,2009-08-03,9:02:00 AM,22.0,100,1.75,2.01,1.88,1.11,1.11,1.11,3.12,0.39,2.83,0.27,2.39,200,nd,25,0,0,0,0,10399,0,0,,
NP081109,Newport,2009-08-11,8:15:00 AM,19.5,100,2.88,3.26,3.07,0.69,0.21,0.45,0.67,0.30,1.41,0.15,1.89,200,nd,25,0,0,0,5200,5200,0,0,,
NP081709,Newport,2009-08-17,8:15:00 AM,21.5,100,1.57,1.73,1.65,0.38,0.55,0.47,0.29,0.24,1.03,nd,0.47,200,nd,25,0,0,0,10399,5200,0,0,,
NP082509,Newport,2009-08-25,9:20:00 AM,20.0,100,1.89,1.84,1.87,0.91,0.92,0.92,0.98,0.28,1.27,0.28,2.18,200,nd,25,0,0,0,0,0,0,0,,
NP090209,Newport,2009-09-02,8:05:00 AM,23.0,100,1.24,1.21,1.23,0.49,0.53,0.51,0.50,0.25,1.96,0.11,1.26,200,nd,25,0,0,0,0,0,0,0,,
NP090909,Newport,2009-09-09,9:40:00 AM,24.0,100,1.66,1.51,1.59,0.61,0.49,0.55,0.57,0.22,1.05,nd,1.55,200,nd,25,0,0,0,0,5200,0,0,,
NP091409,Newport,2009-09-14,8:25:00 AM,22.0,100,1.24,1.10,1.17,0.63,0.58,0.61,0.62,0.24,nd,nd,1.17,200,nd,25,0,0,0,0,5200,0,0,,
NP092209,Newport,2009-09-22,8:30:00 AM,21.0,100,1.80,0.46,1.13,1.48,2.88,2.18,0.46,0.33,1.62,0.1,1.43,200,nd,25,0,0,0,31198,15599,20799,0,,
NP092809,Newport,2009-09-28,8:20:00 AM,21.0,100,2.79,2.56,2.68,0.59,0.77,0.68,0.57,0.27,1.27,nd,1.51,200,nd,25,0,0,0,72796,10399,0,0,,
NP100509,Newport,2009-10-05,7:50:00 AM,19.5,100,3.27,3.50,3.39,1.16,1.12,1.14,0.57,0.40,2.40,nd,1.63,200,nd,25,0,0,0,114393,0,0,0,,
NP101309,Newport,2009-10-13,8:20:00 AM,19.0,100,1.97,1.94,1.96,0.88,0.84,0.86,0.59,0.39,3.29,nd,1.9,200,nd,25,0,0,0,31198,10399,0,0,,
NP101909,Newport,2009-10-19,8:25:00 AM,21.0,100,3.65,3.50,3.58,1.08,1.17,1.13,0.28,0.29,2.35,nd,1.42,200,nd,25,0,0,0,41598,10399,15599,20799,,
NP102709,Newport,2009-10-27,8:10:00 AM,20.0,100,0.85,0.65,0.75,0.43,0.43,0.43,0.69,0.33,1.20,0.16,2.02,200,nd,25,0,0,0,5200,0,0,0,,
NP110309,Newport,2009-11-03,8:16:00 AM,16.0,100,5.83,5.58,5.71,-0.49,0.61,0.06,0.36,0.39,3.27,0.14,1.53,200,nd,25,5200,0,0,114393,0,0,0,,
NP111009,Newport,2009-11-10,8:10:00 AM,17.0,100,1.45,1.26,1.36,1.28,1.40,1.34,0.71,1.82,2.99,nd,2.21,200,nd,25,5200,0,0,5200,0,0,0,,
NP111809,Newport,2009-11-18,8:05:00 AM,17.0,200,1.55,NaN,1.55,0.45,NaN,0.45,0.48,0.28,8.96,0.11,1.65,200,nd,25,0,0,0,15599,0,0,0,,
NP112409,Newport,2009-11-24,8:08:00 AM,17.5,100,6.28,6.41,6.35,0.33,0.81,0.57,0.65,0.24,2.72,0.27,2.33,200,nd,25,0,0,0,62396,0,0,0,,
NP113009,Newport,2009-11-30,8:20:00 AM,16.0,100,4.76,5.21,4.99,0.85,0.83,0.84,0.51,0.32,4.26,0.11,2.12,200,nd,25,0,0,0,10399,0,0,0,,
NP120709,Newport,2009-12-07,8:55:00 AM,16.0,100,2.24,2.15,2.20,1.01,0.87,0.94,0.52,0.29,2.34,0.11,2.18,200,nd,25,0,0,0,0,0,0,0,,
NP121509,Newport,2009-12-15,7:27:00 AM,15.5,200,NaN,1.60,1.60,NaN,0.85,0.85,0.59,0.27,2.90,0.11,1.98,200,nd,25,0,0,0,0,0,0,0,,
NP122109,Newport,2009-12-21,7:55:00 AM,16.0,100,26.86,24.75,25.81,0.19,0.47,0.33,0.56,0.19,1.89,0.36,2.38,200,nd,25,0,0,0,36398,0,0,0,,
NP010610,Newport,2010-01-06,8:30:00 AM,15.5,100,1.47,1.43,1.45,0.68,0.80,0.74,0.43,0.23,2.79,nd,1.74,200,nd,25,0,0,0,5200,0,0,0,,
NP011210,Newport,2010-01-12,7:17:00 AM,16.0,100,0.74,0.68,0.71,0.44,0.31,0.38,0.43,0.20,1.33,0.13,1.38,200,nd,25,0,0,0,0,0,0,0,,
NP012010,Newport,2010-01-20,8:11:00 AM,16.0,100,1.70,1.44,1.57,1.80,1.62,1.71,0.84,0.29,2.86,0.17,2.61,200,nd,25,0,0,0,5200,0,0,0,,
NP012510,Newport,2010-01-25,7:36:00 AM,16.0,100,1.15,0.93,1.04,1.18,1.13,1.16,1.12,0.36,3.53,0.21,2.7,200,nd,25,0,0,0,0,5200,0,0,,
NP020110,Newport,2010-02-01,7:32:00 AM,15.5,100,5.93,6.48,6.21,1.88,1.95,1.92,1.51,0.35,4.59,0.28,2.39,200,nd,25,0,0,0,0,0,0,0,,
NP020810,Newport,2010-02-08,7:12:00 AM,15.0,100,1.30,1.54,1.42,1.44,1.33,1.39,2.45,0.45,3.71,0.3,2.01,200,nd,25,0,0,0,0,0,0,0,,
NP021510,Newport,2010-02-15,8:32:00 AM,16.0,100,10.85,10.82,10.84,2.01,0.35,1.18,1.73,0.35,3.17,0.29,1.9,200,nd,25,0,0,0,41598,31198,0,0,,
NP022210,Newport,2010-02-22,9:15:00 AM,16.0,100,5.84,5.77,5.81,2.75,3.09,2.92,1.17,0.22,2.70,0.15,1.78,200,nd,25,0,0,0,0,0,0,0,,
NP030110,Newport,2010-03-01,7:21:00 AM,16.0,100,7.98,10.22,9.10,0.20,-4.34,-2.07,1.93,0.37,3.44,0.62,3.39,200,nd,25,0,0,0,0,5200,0,0,,
NP030810,Newport,2010-03-08,9:41:00 AM,16.0,100,4.98,4.82,4.90,2.07,2.13,2.10,5.05,0.63,7.88,0.18,1.51,200,nd,25,0,0,0,5200,0,0,0,,
NP031510,Newport,2010-03-15,8:46:00 AM,15.0,100,11.81,11.33,11.57,0.32,0.25,0.29,1.56,0.23,2.25,0.13,1.65,200,nd,25,0,0,0,0,0,41598,192388,,
NP032210,Newport,2010-03-22,8:36:00 AM,15.0,100,5.7,5.25,5.48,1.03,1.47,1.25,0.53,0.18,nd,nd,1.06,200,0.06,25,0,0,0,0,5200,10399,135192,,
NP033110,Newport,2010-03-31,8:24:00 AM,16.5,100,12.04,11.66,11.85,-0.69,0.38,-0.16,0.47,0.27,1.94,0.29,3.07,200,nd,25,0,0,0,98794,51997,0.0,0,,
NP040510,Newport,2010-04-05,9:30:00 AM,16.5,100,2.34,2.62,2.48,1.26,1.31,1.29,1.01,0.23,2.34,0.46,4.18,200,nd,25,0,0,0,15599,31198,0.0,0,,
NP041210,Newport,2010-04-12,8:35:00 AM,16.5,100,1.02,1.02,1.02,1.51,1.56,1.54,0.49,0.25,2.68,nd,1.62,200,nd,25,0,0,0,0,5200,0,0,,
NP041810,Newport,2010-04-18,11:45:00 AM,18.0,100,3.74,3.82,3.78,0.33,0.46,0.40,0.36,0.34,4.31,nd,1.41,200,nd,25,0,0,0,36398,5200,0,0,,
NP042610,Newport,2010-04-26,7:30:00 AM,15.0,100,10.65,12.19,11.42,0.40,0.73,0.57,7.05,0.40,9.04,0.55,1.62,200,nd,25,0,0,0,34665,69329,60663,69329,,
NP050310,Newport,2010-05-03,7:30:00 AM,15.0,100,10.65,9.55,10.10,1.46,1.03,1.25,0.41,0.18,nd,0.31,1.25,200,0.1,25,0,0,0,0,10399,135192,129992,,
NP051010,Newport,2010-05-10,7:13:00 AM,16.5,100,6.30,6.71,6.51,2.99,2.77,2.88,0.27,0.20,nd,0.18,1.78,200,0.1,25,0,0,0,0,41598,72796,0,,
NP051710,Newport,2010-05-17,9:00:00 AM,17.0,100,2.12,2.34,2.23,1.26,0.77,1.02,0.89,0.19,1.29,0.62,3.62,200,nd,25,0,0,0,5200,0,0,10399,,
NP052410,Newport,2010-05-24,7:30:00 AM,14.0,100,2.83,3.22,3.03,1.64,1.95,1.80,7.94,0.66,7.82,0.4,2.47,200,nd,25,0,0,0,0,0,0,0,,
NP060210,Newport,2010-06-02,10:44:00 AM,19.0,100,6.76,6.64,6.70,2.11,2.23,2.17,0.48,0.21,5.83,nd,1.48,200,nd,25,7799.531278,0,0,0,5200,15599,5200,,
NP061010,Newport,2010-06-10,10:30:00 AM,19.0,100,3.02,2.60,2.81,-0.73,-0.19,-0.46,0.73,0.23,2.5,nd,1.71,200,nd,25,0,0,0,5199.687519,7800,15599,2599.843759,,
NP061610,Newport,2010-06-16,10:15:00 AM,20.0,100,5.62,4.90,5.26,0.21,-0.16,0.03,0.77,0.16,3.09,0.24,2.69,200,0.04,25,0,0,0,46797,15599,0,0,,
NP062210,Newport,2010-06-22,8:40:00 AM,20.5,100,9.74,10.11,9.93,-1.21,-0.30,-0.76,0.53,0.11,2.40,0.36,2.56,200,0.09,25,0,0,0,852749,88395,0,0,,
NP062810,Newport,2010-06-28,8:12:00 AM,20.0,100,2.22,1.55,1.89,1.07,1.34,1.21,nd,0.17,5.51,nd,0.32,200,nd,25,0,0,0,49397,12999,2600,0,,
NP070610,Newport,2010-07-06,7:25:00 AM,19.0,100,0.88,0.82,0.85,0.14,0.32,0.23,0.54,0.22,2.31,nd,1.95,200,0.05,25,0,0,0,2600,7800,109193,31198,,
NP071210,Newport,2010-07-12,9:35:00 AM,19.5,100,4.86,5.30,5.08,-1.61,-1.87,-1.74,0.37,0.16,3.55,nd,1.76,200,nd,25,2600,0,0,5200,70196,5200,2600,,
NP071910,Newport,2010-07-19,9:05:00 AM,20.0,100,1.31,1.27,1.29,0.53,0.64,0.59,0.97,0.16,3.48,0.29,6.02,200,nd,25,0,0,0,0,4952,9904,0,,
NP072810,Newport,2010-07-28,11:45:00 AM,18.0,100,1.97,2.29,2.13,1.26,1.04,1.15,0.21,0.25,4.56,0.11,1.89,200,0.34,25,0,0,0,41598,49397,70196,0,,
NP080310,Newport,2010-08-03,8:35:00 AM,17.0,100,4.91,4.99,4.95,1.82,1.60,1.71,0.38,0.17,1.41,0.38,4.66,200,0.05,25,0,0,0,5200,5200,0,0,,
NP080910,Newport,2010-08-09,8:53:00 AM,19.0,100,1.12,1.18,1.15,1.60,1.50,1.55,0.29,0.19,3.73,nd,1.47,200,0.06,25,0,0,5200,0,10399,0,0,,
NP081810,Newport,2010-08-18,9:25:00 AM,17.5,100,7.37,9.95,8.66,0.53,-3.95,-1.71,0.84,0.16,nd,nd,1.86,200,0.07,25,0,0,0,0,31198,181989,41598,,
NP082510,Newport,2010-08-25,8:30:00 AM,18.0,100,1.64,1.58,1.61,1.17,1.11,1.14,0.56,0.22,5.29,nd,1.63,200,nd,25,0,0,0,0,15599,0,0,,
NP083010,Newport,2010-08-30,9:07:00 AM,19.5,100,1.25,1.33,1.29,0.69,0.72,0.71,0.73,0.22,5.26,0.11,1.37,200,nd,25,0,0,0,0,5200,0,0,,
NP090910,Newport,2010-09-09,8:48:00 AM,19.5,100,1.22,1.66,1.44,1.98,1.34,1.66,4.01,0.63,5.00,0.26,4.53,200,nd,25,0,0,0,0,20799,10399,36398,,
NP091310,Newport,2010-09-13,8:35:00 AM,16.0,100,1.56,1.49,1.53,1.05,0.91,0.98,0.78,0.27,1.76,nd,3.48,200,nd,25,0,0,0,0,5200,0,0,,
NP092010,Newport,2010-09-20,8:55:00 AM,17.5,100,3.18,3.43,3.31,0.96,1.23,1.10,0.52,0.15,nd,0.19,2.87,200,nd,25,0,0,2600,2600,2600,25998,0,,
NP092710,Newport,2010-09-27,8:42:00 AM,20.0,100,6.09,5.21,5.65,-2.31,-2.15,-2.23,0.57,0.20,2.16,nd,1.59,200,nd,25,0,0,0,0,2600,0,0,,
NP100410,Newport,2010-10-04,9:00:00 AM,19.5,100,2.84,2.57,2.71,0.91,0.99,0.95,0.28,0.23,2.43,0.26,1.86,200,0.06,25,0,0,0,25998,20799,0,0,,
NP101310,Newport,2010-10-13,8:15:00 AM,20.0,100,1.53,1.27,1.40,0.75,0.81,0.78,0.29,0.16,1.22,0.12,1.49,200,nd,25,2600,0,0,18199,5200,0,0,,
NP101910,Newport,2010-10-19,8:58:00 AM,19.0,100,1.50,1.79,1.65,1.57,1.81,1.69,0.95,0.27,2.15,0.1,2.99,200,nd,25,0,0,0,5200,7800,0,0,,
NP102510,Newport,2010-10-25,7:11:00 AM,20.0,100,3.09,3.30,3.20,1.26,1.40,1.33,0.65,0.24,2.78,nd,1.77,200,nd,25,2600,0,0,0,2600,5200,0,,
NP110110,Newport,2010-11-01,8:45:00 AM,17.5,100,2.82,2.37,2.60,1.13,1.21,1.17,1.03,0.28,2.34,0.14,2.03,200,nd,25,0,0,0,0,0,0,0,,
NP110810,Newport,2010-11-08,8:55:00 AM,18.0,100,3.91,3.97,3.94,0.71,0.95,0.83,0.65,0.23,2.45,0.12,1.29,200,nd,25,0,0,0,0,0,41598,18199,,
NP111510,Newport,2010-11-15,8:34:00 AM,17.5,100,3.86,3.63,3.75,-0.81,-0.79,-0.80,0.46,0.2,2.55,nd,1.78,200,nd,25,0,0,0,0,5200,0,0,,
NP112910,Newport,2010-11-29,8:34:00 AM,11.5,100,5.35,5.86,5.61,3.04,1.58,2.31,11.64,1.08,11.7,0.36,4.33,200,nd,25,12999,0,2600,5200,0,5200,0,,
NP120610,Newport,2010-12-06,9:03:00 AM,15.0,100,38.97,35.40,37.19,-4.07,-2.57,-3.32,0.49,0.29,nd,nd,1.65,200,0.07,25,83195,0,0,0,7800,475771,49397,,
NP121310,Newport,2010-12-13,10:54:00 AM,16.0,100,2.78,2.49,2.64,1.57,1.41,1.49,0.54,0.31,1.9,nd,1.79,200,0.06,25,7800,0,0,0,0,12999,80595,,
NP122010,Newport,2010-12-20,10:10:00 AM,14.3,100,2.14,2.14,2.14,1.52,1.19,1.355,1.75,0.52,3.4,0.15,1.75,200,nd,25,2600,0,2600,2600,0,5200,7800,,
NP010311,Newport,2011-01-03,9:50:00 AM,13.0,100,7.13,8.03,7.58,1.14,0.4,0.77,2.41,0.51,5.14,0.15,2.01,200,0.05,25,20799,0,5200,5200,2600,0,0,,
NP011011,Newport,2011-01-10,9:45:00 AM,13.8,100,3.06,3.39,3.23,0.96,0.82,0.89,0.85,0.3,2.11,0.12,2.24,200,nd,25,2600,0,0,2600,0,0,0,,
NP011711,Newport,2011-01-17,10:20:00 AM,15.0,100,5.9,5.04,5.48,0.63,0.47,0.55,1.28,0.35,2.71,0.14,3.06,200,nd,25,10399,5200,0,0,7800,0,10399,,
NP012411,Newport,2011-01-24,9:40:00 AM,16.0,100,4.62,4.94,4.78,1.32,1.02,1.17,0.26,0.19,nd,nd,0.45,200,nd,25,0,10399,0,2600,2600,28598,36398,,
NP013111,Newport,2011-01-31,9:25,16.0,100,9.01,9.32,9.17,2.87,1.41,2.14,0.55,0.34,1.34,0.1,0.85,200,nd,25,0,0,0,0,2600,28598,38998,,
NP020711,Newport,2011-02-07,9:15:00 AM,17.0,100,2.28,2.74,2.51,1.01,1.00,1.01,0.28,0.22,1.02,nd,0.4,200,nd,25,0,0,0,0,0,5200,2600,,
NP021411,Newport,2011-02-14,9:05:00 AM,15.5,100,1.83,1.37,1.60,1.12,1.30,1.21,0.41,0.24,1,nd,2.36,200,nd,25,2536,5073,5073,2536,78629,5073,0,,
NP022211,Newport,2011-02-22,9:10:00 AM,15.5,100,10.34,8.04,9.19,0.35,0.91,0.63,1.2,0.29,1.29,nd,1.89,200,nd,25,0,0,2600,0,7800,10399,5200,,
NP030111,Newport,2011-03-01,9:20:00 AM,15.5,100,5.98,5.10,5.54,0.99,1.42,1.21,2.43,0.36,3.71,0.11,0.93,200,0.05,25,0,23399,5200,0,20799,54597,15599,,
NP030811,Newport,2011-03-08,8:55:00 AM,13.5,100,6.3,5.60,5.95,2.54,3.16,2.85,12.01,1.01,10.9,0.39,3.33,200,0.10,25,0,0,0,0,10399,23399,10399,,
NP031411,Newport,2011-03-14,8:50:00 AM,15.0,100,4.67,7.89,6.28,3.54,2.77,3.16,0.61,0.42,1.6,nd,2,200,0.05,25,2600,15599,2600,2600,49397,36398,49397,,
NP032111,Newport,2011-03-21,9:05:00 AM,14.5,100,2.05,2.19,2.12,0.74,0.54,0.64,1.89,0.43,3.11,nd,1.2,200,nd,25,0,0,2600,0,2600,0,0,,
NP032811,Newport,2011-03-28,8:40:00 AM,16.0,100,NaN,4.02,4.02,NaN,2.05,2.05,1.96,0.31,7.44,nd,3.38,200,nd,25,0,0,5200,7800,72796,0,0,,
NP040411,Newport,2011-04-04,7:40:00 AM,17.0,100,2.62,2.37,2.50,1.59,1.34,1.47,0.4,0.25,4.61,nd,2.41,200,nd,25,0,15599,0,2600,7800,10399,0,,
NP041111,Newport,2011-04-11,8:40:00 AM,16.0,100,9.46,9.44,9.45,2.41,1.49,1.95,0.65,0.18,1.78,nd,0.62,200,nd,25,0,0,0,0,0,847549,187189,,
NP041811,Newport,2011-04-18,8:35:00 AM,17.0,100,8.54,6.78,7.66,3.46,3.33,3.40,nd,0.16,nd,nd,1.27,200,0.49,25,0,0,0,0,7800,231386,207988,,
NP042511,Newport,2011-04-25,10:00:00 AM,18.0,100,3.95,4.10,4.03,1.99,2.06,2.03,1.64,0.28,4.03,0.17,4.34,200,nd,25,0,0,0,0,38998,5200,2600,,
NP050211,Newport,2011-05-02,8:50:00 AM,14.0,100,7.35,6.44,6.90,2.35,2.44,2.40,13.19,1.23,13.6,0.31,4.06,200,nd,25,0,0,2600,0,0,51997,28598,,
NP050911,Newport,2011-05-09,8:35:00 AM,17.0,100,10.04,11.47,10.76,7.29,7.49,7.39,1.59,0.66,5.18,nd,4.44,200,nd,25,0,0,0,0,38998,23399,5200,,
NP051611,Newport,2011-05-16,9:30:00 AM,16.5,100,4.43,3.23,3.83,1.73,2.58,2.16,2.63,0.54,7.7,0.16,1.96,200,nd,25,0,31198,0,0,46797,0,15599,,
NP052311,Newport,2011-05-23,9:05:00 AM,18.0,100,3.10,2.44,2.77,1.45,1.23,1.34,0.35,0.26,3.54,nd,1.25,200,nd,25,0,0,0,0,15599,5200,0,,
NP053111,Newport,2011-05-31,9:05:00 AM,15.0,100,7.77,10.29,9.03,1.34,0.21,0.78,5.98,0.57,7.03,0.17,1.03,200,0.11,5,0,0,0,0,34665,5858315,207988,,
NP060611,Newport,2011-06-06,8:45:00 AM,17.5,100,9.29,8.28,8.79,2.16,1.81,1.99,nd,0.12,1.09,nd,0.8,200,0.05,5,0,0,0,0,90995,1312921,142991,,
NP061311,Newport,2011-06-13,8:55:00 AM,19.0,100,2.62,2.44,2.53,0.27,0.38,0.33,nd,0.13,nd,nd,0.64,200,nd,25,0,0,0,0,23399,2600,0,,
NP062111,Newport,2011-06-21,9:10:00 AM,19.5,100,0.68,0.40,0.54,5.60,6.25,5.93,nd,0.23,1.24,nd,1.31,200,nd,25,0,0,2600,0,15599,0,0,,
NP062711,Newport,2011-06-27,9:05:00 AM,20.0,100,2.36,2.33,2.35,0.65,0.79,0.72,0.22,0.16,1.91,NaN,11.7,200,nd,25,0,2600,0,0,23399,12999,18199,,
NP070511,Newport,2011-07-05,9:05:00 AM,23.0,100,2.81,2.34,2.58,0.90,0.77,0.84,nd,0.17,3.9,NaN,17.9,200,nd,25,2600,0,0,2600,7800,10399,0,,
NP071111,Newport,2011-07-11,9:15:00 AM,20.0,100,2.01,2.10,2.06,0.60,0.56,0.58,nd,0.22,3.79,NaN,31.6,200,nd,25,0,0,0,2600,2600,5200,0,,
NP071811,Newport,2011-07-18,8:55:00 AM,20.5,100,2.72,2.74,2.73,1.12,0.49,0.81,nd,0.28,4.4,NaN,11.9,200,nd,25,0,0,0,10399,2600,64996,12999,,
NP072511,Newport,2011-07-25,9:15:00 AM,21.0,100,2.14,2.17,2.16,0.66,0.72,0.69,nd,0.25,3.91,NaN,28.5,200,nd,25,10399,2600,0,2600,20799,57197,70196,,
NP080111,Newport,2011-08-01,9:20:00 AM,16.5,100,2.8,3.29,3.05,2.94,1.27,2.11,0.98,0.34,2.87,NaN,27.9,200,nd,25,5200,0,0,2600,10399,62396,12999,,
NP080811,Newport,2011-08-08,9:45:00 AM,18.5,100,2.47,2.50,2.49,0.80,0.88,0.84,nd,0.2,nd,NaN,12.9,200,nd,25,0,0,0,0.0,5200,59796,28598,,
NP081511,Newport,2011-08-15,8:50:00 AM,20.5,100,1.20,1.28,1.24,0.61,0.99,0.80,nd,0.22,1.85,NaN,10.1,200,nd,25,0,0,0,2600,5200,0,0,,
NP082211,Newport,2011-08-22,9:10:00 AM,21.0,100,1.63,1.68,1.66,0.83,0.86,0.85,nd,0.17,nd,NaN,77,200,nd,25,0,0,0,0,0,0,0,,
NP082911,Newport,2011-08-29,9:20:00 AM,19.5,100,1.93,2.19,2.06,0.91,0.69,0.80,0.22,0.3,4.29,nd,2.44,200,nd,25,0,0,0,15599,0,0,0,,
NP090711,Newport,2011-09-07,9:10:00 AM,18.0,100,4.54,3.09,3.82,0.85,2.45,1.65,nd,0.27,6,nd,2.53,200,nd,25,0,0,2600,142991,2600,18199,12999,,
NP091211,Newport,2011-09-12,9:10:00 AM,20.0,100,1.11,1.39,1.25,0.40,0.31,0.36,nd,0.2,2.15,nd,0.77,200,nd,25,0,0,0,67596,12999,41598,0,,
NP091911,Newport,2011-09-19,8:40:00 AM,19.0,100,2.88,2.31,2.60,2.70,2.48,2.59,nd,0.23,1.48,nd,1.11,200,nd,25,0,0,0,301582,5200,0,0,,
NP092711,Newport,2011-09-27,8:30:00 AM,19.0,100,0.15,0.12,0.14,2.76,3.27,3.02,nd,0.2,3.59,nd,2.22,200,nd,25,0,0,0,15599,7800,0,0,,
NP100311,Newport,2011-10-03,8:40:00 AM,19.0,50,NaN,3.20,3.20,NaN,8.77,8.77,nd,0.25,4.09,nd,13.2,200,NaN,10,6500,0,6500,812451,19499,38998,0,,
NP101011,Newport,2011-10-10,8:40:00 AM,19.0,100,2.73,1.44,2.09,1.15,1.98,1.57,nd,0.23,2.44,nd,0.93,200,0.04,25,2600,0,0,23399,7800,10399,5200,,
NP101711,Newport,2011-10-17,8:30:00 AM,18.5,100,1.45,1.35,1.40,0.79,0.57,0.68,0.25,0.24,1.64,0.11,17.9,200,nd,25,0,0,0,20799,0,15599,0,,
NP102411,Newport,2011-10-24,8:40:00 AM,18.0,100,1.65,1.74,1.70,0.75,0.84,0.80,0.23,0.17,1.9,nd,1.2,200,nd,25,0,0,0,5200,5200,0,0,,
NP103111,Newport,2011-10-31,8:30:00 AM,17.0,100,1.91,1.76,1.84,0.93,0.66,0.80,0.25,0.24,2.77,nd,3.66,200,nd,25,0,0,0,2600,7800,7800,10399,,
NP110711,Newport,2011-11-07,8:30:00 AM,16.5,100,3.07,3.01,3.04,1.51,1.73,1.62,0.42,0.35,2.48,nd,3.57,200,nd,25,0,0,0,5200,10399,5200,0,,
NP111411,Newport,2011-11-14,8:40:00 AM,17.5,100,0.65,0.55,0.60,0.22,0.31,0.27,0.26,0.27,2.11,nd,3.32,200,nd,25,0,0,0,0,0,15599,2600,,
NP112111,Newport,2011-11-21,8:40:00 AM,17.0,100,2.66,2.62,2.64,0.69,0.70,0.70,nd,0.21,nd,nd,0.73,200,nd,25,0,0,0,2600,0,28598,64996,,
NP112811,Newport,2011-11-28,8:30:00 AM,17.0,100,4.07,3.66,3.87,1.54,1.26,1.40,0.22,0.2,nd,nd,0.98,200,0.05,25,0,0,0,0.0,2600,51997,33798,,
NP120511,Newport,2011-12-05,8:40:00 AM,15.5,100,1.19,1.39,1.29,0.58,0.56,0.57,nd,0.21,nd,nd,0.21,200,nd,25,0,0,0,0,0,0,0,,
NP121211,Newport,2011-12-12,9:00:00 AM,15.0,100,2.71,2.34,2.53,1.02,1.06,1.04,0.31,0.23,nd,nd,0.24,200,nd,25,0,0,0,0,0,0,0,,
NP121911,Newport,2011-12-19,8:35:00 AM,14.0,100,0.05,0.05,0.05,1.94,1.71,1.83,0.48,0.33,2.08,nd,4.40,200,nd,25,5200,0,0,2600,0,10399,0,,
NP010312,Newport,2012-01-03,8:40:00 AM,14.0,100,2.21,2.04,2.13,0.88,0.68,0.78,0.68,0.31,2.79,0.10,0.77,200,nd,25,25998,0,0,0,2600,0,0,,
NP020612,Newport,2012-02-06,8:45:00 AM,16.0,100,2.54,2.44,2.49,0.40,0.91,0.66,0.27,0.28,3.70,nd,0.77,200,0.06,25,0,0,0,0,12999,28598,20799,,
NP021312,Newport,2012-02-13,8:45:00 AM,16.0,100,3.60,5.39,4.50,3.85,3.80,3.83,nd,0.22,nd,nd,0.47,200,nd,25,2600,0,2600,0,15599,0,12999,,
NP022112,Newport,2012-02-21,9:20:00 AM,13.0,100,2.78,2.71,2.75,3.11,1.06,2.09,nd,0.15,1.38,0.10,0.57,200,nd,25,0,0,0,0.0,2600,0,0,,
NP022712,Newport,2012-02-27,8:45:00 AM,15.0,100,2.42,2.35,2.39,0.65,0.75,0.70,0.28,0.16,nd,nd,1.35,200,nd,25,0,0,0,0.0,7800,0,0,,
NP030512,Newport,2012-03-05,8:45:00 AM,16.0,100,8.20,7.51,7.86,2.45,2.59,2.52,nd,0.14,nd,nd,0.49,200,nd,25,0,0,0,0.0,5200,20799,15599,,
NP031212,Newport,2012-03-12,8:50:00 AM,14.0,100,13.83,14.31,14.07,3.24,4.52,3.88,0.62,0.27,1.21,nd,0.43,200,nd,25,0,0,0,0.0,5200,0,12999,,
NP031912,Newport,2012-03-19,9:00:00 AM,13.5,100,8.64,8.70,8.67,5.61,6.58,6.10,5.83,0.43,6.04,0.27,3.80,200,nd,25,0,0,0,0,0,15599,10399,,
NP032612,Newport,2012-03-26,8:50:00 AM,15.0,100,3.46,2.89,3.18,0.61,0.06,0.34,1.33,0.21,1.95,nd,0.52,200,nd,25,0,0,0,0,0,0,0,,
NP040212,Newport,2012-04-02,9:00,15.0,100.0,13.2,13.20,13.20,6.17,4.36,5.27,0.60,nd,nd,nd,2.74,200,0.05,10,0,0,0,0,6500,0,90995,,
NP040912,Newport,2012-04-09,8:40,16.0,100.0,4.17,3.91,4.04,1.99,1.76,1.88,0.61,0.17,4.07,nd,2.31,200,nd,25,0,0,0,0,0,10399,5200,,
NP041612,Newport,2012-04-16,8:40,15.0,100.0,9.72,10.21,9.97,4.16,3.01,3.59,3.37,0.81,8.83,0.22,2.66,200,0.63,25,0,0,0,0,0,71496,246985,,
NP042312,Newport,2012-04-23,8:45,17.0,100.0,3.22,3.28,3.25,2.52,2.14,2.33,2.22,0.46,1.95,0.11,3.60,200,0.07,25,0,0,0,0,0,67596,158590,,
NP050112,Newport,2012-05-01,8:10,15.5,100.0,2.87,3.24,3.06,0.71,1.15,0.93,0.32,0.17,nd,nd,1.25,200,0.19,25,0,0,0,0,2600,77995,49397,,
NP050712,Newport,2012-05-07,8:25,17.0,100.0,1.04,0.88,0.96,0.78,0.86,0.82,0.42,0.22,1.01,nd,1.51,200,nd,25,0,0,0,0,0,0,0,,
NP051412,Newport,2012-05-14,8:45,18.0,100.0,2.95,2.92,2.94,NaN,NaN,NaN,1.06,0.43,2.3,0.1,3.08,200,nd,25,0,0,0,0,0,75395,7800,,
NP052112,Newport,2012-05-21,8:55,19.5,100.0,3.9,3.90,3.90,NaN,NaN,NaN,0.48,0.33,1.95,nd,1.58,200,nd,25,0,2600,2600,0,77995,57197,5200,,
NP052912,Newport,2012-05-29,8:55,18.5,100.0,2.77,3.08,2.93,NaN,NaN,NaN,0.39,0.27,nd,nd,3.18,200,nd,25,0,0,0,0,2600,103994,12999,,
NP060412,Newport,2012-06-04,8:45,20.0,100.0,3.4,3.47,3.44,NaN,NaN,NaN,0.4,0.28,nd,0.11,1.4,200,nd,25,0,0,0,0,0,28598,10399,,
NP061112,Newport,2012-06-11,8:45,21.5,100.0,1.45,1.27,1.36,NaN,NaN,NaN,1.17,0.37,1.63,nd,4.82,200,nd,25,0,0,0,0,12999,5200,0,,
NP061812,Newport,2012-06-18,8:40,20.0,100.0,0.29,0.29,0.29,NaN,NaN,NaN,0.43,0.39,1.78,0.1,1.98,200,nd,25,0,0,0,0,7800,5200,0,,
NP062512,Newport,2012-06-25,8:40,18.0,100.0,3.27,3.27,3.27,NaN,NaN,NaN,0.24,0.22,3.54,nd,0.52,200,nd,25,0,0,0,0,46797,259984,15599,,
NP070212,Newport,2012-07-02,8:45,19.0,100.0,4.82,4.82,4.82,NaN,NaN,NaN,0.58,0.16,1.41,nd,1.98,200,0.10,25,0,0,5200,2600,83195,504370,7800,,
NP070912,Newport,2012-07-09,9:00,19.0,100.0,3.11,3.11,3.11,NaN,NaN,NaN,2.37,0.23,nd,nd,2.28,200,nd,25,0,0,2600,0,7800,23399,2600,,
NP071612,Newport,2012-07-16,8:30,20.0,100.0,1.27,1.27,1.27,NaN,NaN,NaN,0.55,0.14,nd,0.11,2.34,200,nd,25,0,0,0,0,0,28598,12999,,
NP072312,Newport,2012-07-23,8:30,21.0,100.0,1.33,1.33,1.33,NaN,NaN,NaN,0.57,0.27,nd,nd,2.05,200,nd,25,0,0,0,0,5200,5200,0,,
NP080612,Newport,2012-08-06,8:45,19.5,100.0,1,0.99,1.00,NaN,NaN,NaN,0.44,0.41,nd,nd,3.09,200,nd,25,0,0,0,0,0,0,0,,
NP081312,Newport,2012-08-13,10:55,22.0,100.0,1.15,1.52,1.34,NaN,NaN,NaN,0.33,0.46,nd,nd,1.72,200,nd,25,0,0,0,0,0,0,0,,
NP082012,Newport,2012-08-20,9:10,20.5,100.0,1.21,1.40,1.31,NaN,NaN,NaN,0.26,0.27,nd,nd,0.67,200,nd,25,0,0,0,0,0,2600,0,,
NP082712,Newport,2012-08-27,9:20,22.5,100.0,2.31,2.26,2.29,NaN,NaN,NaN,0.81,0.23,nd,nd,18.80,200,nd,25,0,0,2600,0,2600,70196,0,,
NP090412,Newport,2012-09-04,6:40,21.5,100.0,1.78,1.51,1.65,NaN,NaN,NaN,0.34,0.24,1.82,nd,0.97,200,nd,25,0,0,0,0,0,7800,0,,
NP091012,Newport,2012-09-10,9:45,23.0,100.0,0.54,0.61,0.58,NaN,NaN,NaN,0.68,0.22,1.64,nd,1.81,200,nd,25,0,0,0,0,0,41598,23399,,
NP091712,Newport,2012-09-17,7:55,19.5,100,0.25,0.26,0.26,NaN,NaN,NaN,0.29,0.24,2.00,nd,1.11,200,nd,25,0,0,0,0,0,44197,59796,,
NP092412,Newport,2012-09-24,9:50,22.0,100.0,4.83,5.08,4.96,NaN,NaN,NaN,0.90,0.21,3.89,nd,33.70,200,nd,25,0,0,2600,0,25998,0,0,,
NP100112,Newport,2012-10-01,7:10,19.0,100.0,0.18,0.15,0.17,NaN,NaN,NaN,0.24,0.22,nd,0.15,1.33,200,nd,25,0,0,0,0,7800,0,0,,
NP100812,Newport,2012-10-08,7:00,21.0,100.0,0.29,0.52,0.41,NaN,NaN,NaN,0.25,0.16,nd,nd,1.34,200,nd,25,0,0,0,0,12999,10399,0,,
NP101512,Newport,2012-10-15,NaN,18.0,100.0,4.75,4.92,4.84,NaN,NaN,NaN,nd,0.31,nd,nd,0.63,200,nd,25,0,0,0,5200,5200,5200,15599,,
NP102212,Newport,2012-10-22,10:20,NaN,100.0,0.96,0.43,0.70,NaN,NaN,NaN,0.25,0.24,nd,nd,0.97,200,nd,25,0,0,0,0,0,0,0,,
NP102912,Newport,2012-10-29,9:20,17.5,100,1.22,1.23,1.23,NaN,NaN,NaN,0.15,0.32,2.52,nd,0.51,200,nd,25,0,0,0,0,0,12999,0,,
NP110512,Newport,2012-11-05,7:15,17.5,100,0.28,0.30,0.29,NaN,NaN,NaN,0.15,0.32,2.53,nd,0.31,200,nd,25,0,0,0,0,0,46797,18199,,
NP111212,Newport,2012-11-12,7:45,14.0,100,1.02,0.81,0.92,NaN,NaN,NaN,1.61,0.34,4.71,0.30,0.31,200,nd,25,2600,0,2600,0,5200,85795,10399,,
NP111912,Newport,2012-11-19,7:55,15.5,100,0.39,0.41,0.40,NaN,NaN,NaN,nd,0.36,2.04,nd,0.79,200,nd,25,2600,0,2600,0,5200,85795,10399,,
NP112612,Newport,2012-11-26,8:35,16.5,100,0.57,0.71,0.64,NaN,NaN,NaN,nd,0.27,1.86,nd,0.66,200,nd,25,NaN,NaN,NaN,NaN,NaN,NaN,NaN,,
NP120312,Newport,2012-12-03,10:25,17.5,100,0.49,0.49,0.49,NaN,NaN,NaN,nd,0.36,2.16,nd,0.20,200,nd,25,NaN,NaN,NaN,NaN,NaN,NaN,NaN,,
NP121012,Newport,2012-12-10,8:05,14.5,100,0.99,1.32,1.16,NaN,NaN,NaN,nd,0.47,4.70,0.10,0.98,200,nd,25,7800,0,0,18199,15599,0,0,,
NP121712,Newport,2012-12-17,8:40,14.5,100,5.36,5.08,5.22,NaN,NaN,NaN,nd,0.38,2.82,nd,0.68,200,nd,25,38998,0,0,15599,10399,5200,0,,
NP010213,Newport,2013-01-02,8:35,13.0,100,0.83,3.54,2.19,NaN,NaN,NaN,0.84,0.23,1.50,nd,0.62,200,nd,25,0,0,0,0,0,41598,28598,,
NP010713,Newport,2013-01-07,7:45,13.0,100,7.90,7.73,7.82,NaN,NaN,NaN,nd,0.16,nd,nd,0.45,200,0.09,25,5200,0,0,0,0,0,12999,,
NP011413,Newport,2013-01-14,8:05,10.5,100,2.86,2.81,2.84,NaN,NaN,NaN,5.72,0.46,4.44,0.14,3.25,200,nd,25,NaN,NaN,NaN,NaN,NaN,NaN,NaN,,
NP012213,Newport,2013-01-22,7:50:00 AM,12.0,100,0.63,0.62,0.63,NaN,NaN,NaN,0.63,0.20,1.06,nd,1.36,200,0.12,25,0,0,0,0.0,0,10399,41598,,
NP012813,Newport,2013-01-28,8:05:00 AM,13.0,100,0.81,0.89,0.85,NaN,NaN,NaN,1.73,0.37,3.49,nd,1.63,200,nd,25,0,0,0,0.0,0,0,0,,
NP020413,Newport,2013-02-04,7:55:00 AM,13.0,100,0.43,0.46,0.45,NaN,NaN,NaN,1.24,0.27,3.63,nd,1.02,200,nd,25,0,0,0,0,0,0,0,,
NP021113,Newport,2013-02-11,8:10:00 AM,12.5,100,0.59,0.64,0.62,NaN,NaN,NaN,2.56,0.39,6.51,0.30,1.44,200,nd,25,0,0,0,0.0,0,7800,0,,
NP021913,Newport,2013-02-19,8:10:00 AM,13.0,100,0.47,0.42,0.45,NaN,NaN,NaN,1.87,0.29,3.29,0.20,1.34,200,nd,25,0,0,0,0,0,18199,2600,,
NP022513,Newport,2013-02-25,8:40,13.0,100,0.54,0.53,0.54,NaN,NaN,NaN,3.87,0.38,5.12,0.36,1.09,200,nd,25,0,0,0,0,0,2600,2600,,
NP030413,Newport,2013-03-04,8:15,14.0,100,0.88,0.96,0.92,NaN,NaN,NaN,nd,0.14,nd,nd,1.23,200,nd,25,0,0,0,0,0,5200,10399,,
NP031113,Newport,2013-03-11,8:15:00 AM,13.4,100,0.82,0.85,0.84,NaN,NaN,NaN,6.78,0.62,7.01,0.36,1.46,200,nd,25,0,0,0,0,0,2600,0,,
NP031813,Newport,2013-03-18,12:15:00 PM,14.6,100,NaN,NaN,NaN,NaN,NaN,NaN,0.49,0.20,2.44,nd,0.62,200,nd,25,0,0,0,0,0,20799,10399,,
NP032513,Newport,2013-03-25,11:35,16.3,100,1.48,1.43,1.46,NaN,NaN,NaN,0.19,0.23,2.26,nd,0.42,200,nd,25,0,0,0,0,0,7800,0,,
NP033013,Newport,2013-03-30,10:35,16.5,100,2.06,1.95,2.01,NaN,NaN,NaN,0.46,0.26,1.02,nd,0.86,200,0.10,25,0,0,0,0,0,18199,12999,,
NP040213,Newport,2013-04-02,7:35,14.6,100,5.10,4.85,4.98,NaN,NaN,NaN,3.61,0.46,3.90,0.19,0.93,200,2.56,25,0,0,0,0,0,2600,226186,,
NP040913,Newport,2013-04-09,6:50,12.6,100,5.17,5.30,5.24,NaN,NaN,NaN,14.27,1.05,15.63,0.36,2.53,200,0.51,25,0,0,0,0,0,0,38998,,
NP041513,Newport,2013-04-15,8:45,15.5,100,2.83,2.76,2.80,NaN,NaN,NaN,nd,0.20,1.06,nd,0.54,200,7.42,25,0,0,0,0,0,0,127392,,
NP042213,Newport,2013-04-22,8:20,15.6,100,4.49,4.11,4.30,NaN,NaN,NaN,0.35,0.11,nd,0.10,3.29,200,1.23,25,0,0,5200,0,20799,44197,124793,,
NP042913,Newport,2013-04-29,8:15,16.0,100,0.47,0.47,0.47,NaN,NaN,NaN,0.51,0.15,1.49,0.11,1.55,200,nd,25,0,0,0,0,2600,0,0,,
NP050613,Newport,2013-05-06,8:35,17.8,100,1.63,1.58,1.61,NaN,NaN,NaN,nd,nd,nd,nd,1.28,200,nd,25,0,0,2600,0,2600,0,0,,
NP051313,Newport,2013-05-13,8:45:00 AM,18.9,100,1.90,1.93,1.92,NaN,NaN,NaN,nd,0.22,1.75,nd,1.37,200,nd,25,0,0,0,0,15599,0,0,,
NP052013,Newport,2013-05-20,9:20,19.2,100,1.09,1.13,1.11,NaN,NaN,NaN,0.27,0.16,1.53,0.14,1.91,200,nd,25,0,0,0,0,12999,0,0,,
NP052713,Newport,2013-05-27,10:25:00 AM,20.0,100,1.20,1.24,1.22,NaN,NaN,NaN,0.23,0.17,1.99,nd,1.84,200,NaN,25,0,0,0,0,2600,0,0,,
NP060313,Newport,2013-06-03,11:20,20.3,100,2.15,2.08,2.12,NaN,NaN,NaN,nd,0.12,1.50,nd,0.28,200,nd,25,0,0,0,0,0,0,2600,,
NP061013,Newport,2013-06-10,8:50:00 AM,19.0,100,2.63,2.77,2.70,NaN,NaN,NaN,nd,0.12,5.50,nd,0.78,200,nd,25,0,0,0,0,20799,23399,0,,
NP061713,Newport,2013-06-17,10:35:00 AM,19.2,100,2.46,2.47,2.47,NaN,NaN,NaN,nd,nd,1.69,0.11,0.29,200,nd,25,0,0,0,0,23399,23399,0,,
NP062413,Newport,2013-06-24,8:45,20.5,100,2.26,1.99,2.13,NaN,NaN,NaN,0.20,0.19,3.97,nd,0.80,200,nd,25,0,0,0,0,0,0,0,,
NP070113,Newport,2013-07-01,8:15:00 AM,20.3,100,2.66,2.72,2.69,NaN,NaN,NaN,nd,0.10,1.77,0.10,1.35,200,nd,25,0,0,0,0,7800,5200,0,,
NP070813,Newport,2013-07-08,9:30,20.0,100,2.77,2.58,2.68,NaN,NaN,NaN,nd,0.30,2.75,0.12,9.15,200,nd,25,0,0,0,2600,5200,0,0,,
NP071513,Newport,2013-07-15,10:30,23.0,100,0.80,0.72,0.76,NaN,NaN,NaN,nd,0.16,1.86,nd,1.34,200,nd,25,0,0,0,0,0,0,2600,,
NP072213,Newport,2013-07-22,9:40:00 AM,20.0,100,1.16,1.08,1.12,NaN,NaN,NaN,nd,0.14,1.48,nd,0.54,200,nd,25,0,0,0,0,2600,10399,5200,,
NP072913,Newport,2013-07-29,11:05,19.5,100,1.96,2.01,1.99,NaN,NaN,NaN,nd,0.13,3.63,0.11,0.27,200,nd,25,0,0,0,0,15599,197588,0,,
NP080513,Newport,2013-08-05,8:10:00 AM,18.1,100,2.25,2.52,2.39,NaN,NaN,NaN,nd,0.21,nd,nd,1.08,200,0.11,25,0,0,0,0,2600,639562,44197,,
NP081213,Newport,2013-08-12,11:55,19.0,100,2.70,2.85,2.78,NaN,NaN,NaN,0.22,0.19,nd,nd,1.47,200,nd,25,0,0,0,0,38998,0,0,,
NP081913,Newport,2013-08-19,7:55,19.7,100,1.26,1.15,1.21,NaN,NaN,NaN,0.13,0.17,1.17,0.10,0.25,200,nd,25,0,0,0,0,2600,5200,0,,
NP082613,Newport,2023-08-26,8:20,18.5,100,2.31,2.92,2.62,NaN,NaN,NaN,0.39,0.14,2.49,nd,0.93,200,nd,25,0,0,0,0,0,38998,10399,,
NP090313,Newport,2013-09-03,8:05:00 AM,19.3,100,0.92,0.91,0.92,NaN,NaN,NaN,0.27,0.20,2.53,nd,0.55,200,nd,25,0,0,0,0,2600,0,0,,
NP090913,Newport,2013-09-09,8:10:00 AM,17.6,100,4.16,4.22,4.19,NaN,NaN,NaN,0.47,0.29,2.35,0.11,1.82,200,nd,25,0,0,0,0,10399,7800,0,,
NP091613,Newport,2013-09-16,8:35:00 AM,18.0,100,0.38,0.39,0.39,NaN,NaN,NaN,nd,0.22,2.06,nd,nd,200,nd,25,0,0,0,0,0,5200,0,,
NP092413,Newport,2013-09-24,8:20:00 AM,18.9,100,1.85,1.86,1.86,NaN,NaN,NaN,0.32,0.35,3.38,nd,0.42,200,nd,25,0,0,0,0,2600,0,0,,
NP100113,Newport,2013-10-01,8:55:00 AM,20.1,100,1.29,1.23,1.26,NaN,NaN,NaN,nd,0.19,1.56,nd,0.60,200,nd,25,0,0,0,0,0,5200,0,,
NP100713,Newport,2013-10-07,8:10:00 AM,19.8,100,1.89,1.62,1.76,NaN,NaN,NaN,nd,0.16,nd,nd,nd,200,nd,25,0,0,0,0,0,0,0,,
NP101413,Newport,2013-10-14,8:20,18.1,100,1.72,1.65,1.69,NaN,NaN,NaN,0.17,0.21,1.31,0.11,1.83,200,nd,25,0,0,0,0,0,0,0,,
NP102113,Newport,2013-10-21,8:10:00 AM,18.7,100,1.40,1.37,1.39,NaN,NaN,NaN,0.63,0.19,nd,0.13,2.67,200,nd,25,0,0,0,0,0,0,0,,
NP102813,Newport,2013-10-28,8:15:00 AM,17.4,100,5.09,4.88,4.99,NaN,NaN,NaN,0.76,0.35,3.04,0.17,2.26,200,nd,25,0,0,0,0,10399,0,10399,,
NP110413,Newport,2013-11-04,8:05:00 AM,17.5,100,0.71,0.72,0.72,NaN,NaN,NaN,1.13,0.26,1.34,0.10,1.85,200,nd,25,0,0,0,0,0,0,0,,
NP111113,Newport,2013-11-11,8:05:00 AM,18.0,100,0.90,0.87,0.89,NaN,NaN,NaN,0.31,0.35,1.19,0.10,3.30,200,nd,25,0,0,0,0,0,0,2600,,
NP111813,Newport,2013-11-18,8:15:00 AM,17.7,100,1.25,1.27,1.26,NaN,NaN,NaN,0.40,0.33,1.71,nd,0.74,200,nd,25,0,0,0,0,2600,0,0,,
NP112513,Newport,2013-11-25,8:30:00 AM,17.4,100,2.79,2.92,2.86,NaN,NaN,NaN,0.19,0.40,1.25,0.11,0.91,200,nd,25,0,0,0,0,0,0,20799,,
NP120213,Newport,2013-12-02,8:20:00 AM,16.9,100,3.11,3.09,3.10,NaN,NaN,NaN,0.33,0.35,nd,nd,0.70,200,nd,25,0,0,0,0,5200,7800,0,,
NP120913,Newport,2013-12-09,8:05:00 AM,15.4,100,1.89,1.92,1.91,NaN,NaN,NaN,0.35,0.29,1.03,nd,0.54,200,nd,25,0,0,0,0,2600,12999,0,,
NP121613,Newport,2013-12-16,9:35:00 AM,16.9,100,2.03,2.00,2.02,NaN,NaN,NaN,0.28,0.29,1.01,nd,0.56,200,nd,25,0,0,0,0,2600,10399,0,,
NP122313,Newport,2013-12-23,9:30:00 AM,16.0,100,0.86,0.80,0.83,NaN,NaN,NaN,0.21,0.25,1.14,nd,1.15,200,nd,25,0,0,0,0,0,5200,0,,
NP010614,Newport,2014-01-06,8:25:00 AM,15.8,100,2.10,1.76,1.93,NaN,NaN,NaN,0.21,0.28,2.15,nd,0.77,200,nd,25,0,0,0,0,7800,5200,0,,
NP011314,Newport,2014-01-13,8:10:00 AM,15.6,100,2.20,2.13,2.17,NaN,NaN,NaN,nd,0.23,1.29,0.10,1.36,200,nd,25,7800,0,0,0,2600,0,0,,
NP012114,Newport,2014-01-21,10:50:00 AM,16.3,100,1.87,1.87,1.87,NaN,NaN,NaN,nd,0.19,1.54,nd,0.60,200,nd,25,5200,0,0,0,2600,0,0,,
NP012714,Newport,2014-01-27,8:20:00 AM,17.0,100,1.93,1.86,1.90,NaN,NaN,NaN,nd,0.25,2.31,nd,0.47,200,nd,25,2600,0,0,0,0,0,0,,
NP020314,Newport,2014-02-03,8:50:00 AM,16.0,100,2.52,2.53,2.53,NaN,NaN,NaN,nd,0.22,3.86,nd,0.29,200,nd,25,7800,0,0,0,2600,0,0,,
NP021014,Newport,2014-02-10,8:20:00 AM,15.6,100,7.85,7.18,7.52,NaN,NaN,NaN,nd,0.31,5.36,nd,0.15,200,nd,25,15599,5200,0,0,10399,0,0,,
NP021714,Newport,2014-02-17,8:35:00 AM,16.1,100,1.30,1.59,1.45,NaN,NaN,NaN,nd,nd,nd,nd,0.95,200,nd,25,2600,0,0,0,0,90995,18199,,
NP022414,Newport,2014-02-24,8:20:00 AM,16.5,100,2.49,2.49,2.49,NaN,NaN,NaN,nd,0.17,nd,nd,0.41,200,nd,25,2600,0,0,0,2600,20799,12999,,
NP030314,Newport,2014-03-03,7:15:00 AM,16.1,100,2.39,2.37,2.38,NaN,NaN,NaN,0.44,0.28,2.42,0.15,1.37,200,nd,25,0,0,0,0,0,2600,0,,
NP031014,Newport,2014-03-10,8:05:00 AM,17.1,100,6.13,6.32,6.23,NaN,NaN,NaN,nd,nd,2.67,nd,0.67,200,nd,25,0,0,0,0,93594,0,0,,
NP031714,Newport,2014-03-17,8:00:00 AM,17.4,100,1.59,1.57,1.58,NaN,NaN,NaN,nd,0.14,2.49,0.10,0.33,200,nd,25,0,0,0,0,5200,0,0,,
NP032414,Newport,2014-03-24,8:15:00 AM,15.6,100,2.79,2.78,2.79,NaN,NaN,NaN,0.59,0.27,3.75,0.11,0.96,200,nd,25,0,0,0,0,15599,0,0,,
NP033114,Newport,2014-03-31,8:15:00 AM,13.5,100,5.58,6.15,5.87,NaN,NaN,NaN,13.40,0.93,11.76,0.67,3.38,200,nd,25,0,0,0,0,2600,23399,33798,,
NP040814,Newport,2014-04-08,10:55:00 AM,14.8,100,6.19,6.94,6.57,NaN,NaN,NaN,0.30,0.30,nd,nd,0.53,200,0.13,25,0,0,0,0,13866,180256,325847,,
NP041514,Newport,2014-04-15,12:35:00 PM,15.1,100,4.12,4.41,4.27,NaN,NaN,NaN,0.28,0.23,nd,0.20,0.46,200,0.06,25,0,0,0,0,2600,12999,46797,,
NP042114,Newport,2014-04-21,8:35:00 AM,16.3,100,2.09,2.09,2.09,NaN,NaN,NaN,nd,0.17,nd,nd,0.44,200,nd,25,0,0,0,0,2600,0,15599,,
NP042814,Newport,2014-04-28,8:20:00 AM,14.3,100,2.68,2.89,2.79,NaN,NaN,NaN,8.22,0.57,8.31,0.29,1.49,200,nd,25,0,0,0,0,0,2600,2600,,
NP050414,Newport,2014-05-04,12:05:00 PM,18.1,100,2.22,2.27,2.24,NaN,NaN,NaN,nd,0.20,2.34,nd,0.58,200,nd,25,0,0,0,0,2600,10399,0,,
NP051214,Newport,2014-05-12,11:15:00 AM,16.4,100,1.86,2.65,2.25,NaN,NaN,NaN,nd,0.17,1.39,nd,0.88,200,0.06,25,0,0,0,5200,15599,15599,12999,,
NP051914,Newport,2014-05-19,8:50:00 AM,19.8,100,1.87,1.87,1.87,NaN,NaN,NaN,0.37,0.13,1.79,nd,2.41,200,nd,25,0,0,0,0,2600,5200,0,,
NP052714,Newport,2014-05-27,8:10:00 AM,19.6,100,1.10,1.05,1.08,NaN,NaN,NaN,nd,0.20,1.48,nd,1.18,200,nd,25,0,0,2600,0,0,15599,0,,
NP060214,Newport,2014-06-02,8:25:00 AM,19.3,100,1.80,1.76,1.78,NaN,NaN,NaN,nd,0.18,nd,nd,0.65,200,nd,25,0,0,0,2600,12999,15599,2600,,
NP060914,Newport,2014-06-09,8:10:00 AM,18.3,100,2.54,2.54,2.54,NaN,NaN,NaN,nd,0.19,1.81,nd,1.02,200,nd,25,0,0,0,0,5200,5200,0,,
NP061614,Newport,2014-06-16,10:20:00 AM,20.0,100,1.70,1.47,1.59,NaN,NaN,NaN,0.25,0.19,nd,nd,0.61,200,nd,25,0,0,0,0,12999,5200,0,,
NP062314,Newport,2014-06-23,1:20:00 PM,21.4,100,1.51,1.30,1.41,NaN,NaN,NaN,0.23,0.19,4.20,nd,0.80,200,nd,25,0,0,0,0,2600,20799,0,,
NP063014,Newport,2014-06-30,8:10:00 AM,21.4,100,1.89,2.08,1.99,NaN,NaN,NaN,0.31,nd,1.46,nd,2.05,200,nd,25,0,0,0,0,12999,2600,7800,,
NP070714,Newport,2014-07-07,9:10:00 AM,21.6,100,0.92,0.91,0.92,NaN,NaN,NaN,0.24,0.13,2.12,nd,0.68,200,nd,25,0,0,0,0,5200,0,0,,
NP071414,Newport,2014-07-14,9:35:00 AM,20.6,100,1.55,1.54,1.55,NaN,NaN,NaN,NaN,NaN,NaN,NaN,NaN,200,nd,25,0,0,0,0,2600,0,0,,
NP072114,Newport,2014-07-21,8:10:00 AM,18.4,100,2.07,2.02,2.05,NaN,NaN,NaN,nd,0.23,1.84,nd,2.47,200,nd,25,0,0,0,2600,0,7800,0,,
NP072814,Newport,2014-07-28,8:05:00 AM,19.8,100,1.02,1.09,1.06,NaN,NaN,NaN,nd,0.16,1.36,nd,7.72,200,nd,25,0,0,0,2600,0,62396,0,,
NP080414,Newport,2014-08-04,10:30:00 AM,21.2,100,1.48,1.41,1.45,NaN,NaN,NaN,nd,0.18,2.65,nd,0.74,200,nd,25,0,0,0,0,0,5200,0,,
NP081114,Newport,2014-08-11,9:05:00 AM,19.2,100,0.88,0.84,0.86,NaN,NaN,NaN,nd,0.19,7.64,nd,0.70,200,nd,25,0,0,0,0,5200,31198,0,,
NP081814,Newport,2014-08-18,9:10:00 AM,19.1,100,0.87,1.05,0.96,NaN,NaN,NaN,nd,0.23,2.46,nd,0.39,200,nd,25,0,0,0,0,31198,0,5200,,
NP082514,Newport,2014-08-25,8:20:00 AM,19.9,100,1.22,1.38,1.30,NaN,NaN,NaN,0.28,0.53,1.75,0.1,2.31,200,nd,25,0,0,0,0,0,7800,5200,,
NB090214,Newport,2014-09-02,9:10:00 AM,22.4,100,0.80,0.77,0.79,NaN,NaN,NaN,0.13,0.16,nd,nd,1.12,200,nd,25,0,0,0,0,0,23399,0,,
NB090814,Newport,2014-09-08,9:30:00 AM,19.8,100,0.97,0.96,0.97,NaN,NaN,NaN,0.21,0.16,1.25,nd,0.80,200,nd,25,0,0,0,0,0,0,0,,
NB091514,Newport,2014-09-15,10:20:00 AM,20.9,100,0.54,0.53,0.54,NaN,NaN,NaN,0.24,0.27,2.08,nd,3.61,200,nd,25,0,0,0,0,0,5200,0,,
NP092214,Newport,2014-09-22,8:20:00 AM,20.0,100,0.64,0.64,0.64,NaN,NaN,NaN,nd,0.22,1.90,nd,0.82,200,nd,25,0,0,0,0,0,0,0,,
NP092914,Newport,2014-09-29,8:15:00 AM,20.0,100,1.12,1.17,1.15,NaN,NaN,NaN,0.21,0.26,1.19,nd,3.18,200,nd,25,0,0,0,0,2600,5200,0,,
NP100614,Newport,2014-10-06,9:40:00 AM,21.5,100,0.46,0.49,0.48,NaN,NaN,NaN,nd,0.22,1.68,nd,1.17,200,nd,25,0,0,0,0,0,0,0,,
NP101314,Newport,2014-10-13,8:20:00 AM,21.2,100,0.69,0.46,0.58,NaN,NaN,NaN,0.42,0.18,1.19,nd,5.50,200,nd,25,0,0,0,0,0,7800,0,,
NP102014,Newport,2014-10-20,7:15:00 AM,20.0,100,2.14,2.24,2.19,NaN,NaN,NaN,nd,0.28,2.74,nd,0.75,200,nd,25,0,0,0,0,7800,0,0,,
NP102714,Newport,2014-10-27,8:30:00 AM,20.2,100,0.67,0.71,0.69,NaN,NaN,NaN,0.23,0.29,2.47,nd,1.77,200,nd,25,0,0,5200,0,0,0,0,,
NP110314,Newport,2014-11-03,9:15:00 AM,19.5,100,0.98,1.00,0.99,NaN,NaN,NaN,0.44,0.30,2.37,nd,2.54,200,nd,25,0,0,0,0,0,0,0,,
NP111014,Newport,2014-11-10,11:40:00 AM,18.8,100,1.85,1.95,1.90,NaN,NaN,NaN,nd,0.32,1.19,nd,2.30,200,nd,25,0,0,0,0,0,12999,5200,,
NP111714,Newport,2014-11-17,9:15:00 AM,18.5,100,1.49,1.49,1.49,NaN,NaN,NaN,0.34,0.23,1.11,nd,5.29,200,nd,25,0,0,2600,0,0,0,0,,
NP112414,Newport,2014-11-24,8:20:00 AM,18.0,100,1.11,1.25,1.18,NaN,NaN,NaN,0.49,0.29,1.68,nd,NaN,200,nd,25,0,0,0,0,0,0,0,,
NP120114,Newport,2014-12-01,8:50:00 AM,18.7,100,0.56,0.64,0.60,NaN,NaN,NaN,0.51,0.30,1.45,nd,7.56,200,nd,25,0,0,0,0,0,5200,0,,
NP120814,Newport,2014-12-08,8:15:00 AM,16.8,100,2.09,2.18,2.14,NaN,NaN,NaN,0.26,0.32,2.07,0.11,13.5,200,nd,25,0,0,0,0,7800,18199,0,,
NP121514,Newport,2014-12-15,6:35:00 AM,16.9,100,1.07,1.00,1.04,NaN,NaN,NaN,0.36,0.29,1.85,nd,6.94,200,nd,25,0,0,0,0,0,0,0,,
NP122214,Newport,2014-12-22,8:30:00 AM,17.4,100,1.49,1.44,1.47,NaN,NaN,NaN,0.40,0.29,2.44,0.15,0.59,200,nd,25,0,0,2600,0,0,10399,0,,
NP010515,Newport,2015-01-05,12:00:00 PM,16.2,100,1.10,1.10,1.10,NaN,NaN,NaN,nd,0.18,1.00,0.14,2.02,200,nd,25,0,0,0,0,7800,5200,0,,
NP011215,Newport,2015-01-12,8:40:00 AM,15.8,100,1.41,1.59,1.50,NaN,NaN,NaN,nd,0.21,1.59,nd,0.60,200,nd,25,0,0,0,0,0,5200,0,,
NP012015,Newport,2015-01-20,9:30:00 AM,16.4,100,1.65,1.56,1.60,NaN,NaN,NaN,nd,0.23,1.87,nd,0.36,200,nd,25,0,0,0,0,0,0,0,,
NP012615,Newport,2015-01-26,8:30:00 AM,16.2,100,1.19,1.09,1.14,NaN,NaN,NaN,nd,0.18,1.48,0.13,1.54,200,nd,25,0,0,0,0,0,0,0,,
NP020215,Newport,2015-02-02,9:00:00 AM,16.2,100,1.88,1.66,1.77,NaN,NaN,NaN,0.43,0.21,3.01,nd,1.65,200,nd,25,0,0,0,0,2600,0,0,,
NP020915,Newport,2015-02-09,9:15:00 AM,16.4,100,4.19,4.51,4.35,NaN,NaN,NaN,0.31,0.31,3.86,0.20,2.60,200,nd,25,0,0,0,0,2600,0,0,,
NP021615,Newport,2015-02-16,9:40:00 AM,16.5,100,1.71,1.80,1.75,NaN,NaN,NaN,nd,0.37,3.48,nd,1.00,200,nd,25,0,0,0,0,7800,5200,0,,
NP022315,Newport,2015-02-23,8:40:00 AM,16.5,100,2.00,1.97,1.99,NaN,NaN,NaN,0.11,0.22,2.50,0.12,0.79,200,nd,25,0,0,0,0,10399,0,0,,
NP030215,Newport,2015-03-02,8:20:00 AM,15.8,100,1.60,1.69,1.65,NaN,NaN,NaN,nd,0.18,3.28,nd,0.31,200,nd,25,0,0,0,0,18199,0,0,,
NP030915,Newport,2015-03-09,7:00:00 AM,16.2,100,0.99,0.97,0.98,NaN,NaN,NaN,0.26,0.24,2.26,0.14,7.79,200,nd,25,0,0,0,0,7800,0,0,,
NP031615,Newport,2015-03-16,12:20:00 PM,17.9,100,2.13,2.15,2.14,NaN,NaN,NaN,0.78,0.25,2.40,0.14,0.46,200,nd,25,0,0,0,0,59796,0,0,,
NP032315,Newport,2015-03-23,9:05:00 AM,17.8,100,1.25,1.33,1.29,NaN,NaN,NaN,0.22,0.25,2.25,nd,0.61,200,nd,25,0,0,0,0,0,0,0,,
NP033015,Newport,2015-03-30,10:35:00 AM,17.8,100,1.23,1.30,1.27,NaN,NaN,NaN,0.12,0.24,2.31,0.10,0.34,200,nd,25,0,0,2599,0,5198,0,0,,
NP040615,Newport,2015-04-06,7:40:00 AM,16.8,100,1.41,1.40,1.41,NaN,NaN,NaN,0.24,0.28,2.56,0.12,6.01,200,nd,25,0,0,0,0,0,0,5198,,
NP041315,Newport,2015-04-13,9:20:00 AM,17.1,100,3.55,3.64,3.60,NaN,NaN,NaN,nd,0.23,4.42,0.13,0.60,200,nd,25,0,0,0,0,7796,5198,0,,
NP042015,Newport,2015-04-20,8:45:00 AM,15.2,100,5.99,6.03,6.01,NaN,NaN,NaN,nd,0.25,3.66,0.13,0.31,200,nd,25,0,0,2599,0,33784,5198,0,,
NP042715,Newport,2015-04-27,8:20:00 AM,15.8,100,2.64,2.99,2.82,NaN,NaN,NaN,0.20,0.23,2.35,nd,1.98,200,nd,25,0,0,0,0,10395,5198,0,,
NP050315,Newport,2015-05-03,8:30:00 AM,15.0,100,3.34,3.52,3.43,NaN,NaN,NaN,0.19,0.32,5.26,0.10,2.61,200,nd,25,0,0,2599,0,15593,23389,0,,
NP051115,Newport,2015-05-11,10:00:00 AM,15.8,100,3.59,3.75,3.67,NaN,NaN,NaN,0.24,0.22,4.67,nd,7.78,200,nd,25,0,0,0,0,51975,15593,0,,
NP051815,Newport,2015-05-18,9:55:00 AM,17.0,100,2.25,2.07,2.16,NaN,NaN,NaN,0.46,0.19,3.86,nd,10.7,200,nd,25,0,0,0,0,18191,5198,0,,
NP052615,Newport,2015-05-26,11:30:00 AM,16.7,100,2.44,2.40,2.42,NaN,NaN,NaN,0.42,0.28,3.76,0.12,13.0,200,nd,25,0,0,2599,0,2599,10395,0,,
NP060115,Newport,2015-06-01,7:15:00 AM,18.0,100,1.37,1.38,1.38,NaN,NaN,NaN,nd,0.23,5.37,0.11,3.12,200,nd,25,0,0,0,0,0,15593,0,,
NP060915,Newport,2015-06-09,11:20:00 AM,17.2,100,3.49,3.44,3.47,NaN,NaN,NaN,0.24,0.36,5.64,0.14,20.7,200,nd,25,0,0,0,0,5198,15593,0,,
NP061515,Newport,2015-06-15,10:20:00 AM,18.4,100,1.74,1.64,1.69,NaN,NaN,NaN,nd,0.17,5.64,nd,2.90,200,nd,25,0,0,0,0,0,135136,0,,
NP062215,Newport,2015-06-22,9:35:00 AM,19.3,100,1.37,1.31,1.34,NaN,NaN,NaN,0.37,0.20,3.59,nd,3.76,200,nd,25,0,0,0,0,5198,155926,0,,
NP062915,Newport,2015-06-29,8:50:00 AM,17.2,100,1.71,1.78,1.74,NaN,NaN,NaN,0.24,0.26,3.49,nd,2.46,200,nd,25,0,0,0,0,5198,5198,0,,
NP070615,Newport,2015-07-06,9:15:00 AM,17.8,100,1.66,1.60,1.63,NaN,NaN,NaN,nd,0.21,4.56,0.10,1.95,200,nd,25,0,0,0,0,2599,12994,0,,
NP071315,Newport,2015-07-13,7:45:00 AM,18.2,100,1.20,1.26,1.23,NaN,NaN,NaN,nd,0.24,4.30,nd,2.98,200,nd,25,0,0,0,0,0,5198,0,,
NP072015,Newport,2015-07-20,11:05:00 AM,20.5,100,1.88,2.07,1.98,NaN,NaN,NaN,nd,0.24,4.10,0.10,2.00,200,nd,25,0,0,0,0,2599,15593,0,,
NP072715,Newport,2015-07-27,10:50:00 AM,20.9,100,1.48,1.47,1.48,NaN,NaN,NaN,nd,0.26,3.66,nd,1.34,200,nd,25,0,0,0,0,0,0,0,,
NP080315,Newport,2015-08-03,10:15:00 AM,20.8,100,0.94,1.11,1.03,NaN,NaN,NaN,0.2,0.25,3.51,nd,7.37,200,nd,25,0,0,0,0,0,0,0,,
NP081015,Newport,2015-08-10,10:50:00 AM,20.1,100,0.66,0.63,0.64,NaN,NaN,NaN,nd,0.27,3.47,0.10,1.30,200,nd,25,0,0,0,0,2599,0,0,,
NP081715,Newport,2015-08-17,10:40:00 AM,22.1,100,0.72,0.78,0.75,NaN,NaN,NaN,0.36,0.31,2.80,nd,13.4,200,nd,25,0,0,0,0,2599,7796,0,,
NP082415,Newport,2015-08-24,9:45:00 AM,22.0,100,1.00,0.77,0.88,NaN,NaN,NaN,0.54,0.38,2.92,nd,6.77,200,nd,25,0,0,0,0,0,0,0,,
NP083115,Newport,2015-08-31,9:15:00 AM,22.8,100,1.32,1.27,1.30,NaN,NaN,NaN,0.24,0.31,2.99,nd,13.6,200,nd,25,0,0,0,0,0,0,0,,
NP090815,Newport,2015-09-08,8:45:00 AM,21.8,100,1.11,0.99,1.05,NaN,NaN,NaN,nd,0.38,3.79,nd,0.82,200,nd,25,0,0,0,0,0,0,0,,
NP091415,Newport,2015-09-14,8:45:00 AM,22.8,100,0.98,1.01,0.99,NaN,NaN,NaN,0.36,0.22,2.84,nd,14.9,200,nd,25,0,0,0,0,0,10395,0,,
NP092115,Newport,2015-09-21,8:45:00 AM,23.0,100,1.06,0.98,1.02,NaN,NaN,NaN,0.41,0.32,2.14,nd,NaN,200,nd,25,NaN,NaN,NaN,NaN,NaN,NaN,NaN,,
NP092915,Newport,2015-09-29,10:30:00 AM,23.4,100,0.96,0.93,0.94,NaN,NaN,NaN,nd,0.26,2.31,nd,2.60,200,nd,25,0,0,0,0,0,0,0,,
NP100515,Newport,2015-10-05,9:45:00 AM,22.1,100,0.90,0.92,0.91,NaN,NaN,NaN,nd,0.25,1.62,nd,1.29,200,nd,25,0,0,0,0,0,0,0,,
NP101215,Newport,2015-10-12,9:00:00 AM,22.3,100,0.39,0.41,0.40,NaN,NaN,NaN,nd,0.37,2.41,0.11,1.53,200,nd,25,0,0,0,0,0,0,0,,
NP101915,Newport,2015-10-19,8:45:00 AM,21.0,100,1.78,1.87,1.83,NaN,NaN,NaN,nd,0.28,4.00,nd,0.79,200,nd,25,0,0,0,0,2599,0,0,,
NP102615,Newport,2015-10-26,7:50:00 AM,21.0,100,1.10,1.05,1.07,NaN,NaN,NaN,nd,0.26,3.00,nd,1.19,200,nd,25,0,0,0,0,0,0,0,,
NP110215,Newport,2015-11-02,7:30:00 AM,21.1,100,0.87,0.87,0.87,NaN,NaN,NaN,0.32,0.25,1.70,nd,33.4,200,nd,25,0,0,0,0,0,0,7796,,
NP110915,Newport,2015-11-09,8:40:00 AM,19.6,100,0.56,0.51,0.53,NaN,NaN,NaN,nd,0.24,3.69,nd,5.40,200,nd,25,0,0,0,0,0,0,0,,
NP111715,Newport,2015-11-17,10:00:00 AM,16.0,100,2.07,2.02,2.05,NaN,NaN,NaN,1.14,0.33,3.01,0.11,1.01,200,nd,25,0,0,0,0,0,5198,0,,
NP112315,Newport,2015-11-23,10:45:00 AM,19.5,100,0.61,0.79,0.70,NaN,NaN,NaN,0.31,0.35,2.27,nd,0.43,200,nd,25,0,0,0,0,0,0,0,,
NP113015,Newport,2015-11-30,10:25:00 AM,17.6,100,0.59,0.60,0.59,NaN,NaN,NaN,nd,0.36,2.99,nd,5.34,200,nd,25,0,0,0,0,0,0,0,,
NP120715,Newport,2015-12-07,10:10:00 AM,17.8,100,0.79,0.76,0.78,NaN,NaN,NaN,nd,0.27,3.05,nd,1.81,200,nd,25,0,0,0,0,0,0,0,,
NP121415,Newport,2015-12-14,8:35:00 AM,15.9,100,2.66,2.42,2.54,NaN,NaN,NaN,0.86,0.44,4.61,0.11,3.02,200,nd,25,0,0,0,0,2599,15593,0,,
NP122115,Newport,2015-12-21,10:05:00 AM,15.9,100,1.79,1.87,1.83,NaN,NaN,NaN,1.21,0.44,4.64,0.11,16.1,200,nd,25,0,0,0,0,0,15593,0,,
NP010416,Newport,2016-01-04,8:45:00 AM,15.7,100,3.09,2.91,3.00,NaN,NaN,NaN,nd,0.29,1.16,nd,0.97,200,nd,25,0,0,0,0,0,15593,0,,
NP011116,Newport,2016-01-11,10:15:00 AM,15.1,100,3.97,4.22,4.10,NaN,NaN,NaN,0.28,0.25,1.09,nd,1.84,200,nd,25,0,0,0,0,0,10395,0,,
NP011916,Newport,2016-01-19,10:20:00 AM,15.5,100,3.13,3.09,3.11,NaN,NaN,NaN,0.52,0.37,3.82,0.10,12.48,200,0.04,25,0,0,0,0,0,0,0,,
NP012516,Newport,2016-01-25,10:20:00 AM,15.5,100,2.08,2.11,2.09,NaN,NaN,NaN,2.04,0.46,5.28,0.32,7.59,200,nd,25,0,0,0,0,0,0,0,,
NP020216,Newport,2016-02-02,8:35:00 AM,12.9,100,3.08,3.14,3.11,NaN,NaN,NaN,4.80,0.57,6.73,0.19,2.30,200,nd,25,0,0,0,0,0,0,0,,
NP020816,Newport,2016-02-08,9:50:00 AM,15.1,100,2.77,2.45,2.61,NaN,NaN,NaN,1.98,0.35,4.59,0.10,0.85,200,nd,25,0,0,0,0,0,49377,0,,
NP021516,Newport,2016-02-15,3:00:00 PM,17.8,100,1.42,1.40,1.41,NaN,NaN,NaN,nd,0.34,3.41,nd,13.5,200,nd,25,0,0,0,0,0,64969,0,,
NP022216,Newport,2016-02-22,2:00:00 PM,17.4,100,1.75,1.80,1.78,NaN,NaN,NaN,0.19,0.26,1.74,nd,1.73,200,nd,25,0,0,0,0,0,2599,0,,
NP022916,Newport,2016-02-29,9:50:00 AM,17.3,100,1.68,1.70,1.69,NaN,NaN,NaN,0.17,0.25,1.92,nd,10.5,200,nd,25,0,0,0,0,0,0,0,,
NP030816,Newport,2016-03-08,10:50:00 AM,15.8,100,3.58,3.38,3.48,NaN,NaN,NaN,0.99,0.39,4.79,0.23,1.89,200,nd,25,0,2599,0,0,0,10395,2599,,
NP031416,Newport,2016-03-14,9:30:00 AM,16.3,100,6.32,6.36,6.34,NaN,NaN,NaN,2.40,0.33,4.62,0.30,7.92,200,nd,25,0,0,0,0,0,31185,10395,,
NP032116,Newport,2016-03-21,10:15:00 AM,15.6,100,5.42,5.07,5.24,NaN,NaN,NaN,0.73,0.34,3.54,0.10,28.9,200,nd,25,0,0,0,0,0,98753,62371,,
NP032816,Newport,2016-03-28,11:10:00 AM,16.2,100,2.80,2.78,2.79,NaN,NaN,NaN,0.51,0.27,1.59,nd,3.12,200,nd,25,0,0,0,0,0,46778,33784,,
NP040416,Newport,2016-04-04,10:00:00 AM,15.0,100,5.77,5.28,5.53,NaN,NaN,NaN,0.60,0.30,4.21,nd,8.87,200,nd,25,0,5198,0,0,0,5198,0,,
NP041116,Newport,2016-04-11,8:50:00 AM,17.2,100,1.74,1.69,1.72,NaN,NaN,NaN,0.21,0.27,3.33,0.10,18.1,200,nd,25,0,0,0,0,0,0,0,,
NP041816,Newport,2016-04-18,8:00:00 AM,17.2,100,1.75,2.00,1.87,NaN,NaN,NaN,0.11,0.21,3.11,nd,7.65,200,nd,25,0,0,0,0,5198,0,0,,
NP042516,Newport,2016-04-25,10:00:00 AM,16.4,100,3.79,3.83,3.81,NaN,NaN,NaN,0.25,0.41,6.68,nd,11.8,200,nd,25,0,0,0,0,0,0,0,,
NP050216,Newport,2016-05-02,11:30:00 AM,17.4,100,0.99,1.02,1.01,NaN,NaN,NaN,nd,0.25,3.27,nd,14.4,200,nd,25,0,0,0,0,2599,5198,0,,
NP050916,Newport,2016-05-09,7:15:00 AM,17.2,100,1.89,1.77,1.83,NaN,NaN,NaN,0.70,0.36,5.76,0.12,5.75,200,nd,25,0,0,0,0,2599,0,0,,
NP051616,Newport,2016-05-16,10:10:00 AM,17.0,100,2.97,2.83,2.90,NaN,NaN,NaN,nd,0.28,6.69,nd,NaN,200,nd,25,0,0,0,0,2599,0,0,,
NP052316,Newport,2016-05-23,8:30:00 AM,18.0,100,4.71,4.55,4.63,NaN,NaN,NaN,nd,0.21,6.06,nd,26.4,200,nd,25,0,0,0,2599,44179,5198,0,,
NP053116,Newport,2016-05-30,9:30:00 AM,17.0,100,3.69,3.84,3.76,NaN,NaN,NaN,0.24,0.24,6.71,nd,41.7,200,0.04,25,0,0,0,0,49377,80562,10395,,
NP060616,Newport,2016-06-06,9:00:00 AM,17.0,100,3.79,3.97,3.88,NaN,NaN,NaN,0.39,0.25,5.03,nd,4.30,200,nd,25,0,0,0,0,18191,233889,15593,,
NP061316,Newport,2016-06-13,9:20:00 AM,18.4,100,2.61,2.48,2.55,NaN,NaN,NaN,nd,0.20,3.46,nd,35.9,200,nd,25,0,0,0,0,18191,12994,0,,
NP062016,Newport,2016-06-20,9:15:00 AM,17.8,100,6.71,6.56,6.63,NaN,NaN,NaN,nd,0.12,2.17,nd,NaN,200,nd,25,0,0,0,0,7796,527551,0,,
NP062716,Newport,2016-06-27,1:40:00 AM,22.5,100,2.56,2.49,2.52,NaN,NaN,NaN,nd,nd,1.29,nd,0.63,200,nd,25,0,2599,0,0,5198,15593,0,,
NP070516,Newport,2016-07-05,9:20:00 AM,20.8,100,3.02,3.14,3.08,NaN,NaN,NaN,nd,0.11,1.90,nd,19.0,200,0.05,25,0,0,0,0,2599,2599,0,,
NP071116,Newport,2016-07-11,8:20:00 AM,21.0,100,1.48,1.39,1.43,NaN,NaN,NaN,nd,nd,2.25,nd,13.7,200,nd,25,0,0,0,0,0,0,0,,
NP071816,Newport,2016-07-18,10:15:00 AM,21.6,100,1.81,1.61,1.71,NaN,NaN,NaN,nd,0.10,3.41,nd,0.60,200,nd,25,0,0,0,0,2599,7796,0,,
NP072516,Newport,2016-07-25,8:15:00 AM,23.5,100,1.63,1.70,1.66,NaN,NaN,NaN,0.38,0.13,3.85,nd,NaN,200,nd,25,0,0,0,0,0,0,0,,
NP080116,Newport,2016-08-01,1:30:00 PM,24.8,100,1.70,1.58,1.64,NaN,NaN,NaN,nd,0.13,nd,nd,0.67,200,nd,25,0,0,0,0,0,15593,0,,
NP080816,Newport,2016-08-08,11:40:00 AM,NaN,100,3.39,3.48,3.43,NaN,NaN,NaN,nd,0.22,5.03,nd,2.39,200,nd,25,0,2599,0,0,12994,5198,0,,
NP081516,Newport,2016-08-15,9:55:00 AM,20.8,100,3.29,3.69,3.49,NaN,NaN,NaN,0.21,0.15,2.91,nd,5.97,200,nd,25,0,0,0,0,5198,5198,0,,
NP082216,Newport,2016-08-22,9:20:00 AM,19.6,100,1.98,2.25,2.11,NaN,NaN,NaN,nd,0.33,5.37,0.10,9.70,200,nd,25,0,0,0,0,10395,10395,0,,
NP082916,Newport,2016-08-29,9:15:00 AM,19.6,100,2.13,2.47,2.30,NaN,NaN,NaN,nd,0.39,3.25,nd,2.28,200,nd,25,0,0,0,2599,2599,31185,0,,
NP090616,Newport,2016-09-06,8:30:00 AM,20.6,100,1.65,1.74,1.70,NaN,NaN,NaN,nd,0.37,2.41,nd,0.78,200,nd,25,0,2599,0,0,2599,0,0,,
NP091216,Newport,2016-09-12,9:05:00 AM,18.8,100,2.35,2.30,2.32,NaN,NaN,NaN,nd,0.23,3.24,nd,0.52,200,nd,25,0,0,0,0,2599,7796,0,,
NP092016,Newport,2016-09-20,9:10:00 AM,19.5,100,1.07,1.07,1.07,NaN,NaN,NaN,0.35,0.30,2.18,0.15,16.9,200,nd,25,0,0,0,0,2599,5198,0,,
NP092616,Newport,2016-09-26,8:15:00 AM,19.0,100,2.07,2.07,2.06,NaN,NaN,NaN,0.11,0.38,3.14,0.10,6.16,200,nd,25,0,0,0,0,2599,23389,0,,
NP100316,Newport,2016-10-03,9:00:00 AM,20.6,100,1.53,1.45,1.49,NaN,NaN,NaN,nd,0.21,2.72,nd,1.54,200,nd,25,0,0,0,5198,5198,5198,0,,
NP101016,Newport,2016-10-10,9:05:00 AM,20.2,100,1.57,1.64,1.61,NaN,NaN,NaN,nd,0.33,3.48,0.13,2.58,200,nd,25,0,0,0,0,18191,5198,0,,
NP101716,Newport,2016-10-17,11:00:00 AM,18.1,100,1.86,1.87,1.86,NaN,NaN,NaN,nd,0.33,5.98,nd,1.32,200,nd,25,0,0,0,0,2599,28586,18191,,
NP102416,Newport,2016-10-24,10:20:00 AM,18.9,100,1.45,1.50,1.48,NaN,NaN,NaN,0.60,0.40,2.34,nd,11.9,200,nd,25,0,0,0,0,0,18191,0,,
NP103116,Newport,2016-10-31,11:20:00 AM,16.1,100,1.24,1.31,1.27,NaN,NaN,NaN,0.18,0.50,3.56,nd,25.2,200,nd,25,0,0,2599,0,12994,5198,0,,
NP110716,Newport,2016-11-07,10:20:00 AM,18.5,100,0.89,0.87,0.88,NaN,NaN,NaN,nd,0.23,1.73,0.11,0.88,200,nd,25,0,0,0,0,2599,0,0,,
NP111416,Newport,2016-11-14,10:15:00 AM,18.8,100,1.44,1.46,1.45,NaN,NaN,NaN,0.13,0.41,2.27,0.18,21.5,200,nd,25,0,2599,0,0,2599,10395,0,,
NP112116,Newport,2016-11-21,8:20:00 AM,18.3,100,1.80,1.65,1.72,NaN,NaN,NaN,0.54,0.32,2.59,nd,2.76,200,nd,25,0,0,0,0,5198,0,0,,
NP112816,Newport,2016-11-28,9:15:00 AM,16.3,100,3.20,3.18,3.19,NaN,NaN,NaN,nd,0.28,1.80,nd,3.70,200,nd,25,0,0,0,0,33784,0,0,,
NP120516,Newport,2016-12-05,2:15:00 PM,16.2,100,1.08,1.07,1.08,NaN,NaN,NaN,0.12,0.34,nd,0.14,1.80,200,nd,25,0,0,0,0,5198,7796,2599,,
NP121216,Newport,2016-12-12,10:30:00 AM,16.5,100,2.01,2.00,2.00,NaN,NaN,NaN,1.74,0.50,4.50,0.27,2.70,200,nd,25,0,0,0,2599,12994,0,2599,,
NP121916,Newport,2016-12-19,10:20:00 AM,14.9,100,5.78,5.67,5.72,NaN,NaN,NaN,0.56,0.42,4.73,nd,3.53,200,nd,25,0,0,0,0,7796,0,0,,
NP010217,Newport,2017-01-02,10:40:00 AM,14.2,100,3.30,3.10,3.20,NaN,NaN,NaN,2.59,0.40,4.22,nd,20.1,200,nd,25,0,0,0,0,0,0,0,,
NP010917,Newport,2017-01-09,10:15:00 AM,15.2,100,1.83,1.74,1.79,NaN,NaN,NaN,nd,0.22,3.49,nd,1.42,200,nd,25,0,0,0,0,2599,5198,0,,
NP011617,Newport,2017-01-16,10:45:00 AM,15.0,100,1.88,1.99,1.93,NaN,NaN,NaN,nd,0.32,4.26,nd,1.17,200,nd,25,0,0,0,0,0,0,0,,
NP012317,Newport,2017-01-23,10:30:00 AM,14.3,100,2.59,2.65,2.62,NaN,NaN,NaN,14.48,1.99,19.00,0.22,10.2,200,nd,NaN,NaN,NaN,NaN,NaN,NaN,NaN,NaN,,
NP013017,Newport,2017-01-30,10:50:00 AM,15.1,100,1.10,1.05,1.07,NaN,NaN,NaN,2.32,0.48,4.53,0.11,3.25,200,nd,25,0,0,0,7796,0,0,5198,,
NP020617,Newport,2017-02-06,10:50:00 AM,14.7,100,2.09,2.08,2.09,NaN,NaN,NaN,0.16,0.30,2.62,nd,1.21,200,nd,25,0,0,0,0,5198,5198,5198,,
NP021317,Newport,2017-02-13,8:00:00 AM,14.8,100,2.44,2.40,2.42,NaN,NaN,NaN,1.93,0.49,5.66,0.13,1.94,200,nd,25,0,0,0,0,2599,0,0,,
NP022117,Newport,2017-02-21,9:15:00 AM,15.0,100,1.72,1.66,1.69,NaN,NaN,NaN,0.61,0.29,2.62,0.12,1.80,200,nd,25,0,0,0,0,0,0,0,,
NP030117,Newport,2017-03-01,10:30:00 AM,15.2,100,1.88,1.78,1.83,NaN,NaN,NaN,3.91,0.45,6.07,0.21,2.27,200,nd,25,0,0,0,0,10395,12994,0,,
NP030617,Newport,2017-03-06,9:50:00 AM,14.8,100,3.45,3.49,3.47,NaN,NaN,NaN,0.23,0.31,3.98,nd,2.47,200,nd,25,0,0,0,0,10395,18191,41580,,
NP031317,Newport,2017-03-13,10:00:00 AM,15.8,100,1.25,1.34,1.30,NaN,NaN,NaN,0.21,0.28,nd,nd,3.17,200,0.14,25,0,2599,0,0,0,57173,57173,,
NP032017,Newport,2017-03-20,8:30:00 AM,16.0,100,1.62,1.57,1.60,NaN,NaN,NaN,0.41,0.43,3.11,nd,1.04,200,nd,25,0,0,0,0,5198,0,7796,,
NP032717,Newport,2017-03-27,10:40:00 AM,15.9,100,3.77,3.93,3.85,NaN,NaN,NaN,0.54,0.31,3.95,nd,3.14,200,nd,25,0,0,0,0,20790,0,2599,,
NP040317,Newport,2017-04-03,9:05:00 AM,15.8,100,3.23,3.15,3.19,NaN,NaN,NaN,0.39,0.11,5.60,nd,1.10,200,0.3,25,0,2599,0,0,28586,33784,88358,,
NP041017,Newport,2017-04-10,8:15:00 AM,15.8,100,9.85,9.87,9.86,NaN,NaN,NaN,nd,0.74,3.77,nd,0.85,200,0.25,25,0,18191,20790,0,392414,0,44179,,
NP041717,Newport,2017-04-17,8:35:00 AM,15.0,100,3.52,3.58,3.55,NaN,NaN,NaN,nd,0.29,nd,nd,7.13,200,nd,25,0,2599,12994,0,67568,0,0,,
NP042417,Newport,2017-04-24,11:15:00 AM,17.2,100,2.13,2.00,2.07,NaN,NaN,NaN,nd,0.23,2.87,nd,1.03,200,nd,25,0,0,0,0,15593,0,10395,,
NP050117,Newport,2017-05-01,8:05:00 AM,15.4,100,4.79,4.97,4.88,NaN,NaN,NaN,1.81,0.34,5.33,nd,1.12,200,0.13,25,0,0,0,0,166321,0,25988,,
NP050817,Newport,2017-05-08,8:15:00 AM,17.2,100,3.51,3.45,3.48,NaN,NaN,NaN,nd,0.17,4.06,nd,1.11,200,0.33,25,0,0,0,0,12994,0,28586,,
NP051517,Newport,2017-05-15,8:15:00 AM,17.4,100,7.96,7.33,7.65,NaN,NaN,NaN,nd,0.24,4.39,nd,0.54,200,nd,25,0,0,0,0,46778,10395,10395,,
NP052217,Newport,2017-05-22,10:35:00 AM,18.0,100,3.47,3.71,3.59,NaN,NaN,NaN,0.63,0.22,3.55,nd,3.42,200,0.06,25,0,0,0,0,49377,28586,72766,,
NP053017,Newport,2017-05-30,8:20:00 AM,16.1,100,7.64,7.73,7.69,NaN,NaN,NaN,nd,0.21,1.67,nd,2.90,200,0.04,25,0,0,0,0,33784,135136,233889,,
NP060517,Newport,2017-06-05,8:00:00 AM,17.2,100,2.48,2.35,2.42,NaN,NaN,NaN,nd,0.13,nd,nd,1.36,200,0.05,25,0,0,0,0,2599,28586,174118,,
NP061217,Newport,2017-06-12,7:30:00 AM,18.0,100,2.27,2.28,2.28,NaN,NaN,NaN,0.87,0.37,1.58,nd,6.03,200,nd,15,0,0,0,0,2599,28586,174118,,
NP061917,Newport,2017-06-19,7:40:00 AM,19.0,100,2.28,2.26,2.27,NaN,NaN,NaN,nd,0.20,nd,nd,35.0,200,nd,15,0,0,0,4331,4331,0,8663,,
NP062617,Newport,2017-06-26,10:20:00 AM,18.8,100,1.20,1.22,1.21,NaN,NaN,NaN,0.44,0.49,3.09,nd,41.3,200,nd,25,0,0,0,7796,7796,33784,25988,,
NP 070317,Newport,2017-07-03,7:50:00 AM,18.6,100,1.15,1.18,1.16,NaN,NaN,NaN,nd,0.33,1.72,nd,5.05,200,nd,25,0,0,0,0,5198,12994,7796,,
NP071017,Newport,2017-07-10,8:10:00 AM,22.0,100,1.11,1.12,1.12,NaN,NaN,NaN,0.21,0.19,1.39,nd,1.62,200,nd,25,0,0,0,7796,0,0,0,,
NP071717,Newport,2017-07-17,7:45:00 AM,21.2,100,0.74,0.69,0.72,NaN,NaN,NaN,0.31,0.25,1.90,nd,3.81,200,nd,25,0,0,0,2599,0,5198,0,,
NP072417,Newport,2017-07-24,8:00:00 AM,23.1,100,0.82,0.81,0.81,NaN,NaN,NaN,nd,nd,nd,nd,0.87,200,nd,25,0,0,0,0,0,0,0,,
NP073117,Newport,2017-07-31,7:40:00 AM,22.5,100,1.42,1.43,1.42,NaN,NaN,NaN,nd,0.27,1.75,nd,2.15,200,nd,25,0,0,0,0,10395,5198,5198,,
NP080717,Newport,2017-08-07,7:55:00 AM,21.6,100,1.69,1.64,1.67,NaN,NaN,NaN,nd,0.27,1.06,nd,1.25,200,nd,25,0,0,0,2599,0,0,0,,
NP081417,Newport,2017-08-14,7:15:00 AM,22.2,100,0.53,0.50,0.52,NaN,NaN,NaN,nd,0.15,nd,nd,2.33,200,nd,25,0,0,0,0,0,0,0,,
NP082117,Newport,2017-08-21,7:20:00 AM,22.0,100,0.82,0.75,0.78,NaN,NaN,NaN,nd,nd,nd,nd,0.57,200,nd,25,0,0,0,0,0,0,0,,
NP082817,Newport,2017-08-28,10:45:00 AM,19.5,100,1.62,1.66,1.64,NaN,NaN,NaN,nd,0.34,3.05,nd,0.40,200,nd,25,0,0,0,5198,28586,0,0,,
NP090417,Newport,2017-09-04,9:45:00 AM,22.2,100,0.92,0.97,0.95,NaN,NaN,NaN,nd,0.29,1.32,nd,2.16,200,nd,25,0,0,0,0,0,5198,0,,
NP091117,Newport,2017-09-11,7:30:00 AM,17.9,100,0.90,0.83,0.87,NaN,NaN,NaN,nd,0.39,3.15,nd,1.77,200,nd,25,0,0,0,2599,2599,0,0,,
NP091817,Newport,2017-09-18,7:30:00 AM,17.7,100,1.19,1.15,1.17,NaN,NaN,NaN,nd,0.29,3.29,nd,0.41,200,nd,25,0,0,0,2599,0,0,0,,
NP092517,Newport,2017-09-25,7:30:00 AM,19.3,100,2.01,1.88,1.94,NaN,NaN,NaN,nd,0.32,2.37,nd,1.10,200,nd,25,0,0,0,5198,5198,15593,0,,
NP100217,Newport,2017-10-02,7:30:00 AM,20.2,100,0.77,0.77,0.77,NaN,NaN,NaN,nd,0.21,1.38,nd,1.91,200,nd,25,0,0,0,0,0,20790,0,,
NP100917,Newport,2017-10-09,7:30:00 AM,19.9,100,1.00,1.10,1.05,NaN,NaN,NaN,nd,0.26,2.03,nd,1.04,200,nd,25,0,0,2599,2599,2599,0,0,,
NP101617,Newport,2017-10-16,7:30:00 AM,19.6,100,1.48,1.41,1.45,NaN,NaN,NaN,nd,0.37,3.43,nd,6.63,200,nd,25,0,0,0,10395,2599,0,0,,
NP102417,Newport,2017-10-24,11:20:00 AM,19.9,100,1.91,1.87,1.89,NaN,NaN,NaN,nd,0.25,3.51,nd,1.04,200,nd,25,0,0,0,0,2599,0,0,,
NP103017,Newport,2017-10-30,4:00:00 PM,19.5,100,1.72,1.64,1.68,NaN,NaN,NaN,nd,0.29,2.23,nd,3.28,200,nd,25,0,0,0,0,0,10395,0,,
NP110617,Newport,2017-11-06,7:10:00 AM,18.4,100,4.97,5.07,5.02,NaN,NaN,NaN,nd,0.35,3.55,nd,2.43,200,nd,25,0,0,0,5198,15593,5198,0,,
NP111017,Newport,2017-11-10,7:30:00 AM,16.9,100,5.45,5.60,5.53,NaN,NaN,NaN,0.24,0.60,4.88,nd,9.65,200,nd,25,0,0,0,0,46778,0,0,,
NP112017,Newport,2017-11-20,7:45:00 AM,16.0,100,4.00,3.95,3.98,NaN,NaN,NaN,nd,nd,3.08,nd,0.80,200,nd,25,0,0,0,5198,31185,20790,10395,,
NP112717,Newport,2017-11-27,10:40:00 AM,16.3,100,3.02,2.92,2.97,NaN,NaN,NaN,nd,0.46,3.32,nd,11.3,200,nd,25,0,0,0,0,5198,5198,0,,
NP120417,Newport,2017-12-04,8:55:00 AM,16.3,100,2.52,2.63,2.57,NaN,NaN,NaN,nd,0.30,2.06,nd,1.43,200,nd,25,0,0,0,0,0,5198,0,,
NP121117,Newport,2017-12-11,9:00:00 AM,16.4,100,0.87,0.83,0.85,NaN,NaN,NaN,nd,0.21,1.77,nd,4.54,200,nd,25,0,0,0,0,0,0,0,,
NP121817,Newport,2017-12-18,6:55:00 AM,16.0,100,0.85,0.86,0.86,NaN,NaN,NaN,nd,0.21,2.28,nd,1.62,200,nd,25,0,0,0,0,0,0,0,,
NP010118,Newport,2018-01-01,4:30:00 PM,16.5,100,2.46,2.49,2.47,NaN,NaN,NaN,nd,0.28,1.98,nd,1.02,200,nd,25,0,0,0,0,2599,33784,0,,
NP010818,Newport,2018-01-08,7:15:00 AM,16.2,100,1.68,1.71,1.70,NaN,NaN,NaN,0.86,0.42,2.44,nd,8.72,200,nd,25,0,0,0,0,2599,10395,12994,,
NP011518,Newport,2018-01-15,8:10:00 AM,16.2,100,1.87,2.03,1.95,NaN,NaN,NaN,nd,0.33,2.20,nd,7.18,200,nd,25,0,0,0,0,5198,0,0,,
NP012218,Newport,2018-01-22,7:25:00 AM,14.5,100,6.26,5.79,6.03,NaN,NaN,NaN,0.77,0.28,2.49,0.24,1.67,200,nd,25,0,0,0,0,2599,0,0,,
NP012918,Newport,2018-01-29,9:00:00 AM,14.6,100,5.33,5.29,5.31,NaN,NaN,NaN,0.47,0.30,3.64,nd,5.88,200,nd,25,0,0,0,28586,36383,18191,5198,,
NP020518,Newport,2018-02-05,6:45:00 AM,15.4,100,1.86,2.13,1.99,NaN,NaN,NaN,nd,0.22,1.86,nd,2.45,200,nd,25,0,0,0,5198,33784,5198,0,,
NP021218,Newport,2018-02-12,7:35:00 AM,16.0,100,1.45,1.31,1.38,NaN,NaN,NaN,nd,0.21,1.86,nd,2.04,200,nd,25,0,0,0,2599,2599,0,0,,
NP021918,Newport,2018-02-19,7:25:00 AM,15.0,100,2.71,2.88,2.80,NaN,NaN,NaN,nd,0.54,4.51,nd,4.39,200,nd,25,0,0,0,0,5198,0,0,,
NP021618,Newport,2018-02-26,6:47:00 AM,13.4,100,8.14,8.03,8.08,NaN,NaN,NaN,1.66,0.43,3.94,nd,3.60,200,nd,25,0,2599,0,0,5198,88358,18191,,
NP030518,Newport,2018-03-05,7:50:00 AM,13.8,100,9.85,9.65,9.75,NaN,NaN,NaN,nd,0.271,nd,nd,nd,200,0.09,25,0,0,0,0,2599,335242,259877,,
NP031218,Newport,2018-03-12,11:30:00 AM,15.8,100,1.17,1.26,1.21,NaN,NaN,NaN,nd,0.155,1.576,nd,0.219,200,nd,20,0,0,0,0,3248,35733,6497,,
NP031918,Newport,2018-03-19,7:40:00 AM,14.1,100,5.51,5.27,5.39,NaN,NaN,NaN,0.569,0.235,1.517,nd,1.474,200,nd,25,0,0,0,0,20790,10395,0,,
NP032618,Newport,2018-03-26,7:40:00 AM,13.2,100,3.00,3.29,3.15,NaN,NaN,NaN,4.250,0.691,6.143,0.213,36.310,200,nd,25,0,0,0,0,7796,0,0,,
NP040218,Newport,2018-04-02,10:40:00 AM,14.2,100,18.69,19.37,19.03,NaN,NaN,NaN,nd,0.146,5.288,nd,13.328,200,nd,25,0,0,0,0,51975,85759,59772,,
NP040918,Newport,2018-04-09,9:50:00 AM,16.3,100,4.69,4.54,4.61,NaN,NaN,NaN,nd,0.130,4.202,nd,4.172,200,nd,25,0,0,0,2599,75364,54574,10395,,
NP041518,Newport,2018-04-15,10:30:00 AM,15.2,100,6.31,6.12,6.21,NaN,NaN,NaN,0.312,0.312,8.229,nd,1.094,200,nd,25,0,0,10395,0,132537,0,0,,
NP042318,Newport,2018-04-23,10:45:00 AM,15.4,100,6.15,6.30,6.22,NaN,NaN,NaN,nd,0.139,5.630,nd,0.451,200,0.14,25,0,0,5198,0,98753,15593,140334,,
NP043018,Newport,2018-04-30,7:25:00 AM,15.2,100,7.06,6.91,6.99,NaN,NaN,NaN,0.440,0.212,3.281,nd,11.860,200,nd,25,0,0,5198,0,31185,0,5198,,
NP050718,Newport,2018-05-07,8:05:00 AM,14.8,100,8.53,8.66,8.59,NaN,NaN,NaN,2.134,0.458,5.105,nd,3.690,200,nd,25,0,5198,0,0,20790,0,0,,
NP051418,Newport,2018-05-14,7:10:00 AM,16.3,100,5.19,5.08,5.14,NaN,NaN,NaN,0.228,0.370,2.437,nd,12.025,200,nd,25,0,5198,0,0,49377,5198,0,,
NP052118,Newport,2018-05-21,10:30:00 AM,15.8,100,10.73,10.85,10.8,NaN,NaN,NaN,nd,0.243,3.413,nd,5.081,200,nd,25,0,0,2599,18191,140334,18191,5198,,
NP052818,Newport,2018-05-28,7:40:00 AM,16.4,100,7.33,7.44,7.38,NaN,NaN,NaN,nd,0.644,7.714,nd,1.563,200,nd,25,0,2599,0,2599,54574,0,0,,
NP060418,Newport,2018-06-04,10:45:00 AM,17.8,100,2.83,2.76,2.80,NaN,NaN,NaN,nd,nd,nd,nd,nd,200,nd,25,0,0,0,2599,28586,75364,36383,,
NP061118,Newport,2018-06-11,10:15:00 AM,19.0,100,2.62,2.54,2.58,NaN,NaN,NaN,0.298,0.239,2.190,nd,11.676,200,nd,25,0,0,0,0,5198,10395,2599,,
NP061818,Newport,2018-06-18,8:40:00 AM,18.4,100,1.86,1.82,1.84,NaN,NaN,NaN,nd,0.203,1.353,nd,1.193,200,nd,25,2599,0,0,0,10395,5198,2599,,
NP062518,Newport,2018-06-25,11:15:00 AM,19.8,100,1.94,1.91,1.92,NaN,NaN,NaN,nd,nd,2.131,nd,0.590,200,nd,25,0,0,0,0,2599,0,0,,
NP070218,Newport,2018-07-02,8:20:00 AM,20.4,100,4.06,4.09,4.07,NaN,NaN,NaN,nd,nd,2.43,nd,nd,200,nd,25,0,0,0,0,41580,7796,2599,,
NP070919,Newport,2018-07-09,9:05:00 AM,22.4,100,2.15,2.15,2.15,NaN,NaN,NaN,nd,nd,2.99,nd,nd,200,nd,25,0,0,0,0,2599,44179,0,,
NP071618,Newport,2018-07-16,10:15:00 AM,21.9,100,2.08,2.10,2.09,NaN,NaN,NaN,nd,nd,nd,nd,0.79,200,nd,25,0,0,0,0,2599,2599,23389,,
NP072318,Newport,2018-07-23,11:00:00 AM,19.2,100,2.00,2.01,2.00,NaN,NaN,NaN,nd,nd,2.55,nd,1.45,200,nd,25,0,0,0,0,7796,5198,0,,
NP073018,Newport,2018-07-30,11:00:00 AM,24.2,100,1.70,1.62,1.66,NaN,NaN,NaN,nd,0.16,1.46,nd,0.99,200,nd,25,0,0,0,0,0,28586,0,,
NP080618,Newport,2018-08-06,8:40:00 AM,23.3,100,1.05,1.05,1.05,NaN,NaN,NaN,nd,nd,3.11,nd,0.57,200,nd,25,0,0,0,0,5198,0,0,,
NP081318,Newport,2018-08-13,11:20:00 AM,23.0,100,1.71,1.69,1.70,NaN,NaN,NaN,nd,0.11,2.36,nd,0.25,200,nd,25,0,0,0,0,12994,0,7796,,
NP082018,Newport,2018-08-20,10:30:00 AM,22.5,100,1.49,1.39,1.44,NaN,NaN,NaN,nd,nd,1.45,nd,0.33,200,nd,25,0,0,0,0,0,10395,0,,
NP082718,Newport,2018-08-27,7:45:00 AM,20.2,100,1.59,1.72,1.66,NaN,NaN,NaN,nd,0.12,1.45,nd,0.45,200,nd,25,0,0,0,0,0,5198,0,,
NP090518,Newport,2018-09-05,7:45:00 AM,21.2,100,4.11,4.34,4.23,NaN,NaN,NaN,nd,0.12,nd,nd,1.19,200,nd,25,0,0,0,0,2599,0,0,,
NP091018,Newport,2018-09-10,6:50:00 AM,21.8,100,3.79,4.01,3.90,NaN,NaN,NaN,nd,nd,nd,nd,0.30,200,nd,25,0,0,0,0,0,5198,0,,
NP091718,Newport,2018-09-17,8:00:00 AM,19.6,100,1.42,1.46,1.44,NaN,NaN,NaN,nd,0.16,2.39,nd,0.35,200,nd,25,0,0,0,0,2599,0,0,,
NP092418,Newport,2018-09-24,7:30:00 AM,19.5,100,2.38,2.31,2.35,NaN,NaN,NaN,nd,0.16,3.18,nd,1.13,200,nd,25,0,0,0,0,10395,0,0,,
NP100118,Newport,2018-10-01,7:50:00 AM,18.4,100,1.30,1.35,1.32,NaN,NaN,NaN,NaN,NaN,NaN,NaN,NaN,200,nd,25,0,0,0,0,0,10395,0,,
NP100818,Newport,2018-10-08,7:50:00 AM,20.3,100,0.66,0.69,0.67,NaN,NaN,NaN,NaN,NaN,NaN,NaN,NaN,200,nd,25,0,0,0,0,7796,0,0,,
NP101518,Newport,2018-10-15,10:40:00 AM,16.0,100,2.46,2.65,2.55,NaN,NaN,NaN,NaN,NaN,NaN,NaN,NaN,200,nd,25,0,0,0,0,2599,7796,0,,
NP102218,Newport,2018-10-22,8:10:00 AM,17.5,100,2.34,2.38,2.36,NaN,NaN,NaN,NaN,NaN,NaN,NaN,NaN,200,nd,25,0,0,0,0,23389,10395,0,,
NP102918,Newport,2018-10-29,7:35:00 AM,19.0,100,1.90,1.93,1.92,NaN,NaN,NaN,NaN,NaN,NaN,NaN,NaN,200,NaN,25,0,0,0,0,7796,0,5198,,
NP110518,Newport,2018-11-05,7:40:00 AM,19.4,100,1.73,1.78,1.76,NaN,NaN,NaN,NaN,NaN,NaN,NaN,NaN,200,NaN,25,0,0,0,0,2599,0,0,,
NP111218,Newport,2018-11-12,8:05:00 AM,18.0,100,1.52,1.53,1.52,NaN,NaN,NaN,NaN,NaN,NaN,NaN,NaN,200,NaN,25,0,0,0,0,0,5198,0,,
NP111918,Newport,2018-11-19,7:40:00 AM,17.6,100,0.79,0.80,0.80,NaN,NaN,NaN,NaN,NaN,NaN,NaN,NaN,200,NaN,25,0,0,0,0,0,10395,0,,
NP112618,Newport,2018-11-26,7:45:00 AM,18.1,100,1.85,1.80,1.82,NaN,NaN,NaN,NaN,NaN,NaN,NaN,NaN,200,NaN,25,0,0,0,0,0,0,0,,