Date Collected,Location Code,Time Collected,Temp (C),Dilution No,Chl Vol Filtered (mL),Chl1 (mg/m3),Chl2 (mg/m3),Avg Chloro (mg/m3),Phaeo1 (mg/m3),Phaeo2 (mg/m3),Avg. Phaeo (mg/m3) or (ug/L),Nitrate (uM),Phosphate (uM),Dissolved Silicon,Nitrite (uM),Ammonia (uM),DA Volume Filtered (mL),Domoic Acid (ng/mL),Volume for counting (mL),Akashiwo sanguinea  (cells/L),Alexandrium spp. (cells/L),Dinophysis spp.  (cells/L),Lingulodinium polyedrum (cells/L),Prorocentrum spp.  (cells/L),Pseudo-nitzschia delicatissima group (cells/L),Pseudo-nitzschia seriata group (cells/L),Gymnodinium spp,other diatom,other dino,total phytoplankton,date from Jan 1 
2008-06-30,SMP,7:00 AM,20.5,1,500,2.8,,2.8,,,2.5,0.7,0.3,7.2,0,2,200,na,250,0,0,0,1122,8228,3740,0,748,13838,15334,43010,182
2008-07-07,SMP,7:35 AM,21,1,700,3.4,,3.4,,,3.4,0.9,0.3,6.7,0.1,1.5,200,na,500,0,1122,0,6732,9724,2244,0,374,13651,14025,47872,189
2008-07-14,SMP,8:00 AM,21,1,500,6.4,,6.4,,,4.7,0.6,0.2,5.6,0.1,1.7,200,na,500,26292,0,0,0,374,486,0,0,11594,0,38746,196
2008-07-21,SMP,8:30 AM,20,1,600,2,,2,,,2.4,1,0.4,5.3,0.1,4.3,200,na,500,0,0,0,2992,935,9070,0,94,21225,3647,37961,203
2008-07-28,SMP,8:00 AM,21,1,410,7.3,,7.3,,,3.8,1.2,0.2,5.3,0.1,0.1,200,na,500,0,0,374,2805,0,1683,0,0,124729,,129591,210
2008-08-04,SMP,7:50 AM,21,1,580,2.4,,2.4,,,2.1,1.3,0.5,4.8,0.1,3.9,200,na,500,0,0,94,655,1683,1777,655,0,6171,2712,13745,217
2008-08-11,SMP,7:40 AM,22,1,500,2.8,,2.8,,,1.5,0.9,0.3,5.3,0.1,3.1,200,na,500,0,0,0,468,468,187,0,0,66385,2151,69658,73272
2008-08-18,SMP,7:40 AM,21,1,650,2.2,,2.2,,,1.5,1.1,0.3,4.2,0.2,1.9,200,na,500,0,0,187,6358,1029,374,0,0,374,3273,11594,231
2008-08-26,SMP,7:45 AM,21,1,890,2,,2,,,1.5,0.9,0.3,3.9,0.1,1.1,200,na,500,0,0,187,7761,4114,0,0,0,13464,2712,28237,239
2008-09-02,SMP,10:30 AM,22.5,1,1000,na,,NA,,,na,0.3,0.2,3.8,0.1,0.2,200,na,500,0,0,0,0,1122,0,0,0,1309,935,3366,246
2008-09-08,SMP,2:50 PM,22,1,500,1.6,,1.6,,,0.3,0.5,0.3,4.5,0.1,1,200,na,500,0,0,94,0,1870,187,0,0,4956,935,8041,252
2008-09-15,SMP,9:30 AM,19.3,1,500,3.2,,3.2,,,1.6,0.7,0.4,5,0.2,1.1,200,na,500,0,0,187,655,7200,374,0,0,3366,6078,17859,259
2008-09-29,SMP,9:30 AM,19.9,1,500,2.4,,2.4,,,1,0.4,0.2,4.6,0.1,0.9,200,na,500,0,0,187,187,3740,0,0,374,561,7574,12623,273
2008-10-06,SMP,9:30 AM,18.2,1,500,2,,2,,,1.4,3.8,0.4,7.5,0.3,4.3,200,na,500,0,0,0,281,2057,0,187,281,6639,2805,12249,280
2008-10-13,SMP,10:30 AM,15.4,1,500,0.8,,0.8,,,0,6.4,0.9,5.5,0.6,5,200,na,450,0,0,0,0,1039,2078,0,0,38023,0,41140,287
2008-10-20,SMP,7:00 AM,16.8,1,500,3.6,,3.6,,,2,1.3,0.6,4.5,0.3,2.7,200,0.04,500,0,0,0,5610,42262,0,0,0,5984,0,53856,294
2008-10-28,SMP,11:00 AM,18.8,1,500,1.4,,1.4,,,2.7,0.9,0.5,2.1,0.1,1.7,200,0,500,0,0,0,4114,9163,0,0,0,1309,0,14586,302
2008-11-03,SMP,9:30 AM,17.4,1,500,6.9,,6.9,,,6.1,1.2,0.4,3,0.1,0.8,200,0,250,0,187,0,2244,3179,0,0,561,2244,3366,11781,308
2008-11-17,SMP,9:30 AM,16.4,1,500,2.1,,2.1,,,1.5,0.7,0.4,4.2,0.1,1.3,200,0,1000,0,0,94,281,1309,842,8415,0,31229,2525,44693,322
2008-11-24,SMP,12:30 PM,17,1,100,42.1,,42.1,,,1.8,1.1,0.4,2.9,0.2,0.6,170,0.04,200,68723,0,1403,1870,8415,10753,0,0,468,8883,100513,329
2008-12-01,SMP,10:00 AM,16,1,300,12.7,,12.7,,,4.9,0.6,0.4,5.1,0.1,1.4,200,0,450,104,0,1247,1558,12882,0,0,0,10389,6857,33037,336
2008-12-08,SMP,9:30 AM,15.8,1,200,4,,4,,,3.8,1,0.4,4.5,0.3,3.6,200,0,500,187,0,374,3086,21318,187,0,187,10098,4675,40112,343
2008-12-15,SMP,1:00 PM,14.9,1,200,3,,3,,,0,5.6,1,6.9,0.4,4.1,200,0,500,94,94,0,94,748,0,0,0,2057,655,3740,350
2008-12-28,SMP,2:50 PM,13.8,1,200,2.4,,2.4,,,0,3.6,0.6,7.2,0.5,9.2,200,0,500,0,0,94,0,655,0,3553,0,11875,655,16830,363
2009-01-05,SMP,8:45 AM,12.5,1,500,5.5,,5.5,,,2.3,3.2,0.5,5,0.4,2.6,200,0.04,500,0,0,7053,0,85496,413161,0,0,976155,92550,1574416,371
2009-01-13,SMP,9:25 AM,14,1,200,1.5,,1.5,,,0.9,1.2,0.4,4.8,0.1,2.9,200,0.08,500,0,0,187,0,935,13651,0,0,32164,2618,49555,379
2009-01-19,SMP,9:00 AM,14,1,200,5.5,,5.5,,,5.9,0.7,0.4,3.2,0.2,1.2,200,0,500,0,0,1870,374,68068,187,0,0,24871,12716,108086,385
2009-01-26,SMP,9:30 AM,14,1,200,4,,4,,,11,2,0.4,4.5,0.5,1.2,200,0,500,0,0,2672,2672,192367,0,0,2672,26718,58779,285879,392
2009-02-02,SMP,10:00 AM,14,1,200,5,,5,,,0,0.8,0.5,5.9,0.1,5,200,0,500,0,0,0,561,54417,0,0,0,1683,21318,77979,399
2009-02-09,SMP,9:00 AM,14,1,200,3,,3,,,3,2.7,0.4,5.4,0.3,0.8,200,0,500,0,0,0,0,286110,5610,0,0,82280,26180,400180,406
2009-02-16,SMP,10:30 AM,14,1,200,6.5,,6.5,,,4.3,3.9,0.8,6.5,0.3,1.5,200,0.05,430,0,0,217,0,13047,6523,0,0,40444,3262,63493,413
2009-02-24,SMP,9:00 AM,14,1,200,4,,4,,,0.9,1.1,0.3,3.8,0.3,2.6,200,0.04,500,0,0,0,0,22627,1683,0,374,20757,4488,49929,421
2009-03-02,SMP,9:30 AM,14.4,1,200,7.5,,7.5,,,0.9,1,0.4,5.9,0.1,2,200,0.05,500,0,0,1496,187,77605,5984,0,0,17578,9163,112013,427
2009-03-09,SMP,9:30 AM,14.4,1,200,4,,4,,,1.4,0.9,0.5,2.8,0.1,7.4,200,0.08,500,0,0,1122,0,56848,8976,0,0,35530,5610,108086,434
2009-03-16,SMP,9:15 AM,14,1,200,5.5,,5.5,,,3.5,1.5,0.6,3.1,0.2,3.8,200,0.16,500,56,0,56,0,1926,0,684.4,0,3796.1,879,7398,441
2009-03-24,SMP,10:00 AM,12.7,1,200,1.5,,1.5,,,0,12.5,1.3,17.2,0.4,3,200,0,500,0,0,0,0,748,0,0,0,9537,561,10846,449
2009-03-31,SMP,6:20 AM,12.7,1,200,2.5,,2.5,,,7.7,6.9,0.9,10.7,0.4,11.2,200,0,500,0,0,0,0,2618,0,0,0,2244,1122,5984,456
2009-04-07,SMP,10:00 AM,15.7,1,200,2,,2,,,0.4,1,0.7,9.6,0.2,4.4,200,0,500,0,0,187,0,26180,0,0,0,187,5610,32164,463
2009-04-14,SMP,10:00 AM,16.2,1,200,2.4,,2.4,,,2.4,0.8,0.7,8.3,0.2,3.9,200,0.06,500,0,0,374,0,50116,0,2431,0,63954,2431,119306,470
2009-04-21,SMP,8:20 AM,16.2,1,200,7,,7,,,0,0.6,0.3,2,0.1,4.1,200,0.09,500,0,0,0,0,3927,0,0,0,22627,187,26741,477
2009-04-28,SMP,10:30 AM,16.5,1,200,6.5,,6.5,,,9.1,0.6,0.7,1.7,0.3,4.5,200,0.2,500,187,0,374,0,6171,0,0,0,30855,1122,38709,484
2009-05-05,SMP,10:30 AM,18.2,1,200,2.5,,2.5,,,8.9,0.4,0.5,0.8,0.3,4.2,200,1.32,500,0,0,0,0,49873,149619,0,0,6098743.2,28499,6326734,491
2009-05-12,SMP,10:30 AM,17.7,1,200,2.4,,2.4,,,6.3,0.3,0.4,0.6,0.3,2.8,200,0.28,500,0,0,187,0,1870,0,0,0,120802,0,122859,498
2009-05-19,SMP,10:00 AM,18.5,1,200,1.5,,1.5,,,0.3,0.1,0.2,0.5,0.2,2.3,200,0,500,0,0,0,0,4301,0,0,0,58905,0,63206,505
2009-05-25,SMP,10:00 AM,18,1,200,2,,2,,,0.4,0.7,0.3,2.1,0.2,1.7,200,0,500,0,0,0,0,748,0,0,0,5610,0,6358,511
2009-06-02,SMP,10:30 AM,18,1,200,1.2,,1.2,,,0.4,3.3,0.6,5.7,0.2,2.9,200,0.08,500,0,0,0,0,2805,0,0,0,9350,0,12155,519
2009-06-08,SMP,10:30 AM,19,1,200,3,,3,,,2.4,0.7,0.5,3.1,0.3,1.7,200,0.26,500,0,0,187,0,3927,0,748,0,32164,374,37400,525
2009-06-16,SMP,10:00 AM,21,1,200,1.5,,1.5,,,3.9,0.6,0.3,1.9,0.1,8.7,200,0.41,500,0,0,0,0,3179,1683,3927,187,43945,935,53856,533
2009-06-23,SMP,10:30 AM,21,1,200,2,,2,,,1.6,0.6,0.4,2.1,0.2,3,200,0,500,0,0,0,0,6358,0,3927,0,48433,1309,60027,540
2009-06-30,SMP,10:00 AM,19,1,200,1.2,,1.2,,,1.2,0.5,0.5,4.4,0.1,2.1,200,0.05,500,0,0,187,0,2431,0,187,0,16830,935,20570,547
2000-07-07,SMP,10:00 AM,19,1,200,2,,2,,,2.2,0.7,0.6,4.5,0.2,3.5,200,0,500,0,0,0,187,748,0,561,0,27489,187,29172,-2733
2009-07-14,SMP,10:30 AM,21.2,1,200,1.5,,1.5,,,0,0.9,0.5,5.5,0.2,4.4,200,0,500,0,0,0,0,2244,0,748,0,13464,0,16456,561
2009-07-21,SMP,10:00 AM,21,1,200,2,,2,,,1.4,0.6,0.4,0.1,0.2,9,200,0.05,500,0,0,0,0,8415,0,1122,0,81158,561,91256,568
2009-07-28,SMP,10:00 AM,20.5,1,200,4,,4,,,1.4,0.7,0.5,1.2,0.3,9.7,200,0,500,0,0,0,561,3553,0,187,0,38709,27302,70312,575
2009-08-04,SMP,10:30 AM,21,1,200,1.5,,1.5,,,2.7,0.4,0.4,2.1,0.4,3.3,200,0.04,500,0,0,0,0,9911,0,0,187,62084,2992,75174,582
2009-08-11,SMP,10:00 AM,19.4,1,200,2.8,,2.8,,,3,0.3,0.5,3.4,0.2,3,200,0.06,500,0,0,187,0,9350,0,0,0,23001,25245,57783,589
2009-08-18,SMP,9:30AM,19.4,1,200,4,,4,,,3.2,0.6,0.4,1.7,0.1,1.6,200,0,500,0,0,187,0,5236,0,0,0,55539,10285,71247,596
2009-08-25,SMP,10:30 AM,19.4,1,200,1.5,,1.5,,,0.9,0.5,0.2,0.8,0.3,2.8,200,0,500,0,0,0,0,1683,0,0,0,15521,3553,20757,603
2009-09-02,SMP ,9:00 AM,19.4,1,200,0.8,,0.8,,,1.1,0.2,0.2,0.9,0.1,3.3,200,0,500,0,0,187,0,3553,0,0,0,3740,3366,10846,611
2009-09-08,SMP,10:00 AM,19.4,1,200,2,,2,,,2.2,0.4,0.2,2.6,0.2,1.3,200,0,500,0,0,0,44319,18139,0,0,0,15521,12155,90134,617
2009-09-15,SMP,10:30 AM,21.7,1,200,4.5,,4.5,,,3.9,0,0.4,4,0.2,3.8,200,0,500,0,0,0,248149,36839,0,0,0,11781,6732,303501,624
2009-09-22,SMP,10:30 AM,21.1,1,200,2,,2,,,2.8,0.2,0.4,4.2,0.1,2.2,200,0,500,0,0,187,49742,14586,0,0,0,13651,11407,89573,631
2009-09-29,SMP,7:30 AM,21.7,1,200,2,,2,,,2.2,0.3,0.5,3.5,0.2,4.2,200,0,500,0,0,0,5984,1122,0,0,0,8789,374,16269,638
2009-10-06,SMP,8:00 AM,19.5,1,200,12,,12,,,10.8,0.1,0.9,4.9,0.4,4.5,200,0,500,0,0,0,480216,16269,0,0,0,5049,8415,509949,645
2009-10-13,SMP,8:30AM,17.1,1,500,2.8,,2.8,,,2.3,0.4,0.3,3.1,0.1,0.4,200,0,500,0,0,0,62879,5143,0,0,0,14960,2805,85786,652
2009-10-20,SMP,8:45AM,17.9,1,500,0.8,,0.8,,,0.7,0.4,0.5,2.7,0.1,0.8,200,0,500,0,0,0,9350,2431,0,0,0,5984,561,18326,659
2009-10-27,SMP,8:45AM,19.7,1,500,1.2,,1.2,,,1.7,0.5,0.3,3.5,0.1,1.8,200,0,410,0,0,0,912,228,0,0,0,12315,228,13683,666
2009-11-03,SMP,9:00 AM,17.2,1,500,1.6,,1.6,,,3,0.5,0.3,3.9,0.1,1.1,200,0,500,0,0,0,6732,187,0,0,0,2244,187,9350,673
2009-11-10,SMP,10:00 AM,17,1,500,0.8,,0.8,,,1.4,0.6,0.4,3,0.1,1.5,200,0,500,0,0,0,5778,2889,0,0,0,1051,0,9718,680
2009-11-17,SMP,11:30 AM,17.2,1,500,1.2,,1.2,,,0.5,0.7,0.3,3.4,0.1,1.4,200,0,500,0,0,0,693,0,0,0,0,2309,231,3232,687
2009-11-24,SMP,10:10 AM,16.8,1,500,5.2,,5.2,,,2.7,0.4,0.4,4.2,0.2,1.9,200,0,500,0,0,374,20944,5984,0,0,0,1683,1870,30855,694
2009-12-02,SMP,11:40 AM,16.8,1,500,0.8,,0.8,,,0.9,0.6,0.4,3.4,0.2,2.3,200,0,500,0,0,0,2618,4675,0,0,0,3740,2244,13277,702
2009-12-08,SMP,11:30 AM,14.9,1,500,1.4,,1.4,,,3.7,0.5,0.3,3.5,0.1,2.5,200,0,500,0,0,0,4038,2975,0,0,0,3400,425,10838,708
2009-12-16,SMP,10:30 AM,15,1,500,1.2,,1.2,,,1.2,1.1,0.5,4.7,0.2,2.3,200,0,500,0,0,0,1870,4114,0,0,0,187,748,6919,716
2009-12-22,SMP,11:45 AM,14.8,1,500,4.2,,4.2,,,2.5,0.7,0.3,4.6,0.2,3.3,200,0,500,0,0,0,2805,4301,0,0,0,374,561,8041,722
2009-12-29,SMP,11:55 AM,14.5,1,500,2.6,,2.6,,,4.4,0.4,0.3,4.5,0.1,2.2,200,0,350,0,0,0,0,2137,0,0,0,267,267,2671,729
2010-01-05,SMP,11:45 AM,15,1,500,0.6,,0.6,,,1.6,1,0.3,3.6,0.2,1,200,NA,500,0,0,187,935,5797,0,187,0,1122,187,8415,736
2010-01-11,SMP,8:11 AM,14.8,1,500,1.2,,1.2,,,1,0.4,0.4,3,0,1.7,200,0.05,395,0,0,0,0,237,0,0,0,237,0,473,742
2010-01-18,SMP,11:30 AM,14.8,1,500,1.8,,1.8,,,1.6,1.9,0.5,3.5,0.2,5.5,200,0,400,0,0,0,234,2338,0,0,233.75,31790,0,34595,749
2010-01-25,SMP,7:35 AM,14,1,500,0.8,,0.8,,,2.3,1.7,0.5,5.1,0.3,3.9,500,0.02,186,0,0,0,882,1764,0,882,0,6175,0,9703,756
2010-02-01,SMP,7:35 AM,14.5,1,200,2.5,,2.5,,,1.1,1.9,0.2,3.8,0.2,5.1,200,0.05,250,0,0,748,1870,2618,0,374,0,13464,1496,20570,763
2010-02-08,SMP,7:37 AM,14.4,1,200,2.5,,2.5,,,0.4,2.5,0.2,2.7,0.2,2,200,0,135,0,0,0,693,2078,0,0,0,9004,0,11774,770
2010-02-15,SMP,7:45 AM,15,1,200,2,,2,,,1.6,1.1,0.1,0.9,0.1,1.2,200,0,250,0,0,748,6358,4862,0,0,0,18700,748,31416,777
2010-02-22,SMP,7:39 AM,14.9,1,200,2,,2,,,1.6,1.1,0.1,1.2,0.1,1.2,200,0,210,0,0,890,3117,3117,0,0,0,19590,445,27159,784
2010-03-01,SMP,8:02 AM,15.5,1,200,bd,,0,,,4.2,0.8,0.2,2,0.1,1.1,200,0,200,0,0,154,9490,7480,0,0,0,12763,313,30201,791
2010-03-08,SMP,8:00 AM,14.9,1,200,3,,3,,,1.8,1.4,0.2,1.7,0.1,1.1,200,0,200,0,0,0,1870,9818,10753,0,0,3740,468,26648,798
2010-03-15,SMP,8:00 AM,16.2,1,200,3.5,,3.5,,,4.3,2.5,0.2,2.3,0.2,0.8,200,0,200,0,0,2338,43478,34128,1403,0,0,7480,935,89760,805
2010-03-22,SMP,10:00 AM,14.8,1,200,3,,3,,,7.8,1.3,0.2,1.3,0.1,1.2,200,0,200,0,0,935,80410,33660,0,1403,1870,8415,3740,130433,812
2010-03-29,SMP,10:00 AM,16,1,200,1,,1,,,1.4,0.8,0.2,1.5,0.1,1.5,200,0.05,200,0,0,0,5143,4675,0,0,0,23843,468,34128,819
2010-04-05,SMP,9:15 AM,15,1,200,2.5,,2.5,,,11.9,2.4,0.2,2.3,0.1,1.9,200,0,250,0,0,374,37400,62458,0,0,0,2992,1122,104346,826
2010-04-08,SMP,10:00AM ,13,1,200,bd,,0,,,2.4,3.3,0.3,4.2,0.2,4.7,200,0,250,0,0,0,1122,2244,0,0,0,748,374,4488,829
2010-04-12,SMP,8:00 AM,15.6,1,200,4,,4,,,0.8,0.8,0.6,6.7,0.3,2.8,200,0,250,0,0,374,4114,32164,0,0,0,2244,374,39270,833
2010-04-19,SMP,12:00 PM,15.7,1,200,2,,2,,,1.6,1.2,0.5,4.9,0.1,4.1,200,0,250,0,0,1122,25058,22440,0,2992,0,2244,748,54604,840
2010-04-26,SMP,7:10AM,13.5,1,200,3,,3,,,bd,6.6,0.8,8.7,0.5,5.9,200,0.05,250,0,0,748,8976,4114,0,8602,0,2244,748,25432,847
2010-05-03,SMP,9:20 AM,14.8,1,200,6,,6,,,0,1.4,0.7,4.1,0.2,3,200,0.05,250,0,0,748,3740,8602,0,0,0,2244,374,15708,854
2010-05-10,SMP,11:00 AM,16.5,1,200,7,,7,,,0.2,0.5,0.4,3.8,0.1,3.3,200,0,250,0,0,748,12716,6732,0,0,0,374,0,20570,861
2010-05-17,SMP,10:00 AM,15.5,1,200,29.1,,29.1,,,bd,0.2,2.4,5.9,0.3,10.6,200,0.27,250,0,0,1496,30668,15708,0,0,0,0,374,48246,868
2010-05-24,SMP,7:30 AM,13,1,200,14,,14,,,1.6,4,1.2,9.2,0.3,10.1,200,0,250,0,0,1870,9350,5984,0,374,0,748,374,18700,875
2010-05-31,SMP,12:00 PM,16.8,1,200,10,,10,,,2,0.4,0.2,13,bd,3.9,200,0,200,0,0,468,14960,48153,0,468,3740,2338,0,70125,882
2010-06-07,SMP,8:30AM,16.8,1,200,4.5,,4.5,,,0.3,4.5,0.5,4.2,0.2,7.1,200,0,250,0,0,0,6994,13688,0,0,0,748,1010,22440,889
2010-06-14,SMP,11:00AM,18,1,200,9.5,,9.5,,,24.2,0.3,0.3,2.5,bd,0.2,200,0,500,0,0,0,397562,66385,0,0,0,0,0,463947,896
2010-06-23,SMP,8:30AM,19,1,200,8.9,,8.9,,,bd,1.1,0.3,5.5,bd,3.2,200,0,500,0,0,0,3310,9780.1,0,0,0,130.9,0,13221,905
2010-06-28,SMP,11:30AM,20,1,200,13.5,,13.5,,,4.5,0.6,0.3,5,bd,1.6,200,0,500,0,0,0,69246,9780,0,0,0,1309,0,80335,910
2010-07-05,SMP,9:30AM,18,1,200,3,,3,,,2.4,0.7,0.3,4.7,bd,3.6,200,0,450,0,0,0,51737,13651,0,0,0,8519,5548,79454,917
2010-07-12,SMP,11:00AM,18,1,200,4.5,,4.5,,,bd,1.8,0.6,8,0.2,34,200,0,250,0,0,0,7854,20196,0,0,0,486,4114,32650,924
2010-07-19,SMP,10:00AM ,20,1,200,6,,6,,,9,0.7,0.2,4.7,bd,0.2,200,0.05,250,0,0,0,3478,152966,0,0,0,262,2132,158838,931
2010-07-26,SMP,9:00AM,18,1,200,5,,5,,,1,0.9,0.4,2.8,0.1,12.6,200,0,500,0,0,0,8602,36278,0,0,0,0,14586,59466,938
2010-08-02,SMP,7:10AM,15,1,200,7,,7,,,6.2,1.7,0.4,3.6,bd,3.2,200,0.2,250,0,0,0,6956,94996,4600,0,0,0,11183,117735,945
2010-08-09,SMP,9:00AM,20,1,200,5,,5,,,bd,0.9,0.5,3,0.1,9.8,200,0,500,0,0,430,374,21131,0,0,0,0,4301,26236,952
2010-08-16,SMP,7:00AM,16,1,200,2,,2,,,2.8,1.3,0.4,3.3,0.1,3.3,200,0,350,0,0,534,0,36331,0,0,721,0,4007,41594,959
2010-08-23,SMP,7:30AM,20,1,200,1,,1,,,5,0.7,0.4,4.8,bd,2.7,200,0,250,0,0,123,1122,58221,123,0,123,0,5722,65435,966
2010-08-30,SMP,12:00PM,18,1,200,3,,3,,,1.8,3,69.4,10.8,0.2,13.3,200,0.2,350,0,0,534,1256,75067,1335,0,668,0,614,79474,973
2010-09-06,SMP,7:30AM,16,1,200,6,,6,,,3,0.7,0.3,4.3,bd,2.1,200,0,250,0,0,1384,374,66572,0,0,0,112,9874,78316,980
2010-09-13,SMP,7:30AM,16,1,200,4.5,,4.5,,,bd,1.3,0.4,3.5,bd,2.6,200,0,300,0,0,156,623,16674,779,0,0,1870,9818,29920,987
2010-09-20,SMP,11:30AM,16,1,200,9,,9,,,6,1.3,0.4,5.8,bd,6.8,200,0.04,230,0,0,679,935,9622,2033,0,3525,3118,3647,23558,994
2010-09-27,SMP,11:00AM,20,1,200,8,,8,,,2.8,0.9,0.5,5.5,bd,3.6,200,0.04,200,0,0,468,935,935,0,0,0,1403,468,4208,1001
2010-10-04,SMP,10:00AM ,17,1,200,4,,4,,,8,na,NA,NA,na,na,200,NA,250,0,0,187,0,3834,0,0,3647,0,1964,9631,1008
2010-10-11,SMP,10:00AM ,18,1,200,4,,4,,,6.8,0.8,0.4,4.8,0.1,2.4,200,0,500,0,0,1122,2805,30107,0,0,41701,0,4675,80410,1015
2010-10-18,SMP,9:00AM,17,1,200,35.1,,35.1,,,5.6,2.8,0.7,6,0.5,197,200,0,250,0,0,251,2730,5236,0,0,3366,0,5113,16695,1022
2010-10-25,SMP,9:30AM,17.5,1,200,0.5,,0.5,,,3.1,1.8,0.6,5.6,0.2,11.4,200,0,250,0,0,0,748,3516,150,0,1421,374,2020,8228,1029
2010-11-01,SMP,9:15AM,17,1,200,1,,1,,,1.2,2.3,0.5,3.1,0.2,89.2,200,0,250,0,0,0,281,1403,2057,0,187,281,5143,9350,1036
2010-11-08,SMP,9:30AM,17,1,200,4,,4,,,bd,1.9,0.5,2,0.1,18.5,200,0,250,0,0,112,486,598,10098,0,112,598,1234,13240,1043
2010-11-15,SMP,9:15AM,16,1,200,1.5,,1.5,,,bd,1.4,0.4,1.5,0.2,1.2,200,0,250,0,0,598,112,972,17952,0,224,2842,3964,26666,1050
2010-11-22,SMP,10:00AM ,16,1,200,1,,1,,,0.2,1.2,0.5,1.4,0.2,149,200,0,250,0,0,374,748,1758,12716,0,374,486,1982,18438,1057
2010-11-29,SMP,9:30AM,12.5,1,200,7.5,,7.5,,,bd,7.2,0.7,4.9,0.5,274,200,0,500,0,0,0,0,0,2308403,0,0,534353,42748,2885504,1064
2010-12-03,SMP,11:59am,14,1,200,4.5,,4.5,,,7.3,8,0.9,5.4,0.4,3,200,0,250,2992,0,748,748,4114,19822,0,748,37400,10846,77418,1068
2010-12-06,SMP,9:30AM,14,1,200,bd,,0,,,32.4,2.8,0.6,2,0.1,7.3,200,0.07,500,0,0,0,187,1309,186065,0,0,16082,2057,205700,1071
2010-12-13,SMP,11:59am,na,1,200,2.4,,2.4,,,7.2,1.5,0.5,2.4,0.2,4.5,200,0.04,250,0,0,748,2992,3366,2244,0,748,1122,9350,20570,1078
2010-12-22,SMP,11:59am,15,1,150,3.2,,3.2,,,bd,1.1,0.6,3.2,0.2,2.9,na,NA,129,na,na,na,na,na,na,na,na,na,na,0,1087
2011-01-03,SMP,11:00am,13,1,200,bd,,,,,13.6,6.9,1.3,9,0.5,14.6,200,0,250,0,0,0,187,374,561,0,0,2992,374,4488,1099
2011-01-10,SMP,11:59am,14,1,200,14.4,,14.4,,,1.9,2.2,1.9,6,0.2,3.5,200,0,250,0,0,374,8602,8602,0,0,0,1122,4488,23188,1106
2011-01-17,SMP,11:59am,15,1,200,6.4,,6.4,,,bd,1.1,0.4,3.8,0.2,2.2,200,0.2,250,0,0,374,5610,1122,16456,1496,374,105094,6358,136884,1113
2011-01-24,SMP,11:59am,16,1,200,3.2,,3.2,,,1.6,0.6,0.3,1.6,0.1,4.3,200,0,200,0,0,2338,5143,8883,1403,0,468,17298,10285,45815,1120
2011-01-31,SMP,8:00 AM,14,1,200,12.8,,12.8,,,bd,0.7,0.4,2.5,0.2,3.8,200,0,250,0,1122,0,5236,23188,0,0,0,21318,8228,59092,1127
2011-02-07,SMP,8:00 AM,14.5,1,200,bd,,0,,,15.6,1.1,0.4,4.1,0.4,11.9,200,0,250,748,0,748,25432,59840,0,0,0,1496,41140,129404,1134
2011-02-14,SMP,11:00AM,16.5,1,200,4.5,,4.5,,,bd,0.7,0.4,6.2,0.1,4,200,0,250,0,0,374,4114,95744,0,0,0,374,11220,111826,1141
2011-02-21,SMP,11:59am,15,1,200,bd,,0,,,2.8,0.8,0.7,7,0.4,15.3,200,0,250,0,0,374,1122,81158,0,0,0,374,4488,87516,1148
2011-02-28,SMP,11:59am,14,1,200,tbd,,NA,,,tbd,3,0.7,7,0.3,5.7,200,0,250,0,0,0,1496,41140,0,0,0,0,12342,54978,1155
2011-03-07,SMP,10:15am,15,1,200,0.5,,0.5,,,13,0.8,0.4,7.7,0.1,5.8,200,0,250,0,0,75,0,75,13464,2992,0,17204,32538,66348,1162
2011-03-14,SMP,10:15am,13.5,1,200,22.6,,22.6,,,bd,2.8,0.5,2.1,0.2,5.7,200,1.5,250,0,0,8550,0,8550,1538935,341986,0,1966417,42748,3907185,1169
2011-03-21,SMP,12:00pm,14,1,200,bd,,0,,,7.8,4.5,0.7,4.7,0.2,5.6,200,0,250,0,0,0,374,2244,11594,1122,0,16456,4488,36278,1176
2011-03-28,SMP,10:00AM ,14,1,200,bd,,0,,,3.9,4.7,0.9,7.3,0.3,6.6,200,0.1,250,0,0,0,0,1122,5722,0,112,2121,4974,14051,1183
2011-04-04,SMP,9:30AM,16,1,200,0.5,,0.5,,,7,1.8,0.4,4.1,0.1,4.3,200,0,250,0,0,123,0,8864,1982,0,0,3104,9088,23162,1190
2011-04-11,SMP,10:00AM ,14,1,200,0.7,,0.7,,,na,6.7,0.9,8.5,0.3,6.3,200,0,250,0,0,112,112,2730,5610,0,112,1122,2981,12780,1197
2011-04-18,SMP,9:30AM,17,1,200,1.3,,1.3,,,na,4,0.6,3.8,0.4,7.1,200,0,250,0,0,112,0,1758,17578,2618,123,625,1485,24299,1204
2011-04-25,SMP,9:30AM,15.5,1,200,0.2,,0.2,,,na,5.3,1,6,0.4,6.1,200,0,250,0,0,112,0,112,0,224,748,4189,112,5498,1211
2011-05-02,SMP,9:30AM,16,1,200,0.2,,0.2,,,na,3.2,0.4,4.2,0.2,2.6,200,0,250,0,0,0,0,176,0,0,0,1804,884,2864,1218
2011-05-09,SMP,11:00AM,15.5,1,200,6.3,,6.3,,,na,2.3,0.7,5.4,0.3,3.5,200,0,200,0,0,468,0,0,467.5,0,9350,113603,0,123888,1225
2011-05-16,SMP,11:30AM,16,1,200,bd,,0,,,na,1.9,0.9,8.9,0.2,3.9,200,0,250,0,0,224.4,0,1234.2,0,0,5486.58,7854,625,15424,1232
2011-05-23,SMP,9:15AM,16.5,1,200,1,,1,,,na,4.4,0.7,11.9,0.2,5.6,200,0,250,250.58,0,1982.2,0,4600.2,374,0,6993.8,9088.2,224,23513,1239
2011-05-30,SMP,10:00AM ,16.5,1,200,2,,2,,,na,3.8,0.7,11.3,0.3,3.1,200,0,250,0,0,2244,0,14960,6470.2,0,6096.2,9350,1833,40953,1246
2011-06-06,SMP,10:30 AM,17.5,1,200,2,,2,,,na,1,0.5,3.5,0.2,1.6,200,0.048,250,0,0,0,0,9724,28424,0,0,61336,1870,101354,1253
2011-06-13,SMP,10:30 AM,17,1,200,bd,,0,,,na,0.6,0.3,2.5,0.1,2.7,200,0,250,0,0,0,0,42748,85496,0,0,996033,71389,1195667,1260
2011-06-18,SMP,12:00pm,19.5,1,200,3,,3,,,na,2.2,0.4,3.9,0.2,3.9,200,0,250,0,0,374,0,8602,12342,0,0,14960,5610,41888,1265
2011-06-27,SMP,10:00 AM,20.5,1,200,bd,,0,,,na,1,0.2,4,0.7,1.5,200,0,250,748,0,374,0,7106,2618,0,0,2244,13838,26928,1274
2011-07-05,SMP,12:00pm,23,1,200,bd,,0,,,na,0.8,0.3,3.5,NaN,1.6,200,0,250,0,0,0,0,1496,14212,0,0,7106,748,23562,1282
2011-07-11,SMP,10:00 AM,19.5,1,200,bd,,0,,,na,0.5,0.4,6.7,NaN,1,200,0,250,0,0,0,0,4114,1496,0,0,11968,1870,19448,1288
2011-07-18,SMP,10:00 AM,20.5,1,200,bd,,0,,,na,1.4,0.5,5.4,NaN,3.6,200,0.055,250,0,0,0,0,3740,30294,0,0,32538,3740,70312,1295
2011-07-25,SMP,10:30 AM,21,1,200,4,,4,,,na,1.6,0.5,2.5,NaN,3.5,200,0.043,250,374,374,0,0,6732,1496,29546,0,146234,5984,190740,1302
2011-08-01,SMP,11:30AM,21.5,1,200,1,,1,,,na,0.2,0.3,3.3,NaN,7.8,200,0,250,374,0,0,0,1496,0,1496,374,1964996,1870,1970606,1309
2011-08-08,SMP,11:30AM,21.5,1,200,bd,,0,,,na,0.4,0.4,6.2,NaN,5.1,200,0,200,0,0,0,0,935,1403,0,0,28050,2338,32725,1316
2011-08-15,SMP,11:30AM,20,1,200,4,,4,,,na,0.4,0.6,3.6,NaN,4.8,200,0.063,250,0,0,0,0,2244,0,0,374,51612,2244,56474,1323
2011-08-22,SMP,10:30 AM,21,1,200,bd,,0,,,na,0.5,0.5,3,NaN,5,200,0,250,748,0,0,0,7480,0,0,374,6358,3740,18700,1330
2011-08-29,SMP,10:00 AM,23,1,200,bd,,0,,,na,0.1,0.3,2.7,NaN,1.1,200,0,250,0,0,0,0,1496,0,0,374,5610,748,8228,1337
2011-09-04,SMP,12:01 PM,19.5,1,200,1,,1,,,na,0.4,0.5,3.4,NaN,2.7,200,0.047,250,0,0,0,1496,10098,748,2618,0,17204,4488,36652,1343
2011-09-12,SMP,11:30AM,21.5,1,200,bd,,0,,,na,0.3,0.3,1.7,NaN,2.2,200,0,250,0,0,0,2244,374,748,374,0,71434,4862,80036,1351
2011-09-19,SMP,10:30 AM,19.5,1,200,2,,2,,,na,0.6,0.4,1.7,0.3,3.3,200,0,250,0,0,0,13464,5984,374,0,0,9350,7854,37026,1358
2011-09-26,SMP,12:01 PM,22.3,1,200,5,,5,,,na,0.4,0.3,2.3,0.1,2,200,0,250,0,0,374,28424,1870,0,0,0,1122,7854,39644,1365
2011-10-03,SMP,11:30AM,20,1,200,2,,2,,,na,0.5,0.4,3,0.1,2,200,0,250,0,0,374,2992,2992,0,748,0,2618,3366,13090,1372
2011-10-09,SMP,11:59 AM,18,1,200,9,,9,,,na,0.6,0.4,3.7,0.1,2.1,200,0,250,0,0,374,56848,6358,0,748,0,374,38522,103224,1378
2011-10-17,SMP,10:00 AM,19,1,200,2,,2,,,na,0.3,0.3,3.8,0.1,0.6,200,0,260,0,0,2244,81906,2244,0,0,0,2244,36278,124916,1386
2011-10-24,SMP,11:59 AM,17,1,200,17.9,,17.9,,,na,0.4,0.7,5.4,0,1.9,200,0,250,0,0,0,112200,18326,0,0,0,0,1122,131648,1393
2011-10-30,SMP,11:59 AM,18,1,200,1,,1,,,na,1.5,0.6,5.7,0.2,4,200,0,250,0,0,0,7106,1122,0,0,0,0,748,8976,1399
2011-11-06,SMP,11:30AM,16,,200,4,,4,,,na,6.5,0.8,8,0.4,4.7,200,0,250,0,0,0,374,374,1122,748,0,8602,1122,12342,1406
2011-11-13,SMP,10:00 AM,16.5,,200,6,,6,,,na,2.5,0.5,5.6,0.3,5.2,200,0,250,0,0,2618,374,2618,1870,0,0,45254,1870,54604,1413
2011-11-20,SMP,11:00 AM,14,,200,2,,2,,,na,na,NA,NA,na,na,200,0,250,0,0,748,748,10472,748,0,0,8228,4114,25058,1420
2011-11-28,SMP,11:30AM,16,,200,bd,,0,,,na,1.5,0.6,4.7,0.4,3.9,200,0,250,0,0,0,0,1870,0,0,0,374,2244,4488,1428
2011-12-04,SMP,11:00 AM,15,,200,3.5,,3.5,,,na,2,0.4,4.5,0.5,1,200,0,250,0,0,374,1870,12716,0,0,0,40392,7480,62832,1434
2011-12-11,SMP,10:30 AM,15,,200,3.4,,3.4,,,na,0.3,0.5,1,0.1,1.9,200,0,250,0,0,0,374,0,0,2244,0,71434,2992,77044,1441
2011-12-18,SMP,10:00 AM,16,,200,0.4,,0.4,,,na,0.8,0.5,2.3,0.5,3.5,200,0,250,0,0,374,0,1496,0,1496,0,1496,1870,6732,1448
2011-12-24,SMP,11:00 AM,15,,200,0.2,,0.2,,,na,1.4,1.9,19.2,0.4,4.5,200,0,250,0,0,0,0,1496,0,0,0,1496,1122,4114,1454
2012-01-01,SMP,10:30 AM,15,,200,bd,,0,,,na,0.9,0.7,3.9,0.4,3.8,200,0,250,0,0,748,0,187,935,0,0,561,561,2992,1462
2012-01-09,SMP,10:00 AM,15,,200,1.2,,1.2,,,na,0.6,0.6,2.8,0.8,2.7,200,0.041,250,0,0,0,0,748,19448,0,0,13838,1870,35904,1470
2012-01-14,SMP,11:00 AM,14.5,,200,bd,,0,,,na,0.7,0.6,2.4,0.5,5,200,0,250,0,0,748,0,0,0,0,0,2992,1496,5236,1475
2012-01-23,SMP,10:30 AM,13.5,,200,12.2,,12.2,,,na,1.4,0.4,3.2,0.6,2.4,200,0.12,250,0,0,1122,0,374,32538,0,0,363154,2992,400180,1484
2012-01-30,SMP,11:30AM,15.5,,200,1.4,,1.4,,,na,1.2,0.7,1.7,1.2,4.8,200,NA,250,0,0,0,0,748,2992,0,0,21318,748,25806,1491
2012-02-06,SMP,11:30AM,14.5,,200,2,,2,,,na,1.1,0.7,2.7,3.3,4.1,200,NA,250,0,0,0,0,0,44880,0,0,483956,4488,533324,1498
2012-02-13,SMP,11:30AM,15,,200,1,,1,,,na,1,0.7,5.9,1.7,11.7,200,0.053,250,0,374,374,0,1122,8228,0,0,13090,374,23562,1505
2012-02-20,SMP,10:00 AM,15,,200,3,,3,,,na,4.6,0.6,6.5,0.4,3.7,200,0,250,0,374,0,374,0,0,0,0,1870,2244,4862,1512
2012-02-27,SMP,9:30 AM,14,,200,2,,2,,,na,3.2,0.6,7,0.6,14.8,200,0,250,0,0,0,0,374,374,0,0,748,2244,3740,1519
2012-03-05,SMP,9:30 AM,16,,200,1,,1,,,na,1.8,0.7,4.4,1.5,14.7,200,0,250,0,0,0,0,1122,0,2618,0,17204,4488,25432,1526
2012-03-12,SMP,11:00 AM,14,,200,2,,2,,,na,5.6,0.9,9.3,0.5,18.1,200,0,250,0,0,0,374,4114,2244,748,0,59092,7106,73678,1533
2012-03-19,SMP,11:00 AM,13,,200,tbd,,NA,,,na,10,1.1,15.1,0.9,14.2,200,0,250,0,0,0,748,748,748,748,0,10472,1122,14586,1540
2012-03-26,SMP,10:00 AM,12.5,,200,2,,2,,,na,10.9,1.2,12.2,0.8,4.7,200,0,250,0,0,0,0,374,0,0,0,4862,374,5610,1547
2012-04-02,SMP,11:59 AM,13.5,,200,12,,12,,,na,11.7,0.9,4,1.2,2.5,200,0,250,0,0,0,0,0,0,0,0,6732,1122,7854,1554
2012-04-09,SMP,11:30AM,15.5,,200,2,,2,,,na,6.6,0.4,5.7,0.7,3.6,200,0,250,0,0,0,0,0,0,1496,0,5236,1870,8602,1561
2012-04-16,SMP,1:00 PM,13.5,,200,2,,2,,,na,12.1,1.2,10.9,0.9,4.7,200,0,250,0,0,0,0,0,748,748,0,10472,374,12342,1568
2012-04-23,SMP,11:59 AM,14,,200,2,,2,,,na,3.6,0.7,6.9,1.3,4.8,200,0,250,0,374,0,0,0,374,0,0,5610,1870,8228,1575
2012-04-30,SMP,11:59 AM,17,,200,3,,3,,,na,2.8,0.6,4.5,0.3,2.4,200,0,250,0,0,0,0,0,170993,0,0,2265655,0,2436647,1582
2012-05-06,SMP,10:00 AM,17.5,,200,1,,1,,,na,0.7,0.4,1.3,0.2,3,200,0,250,0,0,0,0,0,0,4488,0,300322,2992,307802,1588
2012-05-15,SMP,9:30 AM,18,,200,1,,1,,,na,0.8,0.4,1.6,0.9,8.8,200,0,250,0,0,0,0,0,0,0,0,114444,748,115192,1597
2012-05-21,SMP,11:00 AM,18.5,,200,2,,2,,,na,1.7,0.5,4.1,1.5,17.7,200,0,250,0,0,0,0,748,0,0,0,1496,1496,3740,1603
2012-05-28,SMP,10:30 AM,na,,200,1,,1,,,na,0.8,0.4,2.9,0.9,1.7,200,0,250,0,0,0,0,6732,6732,1122,0,28050,1870,44506,1610
2012-06-05,SMP,11:00 AM,19,,200,1,,1,,,na,0.7,0.4,3,1.7,2.5,200,0.1,250,0,0,0,0,2992,1496,4488,0,74800,1122,84898,1618
2012-06-11,SMP,9:30 AM,20,,200,bd,,0,,,na,0.8,0.4,3.1,0.9,2,200,0,250,748,0,0,0,1122,0,0,0,56848,1496,60214,1624
2012-06-18,SMP,10:00 AM,18.5,,200,1,,1,,,na,0.7,0.5,4.3,0.7,2,200,0,250,0,0,0,0,25806,0,0,0,5236,1496,32538,1631
2012-06-25,SMP,11:59 AM,19,,200,bd,,0,,,na,0.3,0.3,5,0.4,0.4,200,0,250,1122,0,0,374,17952,0,0,0,4862,0,24310,1638
2012-07-02,SMP,11:00 AM,19,,200,0.5,,0.5,,,na,0.5,0.2,2.5,0.8,3.8,200,0.25,250,374,0,0,374,8228,19822,28050,0,192236,3740,252824,1645
2012-07-09,SMP,10:15 AM,19,,200,bd,,0,,,na,0.9,0.4,3,1.5,12,200,0,250,0,0,0,374,34034,0,2244,0,14960,6732,58344,1652
2012-07-16,SMP,11:30AM,19,,200,1.7,,1.7,,,na,0.4,0.2,2.6,0.5,1.6,200,0,250,0,0,187,374,10472,2992,3553,748,11407,4114,33847,1659
2012-07-23,SMP,11:59 AM,18,,200,2,,2,,,na,0.5,0.3,3.9,0.4,3.5,200,0,250,0,0,374,0,5610,4862,1122,374,12716,12716,37774,1666
2012-07-30,SMP,10:00 AM,19.5,,200,4.3,,4.3,,,na,0.6,0.3,1.7,1,3.1,200,0.092,250,0,0,748,0,9350,2992,31790,0,119680,1870,166430,1673
2012-08-06,SMP,11:30AM,20,,200,1,,1,,,na,0.6,0.6,2.2,0.7,3.8,200,0,250,0,0,0,0,9350,1122,0,0,4862,1870,17204,1680
2012-08-13,SMP,9:30 AM,23,,200,bd,,0,,,na,0.7,0.7,2.8,1.8,2,200,0,250,0,0,0,0,1406,999,0,0,1373,1081,4858,1687
2012-08-20,SMP,11:59 AM,,,200,0.3,,0.3,,,na,0.2,0.4,2.7,0.6,0.6,200,0,250,0,0,0,0,972,150,0,7031,598,150,8901,1694
2012-08-27,SMP,10:00 AM,21,,200,0.6,,0.6,,,na,0.4,0.5,3.1,0.1,1.9,200,0,250,0,0,0,0,10098,0,0,0,0,0,10098,1701
2012-09-03,SMP,11:59 AM,20.8,,200,bd,,0,,,na,0.1,0.3,3,0.4,0.9,200,0,250,0,0,0,0,588,107,0,0,1175,267,2137,1708
2012-09-10,SMP,10:00 AM,22,,200,bd,,0,,,na,1,0.5,3.5,0.1,2,200,0,250,0,0,93.5,187,1870,0,0,1683,1870,374,6078,1715
2012-09-17,SMP,10:00 AM,22,,200,1.5,,1.5,,,na,0.9,0.5,3.4,0.1,2.6,200,0,250,0,0,0,0,623,0,0,831,25764,0,27219,1722
2012-09-24,SMP,11:30AM,20.5,,200,0.3,,0.3,,,na,0.5,0.6,3.3,0.3,2.5,200,0,250,0,0,0,224,2119,0,0,112,5111,1110,8677,1729
2012-10-02,SMP,10:00 AM,22,,200,bd,,0,,,na,0.9,0.5,5.2,0.2,8.1,200,0,250,0,0,0,0,748,0,0,0,2244,497,3489,1737
2012-10-08,SMP,11:00 AM,20,,200,0.7,,0.7,,,na,0.5,0.5,4,0.6,10.4,200,0,250,0,0,0,6919,2805,0,0,0,1309,1870,12903,1743
2012-10-15,SMP,9:30 AM,19.5,,200,0.6,,0.6,,,na,0.9,0.5,5.2,1.1,11.3,200,0,250,0,0,0,10098,2992,0,0,0,374,748,14212,1750
2012-10-22,SMP,2:00 PM,20,,200,0.2,,0.2,,,na,1.8,0.6,11.4,1.2,3.1,200,0,250,0,0,0,935,1683,0,0,0,2618,187,5423,1757
2012-10-28,SMP,11:30AM,16,,200,3.6,,3.6,,,na,0.8,0.5,5.3,0.6,3.5,200,0,250,0,0,374,30668,8976,748,7480,0,8228,9724,66198,1763
2012-11-05,SMP,11:59 AM,17,,200,0.4,,0.4,,,na,1,0.6,3.5,0.1,1.5,200,0,250,0,0,0,2618,374,0,0,0,1870,3366,8228,1771
2012-11-12,SMP,10:00 AM,15,,200,3.2,,3.2,,,na,2.9,0.7,6,0.3,4,200,0.061,250,0,0,0,0,0,13090,16456,0,26928,748,57222,1778
2012-11-19,SMP,10:00 AM,16,,200,2.1,,2.1,,,na,0.5,0.5,4.2,0,2.6,200,0,250,0,0,0,21692,10098,2618,748,0,1496,2244,38896,1785
2012-11-26,SMP,11:00 AM,15.5,,200,6.3,,6.3,,,na,0.5,0.3,4.2,0,3.1,200,0,250,0,0,748,106590,1870,0,0,1496,0,1122,111826,1792
2012-12-03,SMP,11:59 AM,17.5,,200,bd,,0,,,na,0.4,0.4,3.7,0.2,0.9,200,0,250,187,0,374,561,561,0,0,0,0,748,2431,1799
2012-12-10,SMP,9:30 AM,16,,200,2,,2,,,na,0.8,0.5,5.9,0.2,7.3,200,0,250,0,0,0,374,19448,0,0,0,7480,9350,36652,1806
2012-12-17,SMP,11:30AM,15,,200,0.4,,0.4,,,na,2.5,0.6,7.1,0.5,7.4,200,0,250,0,0,0,1496,1870,0,0,374,748,4488,8976,1813
2012-12-23,SMP,9:30 AM,14.5,,200,0.3,,0.3,,,na,4,0.6,5.7,0.4,4.2,200,0,250,0,0,0,0,1122,0,748,0,7854,0,9724,1819
2013-01-07,SMP,11:30AM,13.5,,200,22,,22,,,na,2.4,0.3,32.4,0.7,10,200,0.006,250,0,0,0,0,19431,0,0,0,952119,0,971550,1834
2013-01-13,SMP,11:59 AM,12,,200,9.4,,9.4,,,na,2,0.4,1.6,0.2,1.5,200,0.049,250,0,0,0,0,0,3886,0,0,202082,0,205969,1840
2013-01-21,SMP,10:00 AM,14,,200,2.3,,2.3,,,na,1.1,0.4,1.9,0.1,18.2,200,0,250,0,748,748,0,2244,2244,0,748,37774,0,44506,1848
2013-01-28,SMP,11:59 AM,13,,200,0.8,,0.8,,,na,2.7,0.3,5.3,0.1,11.2,200,0,250,0,0,0,0,0,0,0,0,14960,0,14960,1855
2013-02-04,SMP,11:59 AM,13,,200,0.3,,0.3,,,na,1.7,0.4,5.5,0.1,4.6,200,0,250,0,0,0,0,0,0,0,748,2244,2244,5236,1862
2013-02-11,SMP,9:30 AM,13.5,,200,1.1,,1.1,,,na,3,0.4,11.7,0.3,17.8,200,0,250,0,0,0,0,0,0,1122,0,15708,748,17578,1869
2013-02-18,SMP,11:00 AM,13,,200,0.2,,0.2,,,na,2.1,0.3,7.7,0.2,1,200,0,250,0,0,0,0,374,0,0,0,4114,1122,5610,1876
2013-02-25,SMP,11:00 AM,13.5,,200,bd,,0,,,na,6.2,0.7,10.9,0.3,2.2,200,0,250,0,0,0,0,0,0,0,0,2618,2618,5236,1883
2013-03-04,SMP,11:00 AM,14.5,,200,2.4,,2.4,,,na,7.2,0.6,13.4,0.5,4.2,200,0,250,0,748,374,0,0,0,0,1122,44132,2992,49368,1890
2013-03-12,SMP,11:30AM,14.5,,200,35.5,,35.5,,,na,na,0.2,3.3,0.1,26,200,0,250,0,0,0,0,0,0,0,0,2215134,19431,2234565,1898
2013-03-18,SMP,9:30 AM,15,,200,7,,7,,,na,1.6,0.3,4,0.2,20.2,200,0,250,0,374,0,374,748,748,28424,374,101354,6732,139128,1904
2013-03-27,SMP,10:00 AM,16,,200,0.3,,0.3,,,na,1.6,0.3,2.7,0.1,23,200,0,250,0,0,0,0,0,1122,0,0,4862,1496,7480,1913
2013-04-01,SMP,11:59 AM,16,,200,1,,1,,,na,1.5,0.3,4.3,0.1,11.5,200,0,250,0,0,374,0,374,4862,0,0,9724,2244,17578,1918
2013-04-08,SMP,10:00 AM,16,,200,2.3,,2.3,,,na,1,0.3,3,0.1,0.2,200,0.15,250,0,0,0,0,0,4862,26180,0,11220,748,43010,1925
2013-04-15,SMP,10:30 AM,15,,200,28.4,,28.4,,,na,1.5,0.3,2.4,0.2,0.6,200,0.092,250,0,0,0,0,0,220153,136017,0,2519423,19431,2895025,1932
2013-04-22,SMP,9:30 AM,17.5,,200,7,,7,,,na,0.5,0.4,3.3,0.1,2.4,200,0,250,0,0,2244,374,1496,36652,4862,0,79662,1122,126412,1939
2013-04-29,SMP,9:30 AM,16,,200,6,,6,,,na,0.5,0.3,0.9,0.1,2.3,200,0.11,250,0,0,4114,0,1870,23188,42262,0,15708,2992,90134,1946
2013-05-06,SMP,11:59 AM,17.5,,200,0.7,,0.7,,,na,1,0.3,3,0.1,8.1,200,0,250,0,0,3179,0,2244,1309,1122,0,5423,1309,14586,1953
2013-05-14,SMP,9:30 AM,18,,200,2.7,,2.7,,,na,0.5,0.3,3.2,0,12.7,200,0.48,250,0,0,374,0,2992,41140,1122,0,2244,748,48620,1961
2013-05-20,SMP,11:30AM,20,,200,1.4,,1.4,,,na,0.3,0.3,3.3,0,9.9,200,0.05,250,0,0,0,0,3740,10472,2244,0,10472,4114,31042,1967
2013-05-28,SMP,11:59 AM,20,,200,1.2,,1.2,,,na,0.3,0.3,4.7,0,10.2,200,0,250,0,0,0,0,12342,0,4488,0,5984,3740,26554,1975
2013-06-03,SMP,10:00 AM,19,,200,5.9,,5.9,,,na,0.3,0.2,2.5,0.1,1.5,200,0,250,0,0,0,0,25058,4488,1496,0,64328,5236,100606,1981
2013-06-10,SMP,11:59 AM,19,,200,1.6,,1.6,,,na,0.2,0.3,4.1,0,3.2,200,0,250,0,0,0,0,11594,0,748,0,7106,13464,32912,1988
2013-06-18,SMP,9:30 AM,19.8,,200,1.6,,1.6,,,na,0.7,0.3,6.8,0.1,14.2,200,0,250,0,0,748,9724,1496,0,0,0,4488,16082,32538,1996
2013-06-24,SMP,11:00 AM,21,,200,3.1,,3.1,,,na,0.3,0.2,5.7,0,14.9,200,0,220,0,0,0,0,5100,0,1275,1275,47175,2550,57375,2002
2013-07-01,SMP,11:59 AM,19.5,,200,10.8,,10.8,,,na,0.6,0.3,8,0.1,94.3,200,0,250,0,0,0,1496,8228,748,10846,0,190740,1122,213180,2009
2013-07-08,SMP,11:00 AM,21.5,,200,6,,6,,,na,0.6,0.3,6.1,0.1,2.1,200,0,250,0,0,374,4862,2992,0,7854,0,93874,0,109956,2016
2013-07-15,SMP,9:30 AM,21.5,,200,29.7,,29.7,,,na,0.3,0.3,5.2,0.1,2,200,NA,250,0,0,0,0,12941,0,0,0,730606,0,743547,2023
2013-07-22,SMP,11:30AM,20,,200,0.4,,0.4,,,na,3.1,0.3,5.6,0.1,1.3,200,0,250,0,0,0,0,3115,0,0,0,2244,1369,6728,2030
2013-07-29,SMP,11:30AM,19,,200,1.7,,1.1,,,na,0.7,0.3,6.5,0.1,4,200,0,250,0,0,0,0,4862,2244,3740,0,18700,1122,30668,2037
2013-08-05,SMP,10:30 AM,20,,200,tbd,,0.4,,,na,0.7,0.4,5.4,0.1,8.5,200,0,250,0,0,0,0,1122,1122,748,0,2618,0,5610,2044
2013-08-12,SMP,9:30 AM,20,,200,tbd,,2.4,,,na,1.7,0.5,4.6,0.1,43.8,200,0,250,0,0,0,0,3366,0,1122,0,10098,1122,15708,2051
2013-08-19,SMP,10:00 AM,20,,200,tbd,,1.8,,,na,1.1,0.4,4.7,0.1,18.1,200,0,250,0,0,0,390,5065,0,390,390,12467,1558,20258,2058
2013-08-26,SMP,10:30 AM,19,,200,tbd,,2.1,,,na,1.4,1.1,4.9,0.3,100,200,0,250,0,0,0,0,1870,4488,2618,0,25432,374,34782,2065
2013-09-01,SMP,11:59 AM,20.5,,200,tbd,,0.6,,,na,0.7,0.4,0.3,0.3,4.9,200,0.05,180,519,0,0,0,2597,15064,0,0,82592,2597,103369,2071
2013-09-09,SMP,10:30 AM,20,,200,tbd,,1.1,,,na,0.8,0.4,1.3,0.1,0.4,200,0,250,374,374,0,0,0,2244,11968,0,98362,2244,115566,2079
2013-09-23,SMP,11:59 AM,18,,200,tbd,,1.5,,,na,1,0.3,2.2,0.1,1.6,200,0,250,0,0,0,0,15334,8976,118184,0,74426,3366,220286,2093
2013-09-30,SMP,10:30 AM,19,,200,tbd,,0.8,,,na,0.5,0.3,1.8,0.1,4.1,200,0,250,0,0,0,0,14573,208883,34004,0,247745,0,505206,2100
2013-10-07,SMP,10:00 AM,20,,200,tbd,,1,,,na,0.6,0.2,2.1,0.1,3.9,200,0,250,0,0,0,0,3366,374,3740,0,157080,1122,165682,2107
2013-10-14,SMP,10:00 AM,18.5,,200,tbd,,1.66,,,na,0.7,0.3,2.3,0.1,5.2,200,0,250,0,374,0,0,4488,0,748,0,16082,748,22440,2114
2013-10-21,SMP,11:30AM,18,,200,tbd,,20.96,,,na,0.6,0.2,3,0.1,1.9,200,0,250,0,0,0,0,31090,0,0,0,7772,7772,46634,2121
2013-10-28,SMP,10:00 AM,17,,200,tbd,,1.61,,,na,1.2,0.3,3.6,0.1,16.3,200,0,250,0,0,123,0,748,0,497,0,7854,4110,13333,2128
2013-11-05,SMP,11:59 AM,17,,200,tbd,,2.09,,,na,1,0.3,3,0.1,4.3,200,NA,250,0,0,374,0,5236,2992,15708,0,96866,4114,125290,2136
2013-11-11,SMP,10:30 AM,18,,200,tbd,,2.38,,,na,0.5,0.3,0.5,0,3.5,200,0,250,0,0,1870,0,2244,374,3740,0,232254,0,240482,2142
2013-11-18,SMP,1:00 PM,17,,200,tbd,,2.88,,,na,1.6,0.4,0.9,0,2.4,200,0,250,0,0,0,0,0,0,4488,0,51612,0,56100,2149
2013-11-25,SMP,11:59 AM,16.5,,200,tbd,,4.98,,,na,1.2,0.3,2.6,0.2,2.1,200,0,250,0,0,748,0,2992,748,4114,0,98736,748,108086,2156
2013-12-02,SMP,10:30 AM,16.5,,200,tbd,,NA,,,na,na,NA,NA,tbd,tbd,200,0,250,0,0,0,0,2992,5236,4114,0,50864,374,63580,2163
2013-12-09,SMP,10:00 AM,14.5,,200,tbd,,3.03,,,na,1.3,0.3,4.1,0.1,47.9,200,0.04,250,0,374,0,374,374,7854,18700,0,271150,0,298826,2170
2013-12-16,SMP,10:30 AM,14,,200,tbd,,NA,,,na,0.5,0.2,1,0.1,10.4,200,0,250,0,0,0,0,748,2618,15708,0,152966,1870,173910,2177
2013-12-31,SMP,11:30AM,14.5,,200,tbd,,NA,,,na,2.2,0.5,4.3,0.8,27.5,200,0,250,0,0,0,0,2992,0,0,0,5610,2618,11220,2192
2014-01-06,SMP,11:59 AM,15.2,,200,tbd,,9.21,,,na,2.2,0.4,6.9,0.1,20.7,200,0,250,0,0,748,0,7106,374,0,1496,17952,2618,30294,2198
2014-01-13,SMP,11:59 AM,15.8,,200,tbd,,1.12,,,na,1.1,0.3,4.1,0.1,1.5,200,0,250,0,748,0,0,1496,0,0,374,10098,1870,14586,2205
2014-01-20,SMP,10:00 AM,15,,200,tbd,,NA,,,na,1.1,0.2,6,0.2,3.3,200,0,250,0,0,0,0,374,0,0,0,2992,374,4488,2212
2014-01-27,SMP,11:30AM,16,,200,tbd,,NA,,,na,1.1,0.4,4.7,0.2,4,200,0,250,0,0,0,0,46634,46634,3886,0,34976,11659,143789,2219
2014-02-03,SMP,11:30AM,15,,200,tbd,,NA,,,na,1.6,0.4,5.2,0.3,8.5,200,0,250,0,0,0,374,4114,1122,6732,0,9350,374,22440,2226
2014-02-10,SMP,2:00 PM,15,,200,tbd,,NA,,,na,0.8,0.4,4.3,0.1,0.8,200,0,250,0,0,0,0,9716,48578,82582,0,218599,4858,22440,2233
2014-02-17,SMP,10:00 AM,15.5,,200,tbd,,NA,,,na,0.4,0.3,2.1,0,1.3,200,0,250,0,0,0,0,7480,748,3740,0,53482,1122,67320,2240
2014-02-24,SMP,11:30AM,16,,200,tbd,,NA,,,na,0.8,0.5,3.6,0.1,0.8,200,0,,0,0,374,0,22440,748,1496,0,37400,9350,72182,2247
2014-03-03,SMP,10:00 AM,15.5,,200,tbd,,NA,,,na,1.3,0.4,2.3,0.1,1.1,200,0,,0,0,0,0,374,2992,0,0,20570,0,24684,2254
2014-03-10,SMP,2:30 PM,17,,200,tbd,,NA,,,na,1,0.3,6.1,0.1,10.2,200,0,,0,374,0,0,9724,0,0,0,4114,1870,16456,2261
2014-03-17,SMP,10:00 AM,17.4,,200,tbd,,2.89,,,na,0.3,0.2,2.9,0,4.1,200,NA,,0,0,0,748,5236,0,748,0,6358,748,15334,2268
2014-03-25,SMP,11:59 AM,15.5,,200,tbd,,NA,,,na,3.5,0.2,8.5,0.3,4.95,200,0,,0,0,0,0,374,0,2244,0,3366,0,6732,2276
2014-03-31,SMP,11:59 AM,16,,200,tbd,,NA,,,na,1.8,0.4,7.2,0.2,10.505434,200,0,,0,748,0,0,14212,1496,34034,0,59466,1122,111826,2282
2014-04-07,SMP,11:59 AM,16,,200,tbd,,2.35,,,na,0.5,0.2,1.1,0.1,5.44,200,0.07,,0,0,0,0,174879,168272,563499,0,1851191,0,2757966,2289
2014-04-14,SMP,10:00 AM,17,,200,tbd,,1.91,,,na,1.3,27.3,3.2,0.2,10.362206,200,0,,0,0,0,0,24310,748,3366,0,72556,6358,109956,2296
2014-04-21,SMP,11:30AM,17,,200,tbd,,3.51,,,na,0.6,0.3,2.9,0.1,9.21,200,0.05,,0,0,374,0,16830,1496,11968,0,57596,2992,91256,2303
2014-04-28,SMP,11:30AM,15,,200,tbd,,3.85,,,na,1.3,0.3,4.6,0.1,7.92,200,0,,0,0,0,748,9350,748,748,1496,24684,4114,41888,2310
2014-05-05,SMP,2:00 PM,18,,200,tbd,,4.48,,,na,1.4,0.4,5.2,0.4,5.23,200,0.3,,0,0,0,374,7480,77418,2244,0,17204,3740,108460,2317
2014-05-12,SMP,1:00pm,17,,200,tbd,,12.35,,,na,0.7,0.1,2.3,0.1,5.03,200,1.6,,0,0,0,0,6412,336739,563499,0,2531859,0,3438510,2324
2014-05-19,SMP,1:00pm,19,,200,tbd,,3.15,,,na,1.4,0.3,8.3,0.6,33.28418,200,0.2,,0,0,3886,0,42748,101041,27203,0,66065,19431,264262,2331
2014-05-26,SMP,10:30am,19,,200,tbd,,4.96,,,na,0.4,0.3,4.6,0,26.810406,200,0,,0,0,374,0,5610,5610,374,0,8602,374,21318,2338
2014-06-02,SMP,1:00pm,21,,200,tbd,,2.4,,,na,0.9,0.2,7.6,0.2,11.463142,200,0,,0,0,0,374,1122,0,4114,0,37026,748,43758,2345
2014-06-09,SMP,10:00 AM,18,,200,tbd,,0.54,,,na,0.6,0.3,2.7,0,0.42,200,0,,748,0,0,0,10098,374,748,0,9350,6358,8976,2352
2014-06-16,SMP,10:00 AM,21.5,,200,tbd,,2.3,,,na,1.2,0.3,3.1,0.1,7.66,200,0,,0,0,374,0,4862,0,4488,0,26928,0,36652,2359
2014-06-24,SMP,1:00pm,22,,200,tbd,,NA,,,na,1.6,0.3,3,0.2,3.05,200,0,,0,0,0,0,2244,748,1122,0,56100,0,60962,2367
2014-06-30,SMP,1:00pm,22,,200,tbd,,3.06,,,na,0.6,0.1,2.1,0.1,3.84,200,0,,0,0,0,0,1122,374,0,0,56848,0,58344,2373
2014-07-07,SMP,1:00pm,23,,200,tbd,,3.5,,,na,0.5,0.1,2.9,0.1,2.34,200,0,,374,0,0,0,1870,0,1122,19822,28798,1496,53482,2380
2014-07-14,SMP,1:00pm,22,,200,tbd,,6.19,,,na,0,0.1,2.1,0.1,0.52,200,0,,0,0,0,0,0,0,38862,2584323,361417,0,2984602,2387
2014-07-21,SMP,1:00pm,23.5,,200,tbd,,1.73,,,na,1.1,0.2,4.2,0.1,3.8,200,0,,0,0,0,0,748,0,748,0,57970,748,60962,2394
2014-07-28,SMP,1:00pm,22.6,,200,tbd,,1.52,,,na,1.6,0,3.2,0.2,1.99,200,0,,374,0,0,748,2618,0,748,374,23562,0,28798,2401
2014-08-04,SMP,1:00pm,22.2,,200,tbd,,2.74,,,na,0.2,0.3,2.3,0.1,0.19,200,0,,0,0,0,0,374,2244,3740,0,57970,748,67694,2408
2014-08-11,SMP,1:00pm,22.1,,200,tbd,,NA,,,na,9.7,0.6,1.6,0.1,9.67,200,0,,0,0,0,374,374,19448,7480,374,28050,2618,59840,2415
2014-08-18,SMP,1:00pm,22.4,,200,tbd,,0.53,,,na,0.2,0.2,0.7,0,1.35,200,0,,0,0,0,374,374,0,5984,0,12342,748,19822,2422
2014-08-25,SMP,11am,21.8,,200,tbd,,0.89,,,na,19.8,0.6,2.2,0.4,9.67,200,0,,0,0,0,0,0,0,2618,0,20196,748,24310,2429
2014-09-01,SMP,11am,23.3,,200,tbd,,NA,,,na,5.4,0.5,2.5,0.1,*NA,200,0,,0,0,0,0,2244,0,748,0,8976,748,13838,2436
2014-09-08,SMP,2pm,23.2,,200,tbd,,1.77,,,na,11.9,0.6,2.8,0.3,48.26,200,0,,0,0,0,0,2244,0,0,0,7106,0,9350,2443
2014-09-15,SMP,2pm,22,,200,tbd,,1.44,,,na,5.7,0.4,4.2,0.1,3.58,200,0,,0,0,0,0,0,0,748,0,10846,748,12716,2450
2014-09-22,SMP,11am,21.3,,200,tbd,,0.93,,,na,0.3,1.3,3.1,0.5,24.12,200,0,,0,0,0,0,748,0,748,0,9350,0,11968,2457
2014-09-29,SMP,11am,21.5,,200,tbd,,1.62,,,na,1.2,0.3,3.2,0.2,2.39,200,0,,0,0,0,0,2992,748,2618,0,6358,748,15334,2464
2014-10-06,SMP,11am,21.8,,200,tbd,,2.45,,,na,13,0.5,1.1,0.2,3.64,200,0,,0,0,0,0,748,0,11968,0,34408,374,48620,2471
2014-10-13,SMP,10am,21.8,,200,tbd,,2.56,,,na,1.5,0.3,2.6,0.2,0.95,200,0,,0,0,0,0,1122,0,2618,0,84150,374,89012,2478
2014-10-20,SMP,10am,20,,200,tbd,,NA,,,na,1.2,0.3,2.9,0.2,1.5,200,0,,0,0,0,374,374,0,374,0,3740,374,5236,2485
2014-10-27,SMP,2pm,20.7,,200,tbd,,1.14,,,na,2.5,0.5,3.9,0.1,1.19,200,0,,0,0,0,0,3366,0,9724,0,143616,748,157454,2492
2014-11-03,SMP,2pm,19,,200,tbd,,1.18,,,na,0.5,0.2,2.4,0.1,1.61,200,0,,0,0,0,0,374,374,748,0,194106,0,195976,2499
2014-11-10,SMP,2pm,19,,200,tbd,,1.69,,,na,1,0.4,2.8,0.1,4.64,200,0,,0,0,0,0,1496,0,374,0,56100,1122,59840,
2014-11-17,SMP,2pm,18,,200,tbd,,0.89,,,na,1.5,0.3,2.6,0.2,14.77,200,0,,0,0,0,0,1496,0,0,0,4114,0,6358,
2014-11-24,SMP,2pm,17.8,,200,tbd,,2.13,,,na,1.4,0.2,4.7,0.3,8.42,200,0,,0,0,0,0,374,374,0,0,6358,0,7854,
2014-12-01,SMP,2pm,17.1,,200,tbd,,2.79,,,na,1.3,0.3,4.2,0.2,14.34,,0,,0,0,0,0,28424,0,0,0,5236,1870,36278,
2014-12-08,SMP,10am,17,,200,tbd,,5.5,,,na,1,0.3,4.5,0.1,9.94,,0,,0,0,0,0,9724,0,374,0,8976,1496,26180,
2014-12-15,SMP,3:00 PM,16.7,,200,tbd,,1.51,,,na,1.7,0.4,3.9,0.2,1.94,,0,,374,0,0,0,374,0,0,0,5984,0,8976,
2014-12-22,SMP,10am,,,200,tbd,,0.98,,,na,0.1,0.1,4.4,0,0.93,,0,,0,0,0,374,1122,0,748,0,7854,374,11220,
2014-12-31,SMP,1pm,,,200,tbd,,1.12,,,na,3.7,0.8,3.7,0.4,3.01,,0,,0,0,0,0,748,0,0,0,2618,1122,5236,
2015-01-05,SMP,2pm,16.7,,200,tbd,,NA,,,na,na,NA,NA,tbd,tbd,,0,,0,0,0,0,0,0,0,0,86020,748,87516,
2015-01-12,SMP,10am,16.2,,200,tbd,,NA,,,na,1.7,0.3,3.1,0.1,8.31,,0,,0,374,0,0,374,0,0,0,43010,374,44132,
2015-01-19,SMP,1pm,16.8,,200,tbd,,NA,,,na,1,0.3,2.6,0.1,1.1,,0,,0,0,0,0,1122,0,748,0,7480,1870,13090,
2015-01-26,SMP,1pm,16,,200,tbd,,NA,,,na,1.1,0.4,2.8,0.1,2.85,,0,,0,0,0,0,0,374,1496,0,8228,374,10846,
2015-02-02,SMP,1pm,17.2,,200,tbd,,NA,,,na,5.9,0.5,3.4,0.2,7.86,,0,,0,0,0,0,17204,0,748,0,4862,3740,28050,
2015-02-09,SMP,1pm,,,200,tbd,,NA,,,na,5.4,0.4,2.8,0.3,2.28,,0,,0,0,0,0,6358,0,0,0,5610,2992,14960,
2015-02-23,SMP,1pm,17,,200,tbd,,NA,,,na,1.7,0.4,4.8,0.2,0.82,,0,,0,0,3886,0,77724,0,0,0,0,0,89383,
2015-03-02,SMP,1pm,16.2,,200,tbd,,NA,,,na,0.7,0.3,5.5,0.1,1.23,,0.05,,0,0,0,0,18700,0,748,0,1496,1122,23562,
2015-03-09,SMP,1pm,17,,200,tbd,,NA,,,na,6.3,0.7,3.5,0.3,16.514408,,0,,0,0,0,0,748,41888,0,0,82280,1122,126038,
2015-03-15,SMP,1pm,17.8,,200,tbd,,NA,,,na,1.5,0.2,1.9,0.1,7.9,,0,,0,0,0,0,0,0,1496,0,27676,0,29546,
2015-03-23,SMP,1pm,17,,200,tbd,,NA,,,na,0.7,0.3,1.8,0.1,5.32,,0,,0,0,0,0,4488,0,0,0,5236,2618,13464,
2015-03-30,SMP,1pm,18,,200,tbd,,NA,,,na,0.8,0.3,2.3,0.1,5.04,,0,,0,0,0,0,2992,0,374,0,9350,748,13464,
2015-04-06,SMP,1pm,18.2,,200,tbd,,NA,,,na,1.4,0.3,4.9,0.2,5.47,,0,,0,0,0,0,1870,7106,1870,0,17578,1122,29920,
2015-04-13,SMP,11am,17.9,,200,tbd,,NA,,,na,1,0.3,5.6,0.1,6.08,,0,,0,0,1496,0,105842,748,0,0,5984,51238,166056,
2015-04-20,SMP,1pm,19.4,,200,tbd,,NA,,,na,0.6,0.3,2.8,0.1,2.78,,NA,,0,0,1122,0,37400,0,748,0,9724,9350,58344,
2015-04-27,SMP,1pm,18,,200,tbd,,NA,,,na,0.5,0.2,6,0.1,2.46,,0,,0,748,374,0,52734,1870,0,0,13090,13838,83028,
2015-05-04,SMP,1pm,,,200,tbd,,NA,,,na,0.9,0.2,5.8,0.1,5.89,,0,,0,0,0,0,19074,0,374,0,4862,1122,34034,
2015-05-11,SMP,1pm,17,,200,tbd,,NA,,,na,0.5,0.2,6.4,0.1,2.63,,0,,0,374,374,4488,93126,0,2992,0,3366,13464,135388,
2015-05-18,SMP,1pm,17,,200,tbd,,NA,,,na,0.9,0.2,3.2,0.2,8.78,,0.1,,0,0,0,374,23562,2618,19822,0,73678,3366,127160,
2015-05-25,SMP,1pm,16.9,,200,tbd,,NA,,,na,1.6,0.4,6.5,0.5,125,,0,,0,0,1122,748,24684,748,374,0,3740,6358,37774,
2015-06-01,SMP,1pm,18.5,,200,tbd,,NA,,,na,0.6,0.4,5.7,0.4,33.55456,,0,,374,748,1122,1122,5236,0,374,0,3366,6732,19448,
2015-06-08,SMP,1pm,18,,200,tbd,,NA,,,na,2.2,0.4,9.9,0.8,62.29678,,0,,0,0,0,0,3740,0,374,0,1496,748,6358,
2015-06-15,SMP,1pm,18,,200,tbd,,NA,,,na,1.3,0.3,9.9,0.1,5.97,,0,,0,0,0,0,2992,0,0,0,3740,374,7106,
2015-06-22,SMP,1pm,21,,200,tbd,,NA,,,na,0.8,0.3,8.3,0.2,5.57,,0,,0,0,0,0,748,0,374,0,5236,748,7106,
2015-06-29,SMP,1pm,19,,200,tbd,,NA,,,na,0.6,0.3,7,0.1,4.26,,0,,0,0,0,748,0,0,1496,0,1122,2244,5984,
2015-07-06,SMP,1pm,20,,200,tbd,,NA,,,na,0.6,0.2,8.1,0.1,5.23,,0,,0,0,0,0,748,0,0,0,3366,2618,6732,
2015-07-13,SMP,1pm,19.1,,200,tbd,,NA,,,na,1.8,0.3,9.2,0.4,9.73,,0,,0,0,0,0,748,0,374,0,12342,1496,15334,
2015-07-20,SMP,1pm,22,,200,tbd,,NA,,,na,1.1,0.3,8.5,0,6.73,,0,,0,0,0,0,1496,0,374,0,3366,1122,6358,
2015-07-27,SMP,1pm,22,,200,tbd,,NA,,,na,0.6,0.4,56.3,0.4,5.52,,0,,0,0,0,0,1122,0,2992,1122,3366,1122,10846,
2015-08-03,SMP,1pm,22.5,,200,tbd,,NA,,,na,0.6,0.4,8,0.5,122,,0,,0,0,0,0,0,0,0,0,2244,748,2992,
2015-08-10,SMP,1pm,23,,200,tbd,,NA,,,na,2.1,0.4,7.8,0.3,0.99,,0,,0,0,0,0,2992,0,0,0,2244,748,5984,
2015-08-17,SMP,1pm,23,,200,tbd,,NA,,,na,0.7,0.4,6.9,0,1.45,,0,,0,374,374,0,0,0,0,0,1122,0,1870,
2015-08-31,SMP,1pm,23,,200,tbd,,NA,,,na,0.3,0.4,6.9,0,1.15,,0,,0,0,0,0,748,0,0,0,4862,1496,7106,
2015-09-07,SMP,1pm,23.5,,200,tbd,,NA,,,na,1.2,0.4,9,0,1.53,,0,,0,0,0,0,5984,0,0,0,8228,374,14586,
2015-09-14,SMP,1pm,23.5,,200,tbd,,NA,,,na,1.4,0.5,67.8,0.5,20.16696,,0,,748,748,1122,374,10098,0,0,374,3366,1122,20196,
2015-09-21,SMP,1pm,23.5,,200,tbd,,NA,,,na,1.5,0.4,7,0.1,2.87,,0,,748,374,0,374,10098,0,0,0,748,2618,15334,
2015-09-28,SMP,1pm,25,,200,tbd,,NA,,,na,0.6,0.1,4.1,0.2,0.52,,0.04,,0,0,0,0,64764,19431,0,0,3756654,19431,3879710,
2015-10-05,SMP,1pm,22.5,,200,tbd,,NA,,,na,0.4,0.1,5.9,0.1,12.19944,,0,,374,0,1496,0,748,0,0,0,100232,5984,108834,
2015-10-12,SMP,1pm,22,,200,tbd,,NA,,,na,1.3,0.3,5.1,0.1,8.21,,0,,0,0,0,0,19431,0,0,0,108814,27203,155448,
2015-10-19,SMP,1pm,21,,200,tbd,,NA,,,na,0.8,0.3,2.7,0,7.41,,0,,0,0,0,374,1496,7106,0,0,32912,1870,44506,
2015-10-26,SMP,1pm,20.5,,200,tbd,,NA,,,na,1.6,0.5,3.4,0.3,41.4,,0,,0,0,0,0,3886,23317,0,0,330327,0,357530,
2015-11-02,SMP,1pm,19,,200,tbd,,NA,,,na,0.4,0.5,2.5,0,4.79,,0.08,,0,0,0,0,4488,178024,75548,0,101728,0,359788,
2015-11-09,SMP,1pm,17,,200,tbd,,NA,,,na,1.4,0.3,1.2,0.4,14.2761,,0,,0,0,0,0,374,15334,748,0,19074,374,36278,
2015-11-16,SMP,1pm,17,,200,tbd,,NA,,,na,4.5,0.7,5.9,0.3,2.32,,0,,374,0,0,0,374,4862,1870,0,6358,0,13838,
2015-11-23,SMP,1pm,16,,200,tbd,,NA,,,na,1.9,0.4,5.9,0,1.15,,0,,0,0,0,0,0,0,0,0,0,0,0,
2015-11-30,SMP,11am,16,,200,tbd,,NA,,,na,0.8,0.1,3.3,0,0.25,,0,,0,0,0,0,4114,0,374,0,4114,374,10098,
2015-12-07,SMP,1pm,16,,200,tbd,,NA,,,na,1.2,0.4,4.5,0.2,3,,0,,0,0,0,0,11659,349758,248717,0,194310,3886.2,808330,
2015-12-14,SMP,11am,14.2,,200,tbd,,NA,,,na,2.1,0.6,4.7,0.2,1.78,,0,,0,0,0,0,0,374,0,0,4488,0,4862,
2015-12-21,SMP,na,na,,200,tbd,,NA,,,na,na,NA,NA,na,na,na,NA,,na,na,na,na,na,na,na,na,na,na,na,
2015-12-28,SMP,10am,14,,200,tbd,,NA,,,na,na,NA,NA,tbd,tbd,,0,,0,0,0,0,374,0,748,0,9350,374,10846,
2016-01-04,SMP,1pm,14,,200,tbd,,NA,,,na,1.9,0.5,3.8,0.1,17.9394,,0,,0,0,374,0,0,0,0,0,96492,374,99110,
2016-01-11,SMP,11am,13,,200,tbd,,NA,,,na,1.6,0.5,3.2,0.1,3.45,,0,,0,0,0,0,0,0,0,0,6732,374,12716,
2016-01-18,SMP,2pm,14,,200,tbd,,NA,,,na,1.9,0.4,3.6,0.2,10.1352,,0,,0,0,0,0,0,0,0,0,6732,12342,20196,
2016-01-25,SMP,2pm,14.1,,200,tbd,,NA,,,na,0.9,0.4,4.4,0.1,7.12,,0,,0,0,1496,0,0,0,0,0,2244,18326,22066,
2016-02-01,SMP,2pm,12.8,,200,tbd,,NA,,,na,0,0.3,5.5,0.1,0.7,,0,,0,0,0,748,0,0,0,0,3366,10472,14960,
2016-02-08,SMP,2pm,13.5,,200,tbd,,NA,,,na,0.6,0.3,5.8,0.1,7.07,,0,,0,0,5984,0,374,0,0,0,3740,4114,118184,
2016-02-15,SMP,2pm,15.4,,200,tbd,,NA,,,na,0.9,0.6,5.8,0,4.4,,0,,0,0,0,0,0,0,0,0,9724,1496,1870,
2016-02-22,SMP,2pm,16,,200,tbd,,NA,,,na,0.9,0.4,2.5,0,7.83,,0,,0,0,374,0,0,0,0,0,239360,748,2244,
2016-02-29,SMP,2pm,15.8,,200,tbd,,NA,,,na,0.6,0.3,3,0,2.88,,0,,0,0,0,0,0,0,0,0,1496,374,5236,
2016-03-07,SMP,2pm,13.5,,200,tbd,,NA,,,na,2.6,0.6,6.5,0.6,3.32,,0,,0,0,0,374,0,0,0,374,4114,748,5236,
2016-03-14,SMP,2pm,15,,200,tbd,,NA,,,na,0.1,0.1,4.4,0.1,0.18,,0,,0,0,374,0,0,0,1870,4488,5610,8228,17578,
2016-03-21,SMP,2pm,13,,200,tbd,,NA,,,na,5.3,0.7,6.1,0.4,1.11,,0,,374,748,748,374,0,0,0,0,21692,748,24684,
2016-03-28,SMP,11am,13.8,,200,tbd,,NA,,,na,5.3,0.7,5.8,0.3,0.85,,0,,0,0,0,0,0,0,64705,0,589401,6412,660518,
2016-04-04,SMP,2pm,16,,,,,NA,,,na,0.3,0.4,2.7,0.1,1.97,,0,,0,374,1496,0,374,3740,0,374,10472,8228,25432,
2016-04-11,SMP,11am,15,,,,,NA,,,na,0.8,0.4,3.5,0.3,6.19,,0,,0,0,0,374,0,5610,2992,0,30294,3366,42636,
2016-04-18,SMP,11am,16.2,,,,,NA,,,na,0.3,0.4,5.3,0.3,0.9,,0,,0,0,0,0,374,0,1122,0,6358,3366,11220,
2016-04-25,SMP,11am,14.7,,,,,NA,,,na,2.1,0.4,6.1,0.6,11.52,,0,,0,0,0,0,0,0,0,0,0,0,0,
2016-05-02,SMP,11am,15.8,,,,,NA,,,na,0.1,0.1,7.4,0.7,33.85,,0,,0,0,1870,0,1496,2244,2244,748,10098,8228,31790,
2016-05-09,SMP,12:30pm,16.8,,,,,NA,,,na,1,0.5,5.5,0.1,4.56,,0,,0,0,0,0,3740,52360,2992,2992,28424,6732,97240,
2016-05-16,SMP,11am,16.8,,,,,NA,,,na,0.4,0.2,5.8,0.3,100.27,,0,,0,0,374,0,3366,0,0,0,9350,47498,60962,
2016-05-23,SMP,11am,16,,,,,NA,,,na,0.4,0.3,6.8,0.2,28.01,,0,,0,0,4114,0,1870,0,0,0,6358,38522,51612,
2016-05-30,SMP,11am,15.8,,,,,NA,,,na,0.6,0.4,6.9,0.2,8.55,,0,,0,0,748,0,0,0,0,0,209440,4862,215050,
2016-06-06,SMP,2pm,17,,,,,NA,,,na,0.4,0.1,3.9,0.1,5.59,,0,,0,0,374,0,0,1870,374,0,176528,1870,181390,
2016-06-13,SMP,2pm,17.6,,,,,NA,,,na,0.3,0.3,4.1,0.1,10.66,,0,,0,0,0,0,13090,5610,0,0,119680,1496,139876,
2016-06-20,SMP,2pm,18.8,,,,,NA,,,na,0.6,0.3,4.2,0.1,3.04,,0,,0,0,0,0,4114,4488,32912,0,140998,748,183260,
2016-06-27,SMP,2pm,21,,,,,NA,,,na,0.4,0.2,2.3,0.1,3.86,,0,,0,0,0,0,5610,0,4488,0,161942,1496,173536,
2016-07-04,SMP,11am,21.2,,,,,NA,,,na,0.3,0.1,1.2,0.1,1.68,,0,,0,0,0,0,1870,0,0,0,95370,748,97988,
2016-07-11,SMP,11am,21.1,,,,,NA,,,na,1.6,0.3,5.9,0.7,21.72,,0,,0,0,0,0,5984,0,1870,0,1496,4862,14586,
2016-07-18,SMP,11am,21,,,,,NA,,,na,na,NA,NA,tbd,tbd,,0,,0,0,0,0,748,0,0,0,1496,5610,7854,
2016-07-25,SMP,11am,21,,,,,NA,,,na,1,0.3,6.3,0.1,20.16,,0,,0,0,0,0,748,0,0,0,1122,2244,4114,
2016-08-01,SMP,11am,22.8,,,,,NA,,,na,1,0.4,4.9,0.5,1.98,,0,,0,0,0,0,748,0,0,0,1870,374,2992,
2016-08-08,SMP,2pm,23.1,,,,,NA,,,na,0.6,0.2,4.8,0.4,10.12,,0,,0,374,374,0,1496,748,2618,374,2618,1870,11220,
2016-08-15,SMP,2pm,23.3,,,,,NA,,,na,0.6,0.2,4.8,0.1,13.87,,0,,0,0,0,0,1870,0,4488,0,15334,374,22814,
2016-08-22,SMP,2pm,21.9,,,,,NA,,,na,0.2,0.3,3.9,0.1,68.79,,0,,0,0,0,748,2244,0,2992,0,11220,2244,20196,
2016-08-29,SMP,2pm,23.9,,,,,NA,,,na,0.2,0.3,5.5,0.1,68.8,,0,,2992,0,0,0,3366,0,1496,0,4488,1496,14586,
2016-09-05,SMP,2pm,23.9,,,,,NA,,,na,1.8,0.4,6.9,0.3,14.8,,0,,1122,0,374,1122,2244,0,0,0,2618,2244,10098,
2016-09-12,SMP,2pm,21.9,,,,,NA,,,na,0.5,0.3,4.5,0.1,6.39,,0,,374,0,0,374,14586,0,374,0,1870,1496,19074,
2016-09-19,SMP,2pm,22,,,,,NA,,,na,0.6,0.4,3.6,0.1,3.57,,0,,2244,0,0,0,374,0,0,0,11594,2992,17204,
2016-09-26,SMP,4pm,21.9,,,,,NA,,,na,0.4,0.4,3.4,bd ,1.95,,0,,2244,0,0,0,6358,0,0,3740,7480,0,20570,
2016-10-03,SMP,11am,20.2,,,,,NA,,,na,0.5,0.4,3.4,bd ,1.08,,0,,0,0,0,0,2244,0,0,374,4488,3366,10472,
2016-10-10,SMP,11am,21.9,,,,,NA,,,na,0.3,0.4,3.9,0.1,4.44,,0,,0,0,0,374,2244,748,0,0,2618,1496,10472,
2016-10-17,SMP,11am,20.9,,,,,NA,,,na,0.5,0.4,3.4,0.1,0.86,,0,,0,0,0,0,748,0,374,0,3740,1122,7480,
2016-10-24,SMP,11am,20.1,,,,,NA,,,na,0.7,0.3,2.8,0.3,2,,0,,0,0,0,0,2618,3740,49368,0,238986,374,6358,
2016-10-31,SMP,11am,18.9,,,,,NA,,,na,0.8,0.4,3.4,0.1,3.01,,0,,0,0,0,0,374,374,0,0,37026,748,39270,
2016-11-07,SMP,11am,20.3,,,,,NA,,,na,1.1,0.3,2.9,0.2,7.76,,0,,4488,0,0,0,23562,1496,0,0,4114,1870,36652,
2016-11-14,SMP,11am,18.9,,,,,NA,,,na,na,NA,NA,tbd,tbd,,0,,0,0,0,0,1870,0,0,374,5236,374,7854,
2016-11-21,SMP,11am,18.9,,,,,NA,,,na,0.9,0.5,3.6,0.5,1.86,,0,,1870,0,0,0,10846,0,0,0,10098,10098,33286,
2016-11-28,SMP,1pm,17.2,,,,,NA,,,na,2,0.5,5.3,0.5,3.06,,0,,0,0,0,0,748,0,0,0,748,0,1496,
2016-12-05,SMP,1pm,15.9,,,,,NA,,,na,1.3,0.5,5.2,0.3,6.37,,0,,748,0,0,748,28050,1496,2618,0,32538,2618,69190,
2016-12-12,SMP,1pm,15.5,,,,,NA,,,na,0.4,0.4,na ,bd ,4.68,,0,,35904,0,0,0,25432,5610,3740,0,23936,3366,98362,
2016-12-19,SMP,1pm,14,,,,,NA,,,na,8.8,0.9,7.6,0.4,3.45,,0,,1870,0,0,0,1122,20944,2618,0,8976,0,35904,
2016-12-26,SMP,1pm,15.3,,,,,NA,,,na,5.2,0.7,5.3,0.5,1.25,,0,,0,0,0,0,97240,1496,0,0,374,0,99110,
2017-01-02,SMP,1pm,15.8,,,,,NA,,,na,4.1,0.5,6.1,0.4,3.4,,0,,0,0,0,0,2244,0,374,0,2244,374,5610,
2017-01-09,SMP,1pm,16.5,,,,,NA,,,na,13.2,2.3,23.1,5.7,6.62,,0,,0,0,0,0,1496,0,0,0,2244,374,4862,
2017-01-16,SMP,2pm,16.8,,,,,NA,,,na,2.2,0.5,4.1,7.6,2.75,,0,,374,0,0,0,748,0,0,0,2244,374,4862,
2017-01-23,SMP,11am,15.1,,,,,NA,,,na,14.1,0.8,11.5,6.6,12.1,,0,,0,0,0,0,748,0,0,374,3740,1496,6358,
2017-01-30,SMP,11am,15.9,,,,,NA,,,na,4,0.6,5.5,2.3,3.85,,0,,0,374,0,0,374,748,0,374,1122,1496,4488,
2017-02-06,SMP,11am,15.1,,,,,NA,,,na,4.1,0.2,2.9,2.8,2.69,,0,,0,0,0,0,2992,374,0,374,17952,6358,28424,
2017-02-13,SMP,1pm,17,,,,,NA,,,na,na,0.5,3.8,28.7,14.9,,0,,0,0,0,0,6358,1496,0,0,6358,2244,16456,
2017-02-20,SMP,1pm,16.9,,,,,NA,,,na,1.6,0.4,3.48,3,1.07,,0,,0,0,0,0,1496,0,1122,0,4488,1870,11220,
2017-02-27,SMP,3pm,15.1,,,,,NA,,,na,4.3,0.7,7.13,4.8,3.24,,0,,0,0,0,0,374,748,0,0,3740,374,5236,
2017-03-06,SMP,5pm,14.8,,,,,NA,,,na,10.6,0.9,6.96,7.3,5.13,,0,,0,0,0,0,374,1870,3740,0,87516,374,93874,
2017-03-13,SMP,1pm,17.2,,,,,NA,,,na,5.2,0.7,1.57,4.5,4.56,,0,,0,0,0,0,1496,43010,8602,0,8976,748,63206,
2017-03-20,SMP,1pm,18.9,,,,,NA,,,na,1.7,0.5,3.24,2.6,3.28,,0.07,,0,0,748,0,21692,1496,0,0,3740,6358,34034,
2017-03-27,SMP,1pm,15,,,,,NA,,,na,6,0.6,5.42,2.7,2.71,,2.99,,0,0,0,0,7854,2992,179520,748,17952,1496,210562,
2017-04-03,SMP,1pm,16.8,,,,,NA,,,na,0,0.5,1.64,3.5,2.39,,3.07,,0,0,1122,0,33286,2992,99484,0,8602,1496,147730,
2017-04-10,SMP,1pm,16.7,,,,,NA,,,na,3.4,0.6,2.74,9.7,3.5,,10.8,,0,0,374,0,77044,0,414766,0,8228,1870,503404,
2017-04-17,SMP,1pm,18.5,,,,,NA,,,na,1.8,0.3,2.78,0.8,1.62,,0,,4857.75,0,0,0,913257,0,0,0,0,19431,937546,
2017-04-24,SMP,1pm,19.8,,,,,NA,,,na,6.8,0.3,3.95,0.1,2,,0,,0,0,0,0,1253299.5,0,0,0,14573,24289,1297019,
2017-05-01,SMP,11am,17,,,,,NA,,,na,41.8,0.6,3.77,7.1,4.17,,14.4,,0,0,0,0,553784,0,1637062,0,0,24288.75,2219992,
2017-05-08,SMP,11am,17.9,,,,,NA,,,na,na,NA,NA,na ,na ,,0.16,,0,0,0,0,115940,1496,47872,0,4488,748,170544,
2017-05-15,SMP,11am,17.9,,,,,NA,,,na,6.4,0.5,0.7,6.6,2.7,,1.98,,0,0,0,0,8602,1870,112200,0,5610,2618,130900,
2017-05-22,SMP,9am,18.9,,,,,NA,,,na,2.9,0.6,1.7,0.1,6.3,,0.05,,0,0,0,0,13838,748,10472,0,1870,2618,29546,
2017-05-29,SMP,10am,18,,,,,NA,,,na,10.2,0.6,1.9,0.1,1.9,,0.05,,0,0,0,0,42636,8976,14586,1,207196,15334,288729,
2017-06-05,SMP,1pm,20,,,,,NA,,,na,1.1,0.1,2.3,0.1,0.1,,0,,748,748,374,748,50116,0,374,0,14586,1496,71434,
2017-06-12,SMP,11am,19.1,,,,,NA,,,na,1.1,0.4,2.8,0.1,2.2,,0,,0,374,0,0,6358,374,4862,1122,49368,3740,66199,
2017-06-19,SMP,10am,20.3,,,,,NA,,,na,9.4,0.2,2.8,0.1,1.2,,0,,0,374,0,0,28424,374,0,0,20196,1870,51238,
2017-06-26,SMP,11am,21,,,,,NA,,,na,7.2,0.4,2.8,0,2.2,,0,,374,0,0,0,4488,374,1496,0,7106,748,14586,
2017-07-03,SMP,11am,21.8,,,,,NA,,,na,6.7,0.3,3,0.1,0.6,,0,,0,0,0,0,10472,374,748,0,1870,0,14212,
2017-07-10,SMP,10am,23,,,,,NA,,,na,2.1,0.2,3.7,0.1,0.5,,0,,0,0,0,0,10098,1870,748,0,7854,3740,24684,
2017-07-17,SMP,10am,23.2,,,,,NA,,,na,2.5,0.4,3.3,0.2,1,,0,,0,0,0,3740,2618,0,1496,0,2992,4488,15334,
2017-07-24,SMP,10am,24,,,,,NA,,,na,0,0.1,3.5,0,0.1,,0,,374,0,0,9724,9350,0,0,374,5236,2618,27676,
2017-07-31,SMP,10am,24,,,,,NA,,,na,0.2,0.3,3.5,0.1,1.1,,0,,0,0,374,8228,2618,748,374,748,3740,2992,25432,
2017-08-07,SMP,10am,24.8,,,,,NA,,,na,0.4,0.5,4.3,0.1,1.8,,0,,0,0,0,4114,4488,0,0,0,748,748,10098,
2017-08-14,SMP,10am,23.7,,,,,NA,,,na,0.4,0.4,2.6,0.1,1.4,,0,,0,0,0,2244,4862,2244,0,0,4862,2244,16456,
2017-08-21,SMP,10am,24,,,,,NA,,,na,0.7,0.2,3.1,0.1,2.6,,0,,0,0,0,0,3366,748,0,0,2992,1122,8228,
2017-08-28,SMP,2pm,23.8,,,,,NA,,,na,1,0.3,3.3,0.2,2.3,,0,,0,0,0,1870,748,0,0,0,2244,1122,5984,
2017-09-04,SMP,2pm,25.1,,,,,NA,,,na,0.8,0.5,3,0.2,3.2,,0,,0,0,0,1870,1122,748,0,0,4862,748,9350,
2017-09-11,SMP,11am,23.5,,,,,NA,,,na,0.4,0.5,2.7,0.1,3.5,,0,,0,0,0,748,0,374,0,0,11968,374,13838,
2017-09-18,SMP,11am,21.5,,,,,NA,,,na,0.2,0.3,1.5,0.1,0.6,,0,,0,0,0,40392,2618,0,0,0,17952,748,61710,
2017-09-25,SMP,11am,21.4,,,,,NA,,,na,0.3,0.6,2,0.1,1.7,,0,,0,0,0,26928,16830,0,0,0,0,1496,45628,
2017-10-02,SMP,11am,22.4,,,,,NA,,,na,0.6,0.6,2.8,0.1,4.7,,0,,0,0,0,22066,748,0,0,0,748,748,24310,
2017-10-09,SMP,11am,21.3,,,,,NA,,,na,0.1,0.3,2.7,0,0.5,,0,,0,0,0,453288,2992,0,0,0,0,1496,458524,
2017-10-16,SMP,11am,21.3,,,,,NA,,,na,0.1,0.3,4.1,0.1,1.6,,0,,0,0,0,58718,374,0,0,0,374,374,59840,
2017-10-23,SMP,11am,21.1,,,,,NA,,,na,0.1,0.5,4.8,0.1,2.8,,0,,0,0,0,63580,1496,0,0,0,0,374,65450,
2017-10-30,SMP,11am,20.1,,,,,NA,,,na,0.2,0.3,3.5,0.1,2.9,,0,,0,0,0,6358,6732,0,374,0,6358,3740,23562,
2017-11-06,SMP,10am,20.1,,,,,NA,,,na,0.3,0.4,3.7,0.2,3.2,,0,,0,0,0,2244,10846,0,1496,0,12342,1496,31416,
2017-11-13,SMP,11am,19.9,,,,,NA,,,na,0.3,0.1,4,0.1,4.9,,0,,748,0,0,3740,43010,2992,0,0,4114,2618,59092,
2017-11-20,SMP,2pm,17.2,,,,,NA,,,na,0.2,0.7,3.6,0.1,10.1,,0,,0,0,374,374,4488,2618,0,0,5984,1122,14960,
2017-11-27,SMP,2pm,17.5,,,,,NA,,,,0.2,0.3,3.3,0.1,20.3,,0,,0,374,1122,8976,27676,374,0,0,1122,5236,87142,
2017-12-04,SMP,2pm,16.5,,,,,NA,,,na,1.1,0.6,4.2,0.4,39.6,,0,,0,0,0,2618,19448,0,0,0,2992,11594,36652,
2017-12-11,SMP,2pm,17.2,,,,,NA,,,na,0.6,0.3,2.1,1.9,39.7,,0,,0,374,0,748,2992,0,0,374,2244,748,7480,
2017-12-18,SMP,2pm,17.3,,,,,NA,,,na,0.7,0.3,2.2,1.5,7.8,,0,,0,374,0,1122,4114,0,2244,374,25806,1496,38522,
2017-12-25,SMP,11am,16.1,,,,,NA,,,na,0.2,0.3,2.6,3.5,6.7,,0,,0,0,0,5236,748,0,0,0,1122,4114,11220,
2018-01-01,SMP,11am,17.3,,,,,NA,,,na,0.7,0.3,2.7,3.8,6.4,,0,,0,0,0,748,748,0,0,374,1870,748,4488,
2018-01-08,SMP,11am,17.3,,,,,NA,,,na,0.8,0.4,2.9,4.9,4.7,,0,,0,0,374,1496,374,0,0,0,374,4488,7106,
2018-01-15,SMP,12noon,16.8,,,,,NA,,,na,0.7,0.5,4.4,2.2,4.1,,0,,0,0,0,1122,0,0,0,0,2992,374,4488,
2018-01-22,SMP,10am,16.2,,,,,NA,,,na,1.4,0.5,4.9,19.2,7.9,,0,,0,0,374,2618,1870,1496,0,0,5610,748,12716,
2018-01-29,SMP,10am,15.4,,,,,NA,,,na,0.8,0.5,4.1,0.8,2.4,,0,,0,0,0,1122,0,0,0,0,6358,374,8228,
2018-02-05,SMP,12noon,16.4,,,,,NA,,,na,0.2,0.3,1.7,5.4,3.9,,0,,0,0,0,1870,68068,1496,1870,0,16456,1122,91256,
2018-02-12,SMP,10am,16.1,,,,,NA,,,na,0.5,0.3,1.5,8.4,4.8,,0,,0,0,0,1496,20196,1122,748,0,19448,2618,45628,
2018-02-19,SMP,10am,15.7,,,,,NA,,,na,0.2,0.3,2.4,2.3,0.4,,0,,0,0,0,429,15440,0,0,0,3431,2144,21445,
2018-02-26,SMP,12noon,13.7,,,,,NA,,,na,3.6,0.5,6,0.9,0.8,,0,,0,0,0,0,0,2244,0,0,16082,374,19448,
2018-03-05,SMP,12noon,14.8,,,,,NA,,,na,0.4,0.5,1.3,2.5,1.4,,0,,0,0,0,374,1870,10846,22440,0,274142,1496,311168,
2018-03-12,SMP,12noon,15.4,,,,,NA,,,na,0.6,0.5,2.4,3.9,3.8,,0,,0,0,748,748,1496,0,0,0,10098,1870,14960,
2018-03-19,SMP,12noon,16.2,,,,,NA,,,na,0.8,0.7,3.3,1.3,2.9,,0,,0,0,374,374,0,0,0,0,4862,0,5610,
2018-03-26,SMP,12noon,15.3,,,,,NA,,,na,0.4,0.3,3.1,4.2,3.6,,0,,0,0,0,374,748,0,0,0,2992,1870,5984,
2018-04-02,SMP,12noon,15.3,,,,,NA,,,na,0.5,0.6,6.1,7.2,7.2,,0,,0,0,0,748,3366,0,0,0,1496,3366,8976,
2018-04-09,SMP,12noon,16.2,,,,,NA,,,na,1.3,0.5,6.5,9.3,4.7,,0,,0,0,374,1496,13464,0,0,374,748,3740,22440,
2018-04-16,SMP,12noon,16.2,,,,,NA,,,na,0.9,0.5,7.3,14.1,4.6,,0,,0,0,0,0,7854,5984,29920,1496,21318,7480,74426,
2018-04-23,SMP,3pm,16.2,,,,,NA,tbd,,tbd,0.2,0.5,2.2,16.9,9,,0,,0,0,0,0,6732,3740,28050,374,19822,2618,61336,
2018-04-30,SMP,3pm,17,,,,,NA,tbd,,tbd,0.1,0.3,1.3,1.9,1,,0,,5610,0,374,748,62832,0,1870,748,8602,7480,88264,
2018-05-07,SMP,3pm,18.8,,,,,NA,tbd,,tbd,0.2,0.4,1.7,3.5,4.1,,0,,0,374,0,0,1870,0,2244,0,2244,3366,10098,
2018-05-14,SMP,12noon,16.8,,,,,NA,tbd,,tbd,0.5,0.3,1.1,6.9,3.7,,0,,748,0,748,0,2992,0,7480,0,416636,0,428604,
2018-05-21,SMP,3pm,17.1,,,,,NA,tbd,,tbd,1.2,0.2,1,0.1,0.4,,0,,0,748,0,0,8976,3740,4488,0,204204,0,225522,
2018-05-28,SMP,3pm,18.8,,,,,NA,tbd,,tbd,3.3,0.5,3.9,0.2,4.8,,0,,0,0,0,0,4488,0,0,0,0,0,4488,
2018-06-04,SMP,11am,19.2,,,,,NA,tbd,,tbd,1.1,0.2,2.7,0.1,0.1,,0,,0,0,0,3886.2,256489,0,0,0,50520.6,19431,330327,
2018-06-11,SMP,3pm,21.7,,,,,NA,tbd,,tbd,8.1,0.3,3.9,0.2,3.5,,0,,0,0,0,374,8976,0,0,0,2992,1496,13838,
2018-06-18,SMP,3pm,20.5,,,,,NA,tbd,,tbd,11.7,0.3,4.4,10.7,36.1,,0,,0,0,0,1496,2618,0,0,0,748,5984,10846,
2018-06-25,SMP,3pm,20.9,,,,,NA,tbd,,tbd,0.7,0.4,4.5,0.3,5.1,,0,,0,0,0,748,748,2244,0,0,748,2992,7480,
2018-07-02,SMP,11am,21,,,,,NA,tbd,,tbd,1.349150293,0.38747611,3.403279923,0.869142262,4.766408588,,0,,0,0,0,4114,1870,0,0,0,0,2244,8228,
2018-07-09,SMP,11am,23.2,,,,,NA,tbd,,tbd,0.005401973,1.203822932,4.380824888,7.636495844,7.855221453,,0,,0,0,0,0,374,0,0,0,2992,374,3740,
2018-07-16,SMP,11am,22.4,,,,,NA,tbd,,tbd,0.4260185,0.402027105,3.103205283,5.492820102,2.493608095,,0,,0,0,0,0,374,0,0,0,0,374,748,
2018-07-23,SMP,11am,23,,,,,NA,tbd,,tbd,0.241543333,0.326880128,3.566610507,1.751869222,1.880191176,,0,,0,0,0,0,0,0,0,0,1496,0,1496,
2018-07-30,SMP,11am,23,,,,,NA,tbd,,tbd,0.533211215,0.263663482,2.809768165,2.016147004,1.742814308,,0,,0,0,0,0,4488,0,0,0,13838,1496,19822,
2018-08-06,SMP,11am,22.8,,,,,NA,tbd,,tbd,0.93495671,0.089414501,3.342132984,1.006319129,0.006166578,,0,,0,0,0,0,374,0,0,0,10098,374,10846,
2018-08-13,SMP,11am,24.9,,,,,NA,tbd,,tbd,2.801284968,0.509199553,3.075841048,6.322003429,6.004759928,,0,,0,0,0,0,748,0,0,0,2244,0,3740,
2018-08-20,SMP,11am,22.8,,,,,NA,tbd,,tbd,0.063198596,0.543884702,3.150220844,0.104977217,2.5770094,,0,,0,0,0,0,0,0,0,0,0,0,374,
2018-08-27,SMP,11am,22,,,,,NA,tbd,,tbd,2.848656657,0.509199553,2.481218268,2.724282501,4.656600957,,0,,0,0,0,0,0,0,0,0,25058,0,25806,
2018-09-03,SMP,11am,22,,,,,NA,tbd,,tbd,1.52E-06,0.312177891,3.273761795,4.893128477,1.182634538,,0,,0,0,0,0,748,7480,0,0,283866,1496,293590,
2018-09-10,SMP,1pm,22.1,,,,,NA,tbd,,tbd,0.612236817,0.186235328,3.422312641,3.493782308,0.895218141,,0,,0,0,0,374,0,1122,0,0,57596,0,59092,
2018-09-17,SMP,1pm,22,,,,,NA,tbd,,tbd,0.261348483,0.121391921,1.957195522,2.802385144,0.25403245,,0,,1122,2244,0,748,8228,0,0,3740,4488,4488,26180,
2018-09-24,SMP,2pm,22,,,,,NA,tbd,,tbd,0.664209742,0.174038578,1.829753633,1.170839343,0.47030551,,0,,0,0,0,0,4862,0,0,0,748,748,7106,
2018-10-01,SMP,1pm,20.6,,,,,NA,tbd,,tbd,na,NA,NA,tbd,tbd,,NA,,374,374,0,374,2618,748,1122,0,34034,2992,44132,
2018-10-08,SMP,2pm,20.9,,,,,NA,tbd,,tbd,na,NA,NA,tbd,tbd,,NA,,0,0,0,0,4488,1870,748,0,121176,748,129030,
2018-10-15,SMP,1pm,20,,,,,NA,tbd,,tbd,na,NA,NA,tbd,tbd,,NA,tbd,0,0,0,0,3366,0,0,0,3740,2618,9724,
2018-10-22,SMP,1pm,19.6,,,,,NA,tbd,,tbd,na,NA,NA,tbd,tbd,,NA,,0,0,0,374,9724,0,0,0,4862,4862,20944,
2018-10-29,SMP,1pm,19.3,,,,,NA,tbd,,tbd,na,NA,NA,tbd,tbd,,NA,,0,0,0,0,2618,0,0,0,32912,374,35904,
2018-11-05,SMP,1pm,20,,,,,NA,tbd,,tbd,na,NA,NA,tbd,tbd,,NA,,0,0,374,748,5610,748,1122,374,16082,2618,31416,
2018-11-12,SMP,1pm,20.1,,,,,NA,tbd,,tbd,na,NA,NA,tbd,tbd,,NA,,0,0,0,0,1496,1496,0,0,63954,748,70312,
2018-11-19,SMP,1pm,18.3,,,,,NA,tbd,,tbd,na,NA,NA,tbd,tbd,,NA,,0,0,0,0,2992,0,0,0,5236,1122,13464,