week,SampleID,Location Code,Date Collected,Time Collected (PST),Temp (C),Chl Volume Filtered (mL),Chla (mg/m3),Chla2 (mg/m3),Avg Chla (mg/m3),Phaeo1 (mg/m3),Phaeo2 (mg/m3),Avg. Phaeo (mg/m3),Phosphate (uM),Silicate (uM),Nitrite (uM),Nitrite+Nitrate (uM),Ammonia (uM),Nitrate (uM),DA Volume Filtered (mL),Domoic Acid (ng/mL),Volume Settled for counting (mL),Akashiwo sanguinea  (cells/L),Alexandrium spp. (cells/L),Dinophysis spp.  (cells/L),Lingulodinium polyedrum (cells/L),Prorocentrum spp.  (cells/L),Pseudo-nitzschia delicatissima group (cells/L),Pseudo-nitzschia seriata group (cells/L),Ceratium (cells/L),Cochlodinium (cells/L),,,,,,,,,,
1,80630,SW,2008-06-30,9:30,18,188,12.14,NaN,12.14,2.05,NaN,2.05,0.851,6.932,0.219,0.329,1.086,0.11,200,0.05,50,0,0,7000,1000,470000,55000,345000,10000,0,,,,,,,,,,
2,80707,SW,2008-07-07,9:30,18,188,4.21,NaN,4.21,1.25,NaN,1.25,1.202,10.673,0.313,0.319,0.986,0.006,200,0.05,50,0,0,700,800,23000,2000,59000,62000,0,,,,,,,,,,
3,80714,SW,2008-07-14,10:15,18.1,188,1.92,NaN,1.92,0.75,NaN,0.75,0.454,5.894,0.093,0.341,1.26,0.341,200,0,50,500,0,300,0,22000,60000,200000,500,0,,,,,,,,,,
4,80722,SW,2008-07-22,9:30,18.8,188,1.14,NaN,1.14,1.37,NaN,1.37,0.685,8.684,0.22,0.706,7.786,0.486,200,0,50,1200,0,200,3500,600,900,2000,600,0,,,,,,,,,,
5,80728,SW,2008-07-28,10:00,19.4,188,2.76,NaN,2.76,0.94,NaN,0.94,0.553,8.233,0.212,0.887,3.516,0.676,200,0,50,4000,250,150,1000,4200,0,900,550,0,,,,,,,,,,
6,80805,SW,2008-08-05,9:20,19.4,188,1.24,NaN,1.24,0.58,NaN,0.58,0.261,5.44,0.03,0.498,1.442,0.498,200,0,50,500,0,700,18000,5000,2300,2700,1000,0,,,,,,,,,,
7,80811,SW,2008-08-11,9:45,18.4,188,2.21,NaN,2.21,0.46,NaN,0.46,0.483,4.565,0.114,0.487,1.527,0.372,200,0.1,50,0,0,400,65400,5000,0,540,400,0,,,,,,,,,,
8,80818,SW,2008-08-18,9:40,18.9,188,1.64,NaN,1.64,0.82,NaN,0.82,0.505,6.755,0.153,0.52,1.113,0.367,200,0,50,150,0,600,18500,7000,0,0,2500,0,,,,,,,,,,
9,80825,SW,2008-08-25,10:00,19.6,188,0.92,NaN,0.92,0.64,NaN,0.64,0.569,8.279,0.15,0.659,3.221,0.509,200,0,50,300,0,150,9000,3500,200,1200,350,0,,,,,,,,,,
10,80902,SW,2008-09-02,9:45,21,188,2.4,NaN,2.4,0.72,NaN,0.72,0.246,4.473,0.043,0.501,2.117,0.501,200,0,50,350,0,2000,2900,16900,3300,3500,4500,0,,,,,,,,,,
11,80908,SW,2008-09-08,9:45,17.8,188,5.47,NaN,5.47,1.56,NaN,1.56,0.6,7.639,0.151,0.647,2.454,0.496,200,0,50,0,0,700,43400,24200,150,300,8500,0,,,,,,,,,,
12,80915,SW,2008-09-15,9:45,17.4,188,4.9,NaN,4.9,1.7,NaN,1.7,0.606,6.923,0.217,0.758,2.317,0.541,200,0,50,1300,320,920,18000,39000,340,0,14600,0,,,,,,,,,,
13,80922,SW,2008-09-22,9:30,17.8,188,1.86,NaN,1.86,0.36,NaN,0.36,0.343,4.015,0.096,0.507,1.347,0.507,200,0,50,100,0,600,400,10100,1900,300,6800,0,,,,,,,,,,
14,80929,SW,2008-09-29,10:00,16.4,188,1.82,NaN,1.82,0.82,NaN,0.82,0.472,5.737,0.278,1.507,2.335,1.228,200,0,50,0,0,0,0,4400,9600,2800,400,0,,,,,,,,,,
15,81006,SW,2008-10-06,9:20,18.1,188,8.04,NaN,8.04,2.6,NaN,2.6,0.627,4.356,0.233,0.608,6.714,0.375,200,0,50,900,4300,1200,300,172000,15300,13400,250,0,,,,,,,,,,
16,81021,SW,2008-10-21,9:00,15.3,188,4.21,NaN,4.21,2.04,NaN,2.04,0.597,4.691,0.222,0.625,2.799,0.403,200,0,50,100,0,600,300,463000,22000,32000,400,0,,,,,,,,,,
17,81027,SW,2008-10-27,8:15,16.7,188,3.31,NaN,3.31,1.24,NaN,1.24,0.426,3.793,0.559,0.917,3.711,0.358,200,0,50,42000,1200,800,1400,79000,200,3800,500,0,,,,,,,,,,
18,81103,SW,2008-11-03,10:30,18.3,188,4.73,NaN,4.73,0.76,NaN,0.76,0.724,6.248,0.335,1.212,6.437,0.877,200,0,50,150,0,100,10500,10200,0,100,0,0,,,,,,,,,,
19,81111,SW,2008-11-11,9:45,15.2,188,1.09,NaN,1.09,0.58,NaN,0.58,1.098,11.197,0.338,10.751,4.069,10.413,200,0,50,5500,0,0,2000,80,1250,450,0,0,,,,,,,,,,
20,81118,SW,2008-11-18,10:00,15.9,188,3.77,NaN,3.77,1.56,NaN,1.56,0.482,6.773,0.321,2.595,3.323,2.274,200,0,50,27500,0,300,3000,2000,4500,24500,400,0,,,,,,,,,,
21,81126,SW,2008-11-26,10:15,16.6,188,10.78,NaN,10.78,1.59,NaN,1.59,1.269,8.93,0.66,3.252,7.223,2.592,200,0,50,9500,0,1400,5000,3500,1800,200,300,0,,,,,,,,,,
22,81202,SW,2008-12-02,10:30,16.4,188,5.14,NaN,5.14,1.67,NaN,1.67,0.517,3.808,0.236,0.371,1.19,0.135,200,0,50,15600,0,2500,14500,4000,1150,450,600,0,,,,,,,,,,
23,81208,SW,2008-12-08,8:45,15.2,188,4.43,NaN,4.43,1.41,NaN,1.41,0.766,7.173,0.494,1.288,5.815,0.795,200,0,50,10800,0,300,1000,2000,5700,5800,150,0,,,,,,,,,,
24,81215,SW,2008-12-15,9:00,12.8,188,1.03,NaN,1.03,1.6,NaN,1.6,2.346,14.134,1.71,10.026,5.782,8.315,200,0.07,50,3000,0,0,800,900,400,3100,0,0,,,,,,,,,,
25,81231,SW,2008-12-31,8:30,12.1,188,3.36,NaN,3.36,0.81,NaN,0.81,0.788,6.269,0.468,4.322,2.731,3.854,200,0,50,100,0,80,0,600,4600,4400,0,0,,,,,,,,,,
26,90105,SW,2009-01-05,9:00,12.4,188,1.83,NaN,1.83,1.56,NaN,1.56,1.056,6.256,0.329,2.248,3.761,1.919,200,0,50,80,500,500,550,11000,200,5800,100,0,,,,,,,,,,
27,90112,SW,2009-01-12,8:30,13,188,0.98,NaN,0.98,0.65,NaN,0.65,0.616,6.21,0.237,2.591,2.45,2.354,200,0,50,100,0,0,100,1500,0,3100,200,0,,,,,,,,,,
28,90120,SW,2009-01-20,8:30,13.2,188,3.86,NaN,3.86,1.73,NaN,1.73,0.789,7.093,0.349,1.902,3.407,1.554,200,0,50,100,1200,1000,100,18900,1100,1500,1300,0,,,,,,,,,,
29,90126,SW,2009-01-26,9:15,13.9,188,0.93,NaN,0.93,0.76,NaN,0.76,0.632,5.286,0.2,1.515,2.64,1.315,200,0,50,0,0,100,0,11900,300,0,250,0,,,,,,,,,,
30,90202,SW,2009-02-02,8:45,13.2,188,1.77,NaN,1.77,0.95,NaN,0.95,0.796,7.276,0.362,3.549,3.183,3.187,200,0,50,0,0,0,0,4400,8200,0,0,0,,,,,,,,,,
31,90209,SW,2009-02-09,7:25,12.4,188,1.03,NaN,1.03,0.93,NaN,0.93,0.584,6.101,0.3,1.488,3.65,1.189,200,0,50,0,0,80,0,3400,750,300,60,0,,,,,,,,,,
32,90217,SW,2009-02-17,8:45,12.1,188,1.78,NaN,1.78,1.18,NaN,1.18,0.958,11.389,0.647,7.678,3.233,7.031,200,0,50,0,0,0,0,2600,3500,550,100,0,,,,,,,,,,
33,90223,SW,2009-02-23,9:00,13.9,188,7.33,NaN,7.33,1.78,NaN,1.78,0.567,8.594,0.325,3.652,2.815,3.327,200,0,50,0,0,380,0,44140,3620,660,2440,0,,,,,,,,,,
34,90302,SW,2009-03-02,8:00,14.2,188,2.26,NaN,2.26,0.79,NaN,0.79,0.862,9.243,0.4,3.88,4.123,3.48,200,0,50,0,0,100,0,9600,7800,2600,1600,0,,,,,,,,,,
35,90309,SW,2009-03-09,8:25,13.2,188,10.4,NaN,10.4,2.07,NaN,2.07,0.362,3.748,0.092,0.31,0.339,0.31,200,0.09,50,0,0,720,0,87800,74800,37100,720,0,,,,,,,,,,
36,90317,SW,2009-03-17,9:15,14.8,188,1.68,NaN,1.68,0.56,NaN,0.56,0.824,5.754,0.222,1.069,3.729,0.847,200,0.17,50,0,0,0,0,7400,19300,10800,0,0,,,,,,,,,,
37,90323,SW,2009-03-23,8:45,10,188,1.02,NaN,1.02,1.58,NaN,1.58,1.338,17.175,0.303,11.236,3.915,10.933,200,0.22,50,0,0,0,0,100,0,9600,0,0,,,,,,,,,,
38,90331,SW,2009-03-31,8:30,12.9,188,1.86,NaN,1.86,1.16,NaN,1.16,1.027,7.997,0.202,4.026,3.883,3.824,200,1.12,50,0,0,0,0,1500,800,30600,400,0,,,,,,,,,,
39,90406,SW,2009-04-06,9:00,13.6,188,1.12,NaN,1.12,1.39,NaN,1.39,0.935,8.063,0.213,4.185,8.145,3.972,200,0,50,0,0,0,0,1600,1200,4200,60,0,,,,,,,,,,
40,90413,SW,2009-04-13,9:20,14.6,188,0.93,NaN,0.93,0.75,NaN,0.75,1.061,11.43,0.267,5.116,7.195,4.849,200,0,50,0,0,60,0,900,1500,2500,0,0,,,,,,,,,,
41,90421,SW,2009-04-21,9:00,14.5,188,3.44,NaN,3.44,2.57,NaN,2.57,1.018,18.652,0.355,10.4,8.214,10.044,200,0.51,50,0,0,0,0,500,7300,10600,0,0,,,,,,,,,,
42,90427,SW,2009-04-27,8:30,13.1,188,2.49,NaN,2.49,1.12,NaN,1.12,1.108,15.85,0.37,9.979,3.338,9.609,200,1.26,50,0,0,0,0,0,1700,27200,0,0,,,,,,,,,,
43,90504,SW,2009-05-04,8:45,15.2,188,3.78,NaN,3.78,2.51,NaN,2.51,0.481,0.723,0.136,1.016,9.423,0.88,200,0.22,50,0,0,140,0,4800,0,5300,120,0,,,,,,,,,,
44,90511,SW,2009-05-11,8:30,15.2,188,2.58,NaN,2.58,1.48,NaN,1.48,0.509,1.271,0.121,1.743,6.822,1.622,200,0.18,50,0,0,400,0,2100,0,12500,80,0,,,,,,,,,,
45,90518,SW,2009-05-18,8:20,16,188,4.8,NaN,4.8,3.9,NaN,3.9,1.248,1.641,0.295,0.712,1.957,0.416,200,0.38,50,0,0,0,0,11600,87100,6900,600,0,,,,,,,,,,
46,90525,SW,2009-05-25,8:15,14.2,188,3.69,NaN,3.69,0.9,NaN,0.9,0.786,5.399,0.275,2.675,5.446,2.4,200,0,50,0,0,80,0,3600,449200,2400,400,0,,,,,,,,,,
47,90601,SW,2009-06-01,8:30,14.6,188,1.84,NaN,1.84,1.83,NaN,1.83,1.367,11.433,0.419,4.633,9.243,4.213,200,0.042,50,0,0,60,0,200,47100,2800,0,0,,,,,,,,,,
48,90608,SW,2009-06-08,8:45,16.5,188,4.31,NaN,4.31,1.37,NaN,1.37,0.51,4.89,0.194,0.284,0.911,0.09,200,0,50,0,0,400,0,23100,25100,600,7000,0,,,,,,,,,,
49,90615,SW,2009-06-15,9:00,16.4,188,2.5,NaN,2.5,0.73,NaN,0.73,0.33,4.99,0.052,0.313,1.29,0.313,200,0.13,50,0,0,300,0,9000,99400,0,0,0,,,,,,,,,,
50,90622,SW,2009-06-22,8:45,16.5,188,2.73,NaN,2.73,0.89,NaN,0.89,0.425,4.024,0.141,0.508,1.303,0.367,200,1.5,50,0,0,0,0,23800,399200,0,0,0,,,,,,,,,,
51,90629,SW,2009-06-29,8:45,16.5,188,5.18,NaN,5.18,1.49,NaN,1.49,0.991,9.136,0.347,1.716,4.1,1.369,200,0.057,50,0,0,0,0,2000,190000,0,0,0,,,,,,,,,,
52,90706,SW,2009-07-06,9:45,15.2,188,17.08,NaN,17.08,4.44,NaN,4.44,0.474,0.649,0.247,0.457,0.844,0.21,200,0.2,50,0,0,0,0,1100,539800,0,0,0,,,,,,,,,,
53,90713,SW,2009-07-13,10:15,19.2,188,1.89,NaN,1.89,0.82,NaN,0.82,0.454,3.061,0.081,0.706,1.526,0.706,200,0,50,0,0,200,0,12500,8800,0,0,0,,,,,,,,,,
54,90722,SW,2009-07-22,9:15,15.2,188,8.1,NaN,8.1,1.66,NaN,1.66,0.535,7.594,0.132,0.896,0.931,0.764,200,0,50,0,0,6400,0,30400,11100,0,17200,0,,,,,,,,,,
55,90727,SW,2009-07-27,6:53,17,188,5.64,NaN,5.64,1.22,NaN,1.22,0.875,9.938,0.245,1.136,3.234,0.892,200,0,50,0,14700,100,0,18000,1400,5000,14300,0,,,,,,,,,,
56,90803,SW,2009-08-03,9:31,16,188,1.53,NaN,1.53,1.88,NaN,1.88,0.543,1.748,0.203,0.667,3.795,0.464,200,0.059,50,0,0,0,0,1700,93100,49200,400,0,,,,,,,,,,
57,90810,SW,2009-08-10,9:59,17,188,1.53,NaN,1.53,1.18,NaN,1.18,0.696,5.662,0.21,1.395,3.374,1.184,200,0,50,0,2000,200,0,14700,0,16600,3200,0,,,,,,,,,,
58,90817,SW,2009-08-17,11:03,16.5,188,1.23,NaN,1.23,0.67,NaN,0.67,0.206,1.53,0.073,0.5,1.125,0.5,200,0,50,0,1100,0,0,4200,24600,50200,800,0,,,,,,,,,,
59,90824,SW,2009-08-24,9:45,17,188,1.02,NaN,1.02,1.46,NaN,1.46,0.449,4.462,0.203,0.756,1.271,0.554,200,0,50,0,0,200,0,30700,5600,21000,1300,0,,,,,,,,,,
60,90831,SW,2009-08-31,9:25,17.2,188,1.88,NaN,1.88,0.58,NaN,0.58,0.287,2.4,0.11,0.438,1.019,0.328,200,0,50,0,1700,200,0,22700,62200,500,4800,0,,,,,,,,,,
61,90908,SW,2009-09-08,8:45,19.8,188,2.06,NaN,2.06,0.54,NaN,0.54,0.259,1.122,0.1,0.23,1.173,0.13,200,0,50,0,0,300,0,8900,0,0,900,0,,,,,,,,,,
62,90921,SW,2009-09-21,8:15,18,188,3.64,NaN,3.64,1.16,NaN,1.16,0.702,5.254,0.22,0.614,2.892,0.395,200,0,50,0,800,0,3700,17300,0,0,5700,0,,,,,,,,,,
63,90928,SW,2009-09-28,9:20,18,188,5.15,NaN,5.15,0.86,NaN,0.86,0.433,5.624,0.136,0.472,1.667,0.335,200,0,50,0,3300,200,14300,23000,0,0,12000,0,,,,,,,,,,
64,91005,SW,2009-10-05,10:15,17,188,0.47,NaN,0.47,0.43,NaN,0.43,1.31,13.475,0.148,2.058,6.75,1.91,200,0,50,0,0,0,2000,1100,0,0,0,0,,,,,,,,,,
65,91012,SW,2009-10-12,9:30,16,188,2.81,NaN,2.81,0.52,NaN,0.52,0.501,3.052,0.074,0.693,1.314,0.693,200,0,50,0,0,0,18300,1100,11900,100,100,0,,,,,,,,,,
66,91019,SW,2009-10-19,8:50,18,188,7.45,NaN,7.45,-0.32,NaN,-0.32,0.781,4.013,0.067,0.504,2.424,0.504,200,0,50,0,0,0,43300,4600,0,0,1200,0,,,,,,,,,,
67,91026,SW,2009-10-26,8:00,17.5,188,3.44,NaN,3.44,0.82,NaN,0.82,1.169,7.297,0.3,1.308,7.234,1.008,200,0,50,0,0,0,20600,3600,0,0,800,0,,,,,,,,,,
68,91102,SW,2009-11-02,7:25,14.8,188,2.21,NaN,2.21,0.23,NaN,0.23,0.395,1.903,0.046,0.421,0.935,0.421,200,0,50,0,0,0,4100,700,16000,0,0,0,,,,,,,,,,
69,91109,SW,2009-11-09,8:20,16.1,188,4.55,NaN,4.55,1.02,NaN,1.02,0.888,6.647,0.373,0.713,2.604,0.34,200,0,50,0,0,0,80700,4000,300,600,200,0,,,,,,,,,,
70,91116,SW,2009-11-16,8:10,15.2,188,3.9,NaN,3.9,0.23,NaN,0.23,0.49,5.08,0.161,0.792,0.74,0.631,200,0,50,0,0,0,43400,2900,2600,1300,700,0,,,,,,,,,,
71,91123,SW,2009-11-23,9:45,16,188,5.38,NaN,5.38,1.12,NaN,1.12,0.639,5.677,0.304,0.665,3.065,0.36,200,0,50,0,0,0,56400,2000,500,0,800,0,,,,,,,,,,
72,91130,SW,2009-11-30,9:30,16.5,188,0.96,NaN,0.96,0.62,NaN,0.62,0.68,5.108,0.554,2.774,2.727,2.219,200,0,50,0,0,0,4300,400,700,400,0,0,,,,,,,,,,
73,91207,SW,2009-12-07,10:45,NaN,188,2.25,NaN,2.25,0.53,NaN,0.53,0.728,5.806,0.268,2.151,2.678,1.883,200,0,50,200,0,0,16200,800,2200,1700,300,0,,,,,,,,,,
74,91214,SW,2009-12-14,9:40,15,188,1.29,NaN,1.29,1.47,NaN,1.47,0.884,6.531,0.865,1.498,2.754,0.634,200,0,50,0,0,0,4600,500,0,0,0,0,,,,,,,,,,
75,91221,SW,2009-12-21,8:31,13.5,188,1.74,NaN,1.74,1.2,NaN,1.2,0.686,5.424,0.378,1.332,3.865,0.954,200,0,50,20,0,40,1220,80,200,40,40,0,,,,,,,,,,
76,91228,SW,2009-12-28,9:00,14.8,188,1.99,NaN,1.99,1.22,NaN,1.22,0.739,6.663,0.575,2.109,3.865,1.534,200,0,50,0,0,0,3300,500,500,0,1100,0,,,,,,,,,,
77,100104,SW,2010-01-04,9:00,14.8,188,2.25,NaN,2.25,0.76,NaN,0.76,0.593,4.114,0.263,1.367,3.665,1.104,200,0,50,0,0,0,500,400,8900,0,0,0,,,,,,,,,,
78,100111,SW,2010-01-11,9:55,16,188,1,NaN,1,1.25,NaN,1.25,0.913,6.734,0.451,1.845,8.232,1.394,200,0,50,100,0,100,1600,200,2500,200,400,0,,,,,,,,,,
79,100119,SW,2010-01-19,7:15,14.8,188,1.17,NaN,1.17,2.31,NaN,2.31,1.073,5.139,1.388,3.456,2.601,2.069,200,0.05,50,0,0,0,2000,200,0,500,0,0,,,,,,,,,,
80,100125,SW,2010-01-25,8:55,14,188,0.58,NaN,0.58,0.28,NaN,0.28,0.952,8.485,0.498,4.585,3.374,4.087,200,0,50,0,0,0,500,800,0,400,0,0,,,,,,,,,,
81,100201,SW,2010-02-01,10:05,15.2,188,1.48,NaN,1.48,0.69,NaN,0.69,0.765,6.213,0.659,2.25,2.908,1.591,200,0,50,0,0,0,0,0,3900,200,0,0,,,,,,,,,,
82,100208,SW,2010-02-08,7:50,12.5,188,0.56,NaN,0.56,0.74,NaN,0.74,0.998,7.314,0.645,2.639,4.152,1.994,200,0,50,0,0,0,120,20,0,120,20,0,,,,,,,,,,
83,100216,SW,2010-02-16,7:45,13.5,188,1.59,NaN,1.59,1.53,NaN,1.53,0.722,4.681,0.401,1.959,4.104,1.557,200,0,50,0,0,0,0,100,1200,300,0,0,,,,,,,,,,
84,100302,SW,2010-03-02,7:55,15,188,1.86,NaN,1.86,0.83,NaN,0.83,0.752,5.668,0.407,1.864,4.395,1.458,200,0,50,0,0,200,2500,1000,0,800,0,0,,,,,,,,,,
85,100308,SW,2010-03-08,7:35,13.5,188,1.06,NaN,1.06,0.54,NaN,0.54,1.108,7.687,0.424,2.98,4.761,2.555,200,0,50,0,0,0,200,400,6200,900,0,0,,,,,,,,,,
86,100315,SW,2010-03-15,9:30,12.5,188,3.61,NaN,3.61,0.83,NaN,0.83,1.016,11.691,0.295,8.737,3.138,8.441,200,0,50,0,0,100,100,0,25200,1900,0,0,,,,,,,,,,
87,100322,SW,2010-03-22,9:45,14.5,188,3.02,NaN,3.02,7.08,NaN,7.08,1.159,5.87,0.363,2.524,5.053,2.161,200,0,50,0,0,100,0,200,11400,5200,100,0,,,,,,,,,,
88,100329,SW,2010-03-29,8:55,14,188,2.28,NaN,2.28,3.57,NaN,3.57,1.136,4.015,0.35,2.162,4.807,1.812,200,0,50,0,0,1300,1200,3900,2000,1300,200,0,,,,,,,,,,
89,100405,SW,2010-04-05,9:20,13,188,2.23,NaN,2.23,4.45,NaN,4.45,1.489,15.753,0.694,12.626,14.431,11.932,200,0,50,0,0,0,200,900,0,620,0,0,,,,,,,,,,
90,100412,SW,2010-04-12,9:20,14.5,188,2.16,NaN,2.16,1.41,NaN,1.41,NaN,NaN,NaN,NaN,NaN,NaN,200,0,50,0,0,0,40,380,260,240,0,0,,,,,,,,,,
91,100419,SW,2010-04-19,8:56,15.5,188,1.38,NaN,1.38,0.77,NaN,0.77,1.545,25.826,0.452,15.453,1.503,15.001,200,0,50,0,0,20,0,380,1780,1100,0,0,,,,,,,,,,
92,100503,SW,2010-05-03,8:45,13,188,2.67,NaN,2.67,1.17,NaN,1.17,1.304,6.057,0.35,1.361,5.646,1.011,200,0,50,0,0,0,100,0,300,400,0,0,,,,,,,,,,
93,100510,SW,2010-05-10,9:30,14.5,188,0.74,NaN,0.74,1.13,NaN,1.13,1.92,10.276,0.356,6.865,7.101,6.509,200,0,50,0,0,0,0,0,800,11000,0,0,,,,,,,,,,
94,100517,SW,2010-05-17,9:30,13,188,2.25,NaN,2.25,7.28,NaN,7.28,1.548,7.345,0.295,3.661,7.125,3.366,200,0.078,50,0,0,0,0,0,5000,23000,0,0,,,,,,,,,,
95,100524,SW,2010-05-24,9:41,14,188,2.51,NaN,2.51,3.94,NaN,3.94,2.177,18.358,0.374,16.96,11.023,16.586,200,0.28,50,0,0,0,0,0,5600,55800,0,0,,,,,,,,,,
96,100602,SW,2010-06-02,7:55,14.5,188,4.52,NaN,4.52,6.27,NaN,6.27,0.774,4.778,0.168,2.353,6.093,2.186,200,0.12,50,0,0,1800,0,15500,4000,33100,400,0,,,,,,,,,,
97,100607,SW,2010-06-07,10:50,17.5,188,4.1,NaN,4.1,0.9,NaN,0.9,0.192,1.633,0.063,0.526,1.241,0.526,200,0.072,50,0,0,4900,900,27800,0,2600,700,0,,,,,,,,,,
98,100614,SW,2010-06-14,8:15,16.5,188,2.25,NaN,2.25,1.34,NaN,1.34,0.235,2.139,0.037,0.201,0.718,0.201,200,0.36,50,0,0,700,0,1500,43800,21600,0,0,,,,,,,,,,
99,100630,SW,2010-06-30,9:45,16.5,188,1.59,NaN,1.59,1.29,NaN,1.29,1.21,10.129,0.185,1.349,6.941,1.164,200,0.059,50,0,0,0,7300,6300,11400,0,0,0,,,,,,,,,,
100,100706,SW,2010-07-06,8:55,15.5,188,5.43,NaN,5.43,1.09,NaN,1.09,1.055,10.276,0.041,0.268,1.171,0.268,200,0.21,50,0,0,0,16600,5100,0,2100,0,0,,,,,,,,,,
101,100712,SW,2010-07-12,8:45,15,188,6.56,NaN,6.56,0.24,NaN,0.24,1.123,15.897,0.048,0.407,2.206,0.407,200,0.25,50,0,0,1400,42900,17400,0,300,900,0,,,,,,,,,,
102,100719,SW,2010-07-19,9:00,16.5,188,14.06,NaN,14.06,0.12,NaN,0.12,0.629,9.357,0.02,0.139,0.449,0,200,0.053,50,0,0,1500,124600,26800,0,0,900,0,,,,,,,,,,
103,100726,SW,2010-07-26,9:15,15.5,188,7.57,NaN,7.57,-0.06,NaN,-0.06,0.472,3.264,0.04,0.294,1.849,0.294,200,0,50,0,0,4100,27000,17600,0,0,3700,0,,,,,,,,,,
104,100802,SW,2010-08-02,7:55,15,188,4.19,NaN,4.19,2.17,NaN,2.17,0.301,0.012,0.062,0.479,2.772,0.479,200,2.47,50,0,0,0,0,1600,12500,35100,1000,0,,,,,,,,,,
105,100809,SW,2010-08-09,8:25,14,188,4.83,NaN,4.83,2.18,NaN,2.18,0.777,5.673,0.327,5.079,4.122,4.752,200,0.33,50,0,0,900,0,700,19200,63800,1700,0,,,,,,,,,,
106,100819,SW,2010-08-19,8:45,16.5,188,3.76,NaN,3.76,1.09,NaN,1.09,0.32,4.801,0.083,0.443,3.363,0.443,200,0.64,50,0,0,400,0,9500,14300,44400,300,0,,,,,,,,,,
107,100826,SW,2010-08-26,8:55,14,188,11.42,NaN,11.42,3.8,NaN,3.8,1.408,8.555,0.199,0.739,1.859,0.541,200,0.33,50,600,3400,8400,0,5400,9800,142700,1900,0,,,,,,,,,,
108,100907,SW,2010-09-07,9:50,16,188,9.29,NaN,9.29,2.17,NaN,2.17,0.89,14.56,0.367,2.196,3.046,1.829,200,0,50,800,0,2100,0,21200,0,1800,1400,0,,,,,,,,,,
109,100913,SW,2010-09-13,8:00,15,188,6.47,NaN,6.47,1.76,NaN,1.76,0.908,11.598,0.334,2.472,5.673,2.138,200,0,50,12100,0,4500,0,20600,0,0,800,0,,,,,,,,,,
110,100920,SW,2010-09-20,9:05,16.5,188,2.72,NaN,2.72,2.09,NaN,2.09,0.58,4.531,0.181,0.532,3.008,0.35,200,0,50,2900,0,900,0,10200,0,0,3100,0,,,,,,,,,,
111,100927,SW,2010-09-27,8:33,17.5,188,6.11,NaN,6.11,1.01,NaN,1.01,0.633,4.923,0.239,1.142,2.138,0.903,200,0,50,3200,2800,9500,0,15900,0,0,5400,0,,,,,,,,,,
112,101004,SW,2010-10-04,9:00,16.5,188,11.08,NaN,11.08,2.16,NaN,2.16,0.703,5.02,0.21,0.727,5.56,0.517,200,0,50,3200,0,2400,1900,76000,0,0,4700,0,,,,,,,,,,
113,101011,SW,2010-10-11,8:55,17,188,4.08,NaN,4.08,1.67,NaN,1.67,0.735,3.466,0.245,0.893,6.956,0.648,200,0,50,400,0,1400,700,25000,0,0,4700,0,,,,,,,,,,
114,101018,SW,2010-10-18,8:47,17.5,188,3.19,NaN,3.19,0.79,NaN,0.79,0.617,3.568,0.152,0.922,7.671,0.771,200,0,50,700,0,600,0,9800,8800,0,0,0,,,,,,,,,,
115,101025,SW,2010-10-25,8:09,15.5,188,1.85,NaN,1.85,1.14,NaN,1.14,0.667,3.767,0.198,0.873,4.705,0.675,200,0,50,0,0,0,700,5900,223400,0,0,0,,,,,,,,,,
116,101101,SW,2010-11-01,8:25,15,188,4.56,NaN,4.56,1.52,NaN,1.52,0.576,3.593,0.274,1.046,3.171,0.772,200,0.059,50,0,0,0,0,5400,174800,0,700,0,,,,,,,,,,
117,101108,SW,2010-11-08,8:57,15.5,188,1.37,NaN,1.37,1.07,NaN,1.07,1.129,10.561,0.384,1.731,5.607,1.347,200,0,50,2200,0,0,0,2200,5100,0,0,0,,,,,,,,,,
118,101115,SW,2010-11-15,8:19,16,188,4.29,NaN,4.29,1.34,NaN,1.34,0.623,3.78,0.167,0.343,2.036,0.176,200,0,50,1500,0,0,1500,800,138800,15600,0,0,,,,,,,,,,
119,101122,SW,2010-11-22,8:19,12.5,188,0.53,NaN,0.53,1.62,NaN,1.62,0.842,6.533,0.33,0.366,2.121,0.036,200,0,50,0,0,0,0,0,10800,0,0,0,,,,,,,,,,
120,101129,SW,2010-11-29,8:34,11,188,1.09,NaN,1.09,2.27,NaN,2.27,0.516,8.731,0.164,0.686,2.636,0.522,200,0,50,0,0,0,0,0,18200,5100,0,0,,,,,,,,,,
121,101206,SW,2010-12-06,7:53,12.5,188,10.68,NaN,10.68,4.2,NaN,4.2,0.795,9.488,0.258,0.454,3.511,0.196,200,0,50,0,1100,1700,800,3300,2500,15500,0,0,,,,,,,,,,
122,101213,SW,2010-12-13,9:13,13.5,188,6.5,NaN,6.5,1.64,NaN,1.64,0.882,3.564,0.263,1.263,19.538,1,200,0,50,3100,0,1800,0,4000,11100,4200,700,0,,,,,,,,,,
123,110105,SW,2011-01-05,9:00,12,188,1.4,NaN,1.4,1.19,NaN,1.19,1.042,10.974,0.504,6.413,4.38,5.909,188,0,50,1300,0,0,0,0,5600,1300,0,0,,,,,,,,,,
124,110110,SW,2011-01-10,9:29,13.5,188,1.59,NaN,1.59,0.67,NaN,0.67,1.114,10.525,0.573,5.686,19.532,5.113,188,0,50,700,0,0,0,600,5400,0,0,0,,,,,,,,,,
125,110124,SW,2011-01-24,9:05,13,188,1.14,NaN,1.14,0.94,NaN,0.94,0.847,6.426,0.24,0.995,12.122,0.755,188,0.14,50,0,0,0,2500,700,0,6000,0,0,,,,,,,,,,
126,110131,SW,2011-01-31,9:07,14.5,188,0.81,NaN,0.81,0.69,NaN,0.69,0.703,4.831,0.228,1.456,7.477,1.229,188,0,50,0,0,0,700,0,4100,0,0,0,,,,,,,,,,
127,110207,SW,2011-02-07,9:19,14.5,188,2.57,NaN,2.57,0.84,NaN,0.84,0.686,4.388,0.296,1.442,6.265,1.146,188,0.067,50,700,0,0,0,2500,10300,13000,1500,0,,,,,,,,,,
128,110214,SW,2011-02-14,8:52,14,188,4.93,NaN,4.93,0.91,NaN,0.91,0.69,3.415,0.231,0.939,12.165,0.708,188,0.5,50,0,0,900,2900,5700,15200,23500,2800,0,,,,,,,,,,
129,110222,SW,2011-02-22,9:12,12,188,2.17,NaN,2.17,0.36,NaN,0.36,1.152,42.282,0.425,7.963,8.939,7.537,188,0.098,50,0,0,500,0,0,6300,1300,2200,0,,,,,,,,,,
130,110301,SW,2011-03-01,9:16,12,188,1.57,NaN,1.57,0.43,NaN,0.43,0.892,11.556,0.291,6.956,10.73,6.666,188,0.24,50,0,0,0,0,0,10400,4800,0,0,,,,,,,,,,
131,110308,SW,2011-03-08,8:59,13,188,2.02,NaN,2.02,0.79,NaN,0.79,1.637,25.032,0.337,17.18,3.674,16.843,188,2.57,50,0,0,0,0,0,1200,130000,0,0,,,,,,,,,,
132,110316,SW,2011-03-16,9:09,14,188,3.74,NaN,3.74,1.03,NaN,1.03,0.331,1.438,0.093,0.426,4.323,0.426,188,0.29,50,0,0,0,0,0,17900,22700,0,0,,,,,,,,,,
133,110321,SW,2011-03-21,9:31,12,188,4.03,NaN,4.03,1.79,NaN,1.79,1.956,56.238,0.779,24.679,3.689,23.9,188,1.8,50,0,0,0,0,0,4300,56400,0,0,,,,,,,,,,
134,110328,SW,2011-03-28,9:18,13,188,2.97,NaN,2.97,0.17,NaN,0.17,0.406,15.801,0.284,5.035,4.906,4.75,188,1.19,50,0,0,0,0,0,0,63500,0,0,,,,,,,,,,
135,110404,SW,2011-04-04,8:45,13,188,3.14,NaN,3.14,1.01,NaN,1.01,0.996,8.797,0.298,4.297,8.228,3.999,188,0.051,50,0,0,0,0,0,5800,11900,0,0,,,,,,,,,,
136,110411,SW,2011-04-11,9:52,13.5,188,0.35,NaN,0.35,0.59,NaN,0.59,1.899,23.735,0.535,13.81,15.344,13.274,188,0.11,50,0,0,0,0,0,800,5100,0,0,,,,,,,,,,
137,110418,SW,2011-04-18,9:14,15,188,5.06,NaN,5.06,4.32,NaN,4.32,1.171,3.668,0.255,1.365,12.442,1.11,188,9.33,50,0,0,0,0,0,0,82700,0,0,,,,,,,,,,
138,110426,SW,2011-04-26,8:49,13,188,3.07,NaN,3.07,0.98,NaN,0.98,1.565,12.569,0.4,7.519,10.598,7.119,188,0.084,50,0,0,0,0,0,0,10000,0,0,,,,,,,,,,
139,110502,SW,2011-05-02,9:13,15,188,4.58,NaN,4.58,1.72,NaN,1.72,0.129,0.583,0.042,0.083,1.815,0,188,0.094,50,0,0,0,0,0,0,12200,0,0,,,,,,,,,,
140,110509,SW,2011-05-09,7:49,12.5,188,4.46,NaN,4.46,2.02,NaN,2.02,0.909,4.003,0.13,1.116,7.113,0.986,188,0.082,50,0,0,0,0,0,0,8500,0,0,,,,,,,,,,
141,110516,SW,2011-05-16,9:25,13,188,11.1,NaN,11.1,3.4,NaN,3.4,1.923,20.283,0.449,12.558,9.44,12.109,188,0.4,50,0,0,0,0,0,0,7500,0,0,,,,,,,,,,
142,110523,SW,2011-05-23,9:02,15,188,10,NaN,10,5.18,NaN,5.18,0.796,4.657,0.221,1.974,3.058,1.753,188,NA,50,0,0,0,0,0,0,289500,0,0,,,,,,,,,,
143,110531,SW,2011-05-31,11:03,15,188,0.77,NaN,0.77,0.84,NaN,0.84,2.054,27.733,0.379,20.319,6.617,19.94,188,0.28,50,0,0,0,0,0,145900,235700,0,0,,,,,,,,,,
144,110606,SW,2011-06-06,9:53,15,188,2.19,NaN,2.19,1.98,NaN,1.98,0.744,5.053,0.211,1.333,4.426,1.122,188,0.2,50,0,0,0,0,0,26700,115700,0,0,,,,,,,,,,
145,110613,SW,2011-06-13,9:34,16,188,0.49,NaN,0.49,0.26,NaN,0.26,0.238,0.81,0.05,0.244,18.845,0.244,188,0.27,50,0,0,0,0,900,5100,15000,1300,0,,,,,,,,,,
146,110620,SW,2011-06-20,9:01,15.5,188,1.57,NaN,1.57,0.87,NaN,0.87,1.878,8.717,0.326,2.057,13.01,1.731,188,0.74,50,0,0,0,0,0,9000,50000,0,0,,,,,,,,,,
147,110627,SW,2011-06-27,7:10,17,188,1.91,NaN,1.91,1.31,NaN,1.31,0.826,5.362,0.186,0.851,4.861,0.665,188,0,50,0,0,1800,0,5900,0,0,3600,0,,,,,,,,,,
148,110705,SW,2011-07-05,8:20,19,188,1.59,NaN,1.59,1.02,NaN,1.02,0.236,3.711,NaN,0.027,5.129,0,188,0,50,0,0,4800,0,98800,0,0,5300,0,,,,,,,,,,
149,110711,SW,2011-07-11,7:15,18.5,188,8.04,NaN,8.04,0.32,NaN,0.32,0.26,8.323,NaN,0.019,5.323,0,188,0,50,0,0,2800,0,905600,0,0,31600,0,,,,,,,,,,
150,110718,SW,2011-07-18,8:45,18,188,8.51,NaN,8.51,0.5,NaN,0.5,0.621,12.274,NaN,0.156,4.224,0,188,0,50,0,0,1700,0,229000,0,0,11200,0,,,,,,,,,,
151,110725,SW,2011-07-25,8:25,17,188,3.99,NaN,3.99,1.33,NaN,1.33,0.258,2.071,NaN,0.119,9.162,0,188,0.34,50,0,0,0,0,49200,153700,26700,9400,0,,,,,,,,,,
152,110801,SW,2011-08-01,9:28,17,188,3.01,NaN,3.01,0.64,NaN,0.64,0.751,5.453,NaN,0.573,4.848,0.573,188,0.048,50,0,0,0,0,32200,27500,0,4000,0,,,,,,,,,,
153,110808,SW,2011-08-08,8:33,17.5,188,3.57,NaN,3.57,0.77,NaN,0.77,0.331,7.992,NaN,0.415,1.646,0.415,188,0.29,50,0,0,0,0,19300,24900,0,800,0,,,,,,,,,,
154,110815,SW,2011-08-15,9:00,17,188,5.13,NaN,5.13,1.43,NaN,1.43,0.344,3.647,NaN,0.131,1.643,0,188,0.051,50,0,0,3200,0,15000,2300,8300,1800,0,,,,,,,,,,
155,110822,SW,2011-08-22,8:42,17.5,188,1.29,NaN,1.29,1.12,NaN,1.12,0.823,9.144,NaN,0.579,10.504,0.579,188,0.054,50,0,0,800,0,3000,4700,3700,1200,0,,,,,,,,,,
156,110829,SW,2011-08-29,7:25,16,188,2.24,NaN,2.24,1.8,NaN,1.8,0.988,8.757,NaN,0.946,4.627,0.946,188,0,50,0,0,1300,0,65100,39000,4700,17700,0,,,,,,,,,,
157,110906,SW,2011-09-06,9:45,16.5,188,1.12,NaN,1.12,2.2,NaN,2.2,1.155,8.087,NaN,2.12,9.488,2.12,188,0,50,0,0,600,0,3300,5000,0,900,0,,,,,,,,,,
158,110915,SW,2011-09-15,7:00,17.5,188,1.94,NaN,1.94,1.29,NaN,1.29,0.432,2.896,NaN,0.274,4.488,0.274,188,0,50,0,0,1000,0,4400,0,0,1400,0,,,,,,,,,,
159,110919,SW,2011-09-19,7:50,17,188,7.55,NaN,7.55,0.82,NaN,0.82,0.491,3.354,NaN,0.189,2.42,0,188,0.051,50,0,0,900,700,22200,0,0,54500,0,,,,,,,,,,
160,110926,SW,2011-09-26,9:30,17,188,2.36,NaN,2.36,0.6,NaN,0.6,0.423,3.335,NaN,0.519,7.407,0.519,188,0.069,50,0,0,1114,371,5198,0,4084,6683,0,,,,,,,,,,
161,111003,SW,2011-10-03,10:00,20,188,2.81,NaN,2.81,0.66,NaN,0.66,0.631,5.345,NaN,0.398,3.921,0.398,188,0,50,0,0,0,743,13365,3713,5569,743,0,,,,,,,,,,
162,111010,SW,2011-10-10,10:00,15,188,5.48,NaN,5.48,0.85,NaN,0.85,0.583,9.329,NaN,3.773,2.535,3.773,188,0.7,50,0,0,743,2228,94300,17820,86875,3713,0,,,,,,,,,,
163,111017,SW,2011-10-17,10:20,18,188,2.97,NaN,2.97,0.51,NaN,0.51,0.572,9.454,NaN,0.633,4.515,0.633,188,0,50,0,0,4455,15593,79449,1856,0,1114,0,,,,,,,,,,
164,111024,SW,2011-10-24,10:15,17,188,7.55,NaN,7.55,0.67,NaN,0.67,0.318,5.213,NaN,0.139,NaN,0,188,0,50,0,0,1485,31557,164096,0,0,5940,0,,,,,,,,,,
165,111031,SW,2011-10-31,12:00,17,188,2.32,NaN,2.32,0.47,NaN,0.47,0.41,5.508,0.035,0.448,4.69,0.448,188,0,50,0,0,371,2228,4455,2599,2599,0,0,,,,,,,,,,
166,111107,SW,2011-11-07,9:20,13,188,0.51,NaN,0.51,0.7,NaN,0.7,1.251,16.545,0.561,9.386,12.538,8.826,188,0,50,0,0,0,2599,1485,1485,743,0,0,,,,,,,,,,
167,111114,SW,2011-11-14,10:00,14,188,8.11,NaN,8.11,0.69,NaN,0.69,0.404,6.341,0.124,1.059,4.138,0.935,188,0,50,371,0,1485,8910,10395,1485,371,2970,0,,,,,,,,,,
168,111121,SW,2011-11-21,10:45,15,188,1.57,NaN,1.57,1.13,NaN,1.13,1.035,7.195,0.15,1.125,11.545,0.975,188,0,50,0,0,8353,0,0,232,2320,0,696,,,,,,,,,,
169,111127,SW,2011-11-27,12:00,15,188,1.22,NaN,1.22,0.71,NaN,0.71,0.471,3.93,0.11,0.666,3.188,0.556,188,0,50,0,0,464,0,0,4409,464,232,0,,,,,,,,,,
170,111207,SW,2011-12-07,3:45,16,188,1.09,NaN,1.09,0.63,NaN,0.63,0.559,5.731,0.215,2.007,2.456,1.791,188,0,50,0,0,120,0,80,80,0,1040,0,,,,,,,,,,
171,111212,SW,2011-12-12,11:30,14,188,4.88,NaN,4.88,0.91,NaN,0.91,0.495,4.533,0.14,1.03,2.605,0.891,188,0,50,0,0,464,232,696,4409,1160,1624,0,,,,,,,,,,
172,111218,SW,2011-12-18,11:45,15,188,1.32,NaN,1.32,0.79,NaN,0.79,0.577,3.617,0.155,0.919,7.141,0.764,188,0,50,0,0,0,0,0,3481,10906,232,0,,,,,,,,,,
173,111227,SW,2011-12-27,9:05,13,188,0.98,NaN,0.98,1.17,NaN,1.17,0.707,5.877,0.284,1.98,6.514,1.697,188,0,50,0,0,0,0,40,0,160,40,0,,,,,,,,,,
174,120102,SW,2012-01-02,10:30,14.5,188,0.61,NaN,0.61,0.7,NaN,0.7,0.677,6.229,0.306,2.619,39.209,2.313,188,0,50,0,0,0,0,20,480,120,0,0,,,,,,,,,,
175,120109,SW,2012-01-09,10:45,15,188,0.85,NaN,0.85,0.63,NaN,0.63,0.643,6.473,0.376,2.34,12.817,1.964,188,0,50,0,0,0,0,0,7193,9978,0,0,,,,,,,,,,
176,120116,SW,2012-01-16,13:30,14,188,1.96,NaN,1.96,0.49,NaN,0.49,0.271,3.348,0.081,0.498,40.207,0.498,188,0,50,0,0,696,0,0,6729,10906,2088,0,,,,,,,,,,
177,120123,SW,2012-01-23,11:00,14,188,1.05,NaN,1.05,0.78,NaN,0.78,0.611,7.083,0.234,3.324,2.639,3.09,188,0,50,0,0,80,0,0,920,280,120,0,,,,,,,,,,
178,120130,SW,2012-01-30,10:00,14,188,5.1,NaN,5.1,-0.11,NaN,-0.11,0.321,2.064,0.088,0.656,9.554,0.656,188,0.15,50,0,0,0,0,0,107665,113698,0,0,,,,,,,,,,
179,120206,SW,2012-02-06,9:15,14,188,1.55,NaN,1.55,0.81,NaN,0.81,1.912,1.559,0.129,0.54,19.823,0.411,188,0.11,50,232,0,0,0,0,9978,51048,232,0,,,,,,,,,,
180,120213,SW,2012-02-13,9:30,16,188,0.82,NaN,0.82,0.76,NaN,0.76,0.654,5.756,0.195,1.602,24.027,1.407,188,0,50,0,0,40,0,0,80,0,560,0,,,,,,,,,,
181,120221,SW,2012-02-21,7:00,13,188,1.78,NaN,1.78,1.11,NaN,1.11,0.706,9.617,0.165,4.404,30.393,4.239,188,0,50,0,0,232,0,232,16243,928,1160,0,,,,,,,,,,
182,120228,SW,2012-02-28,11:20,13,188,0.32,NaN,0.32,0.41,NaN,0.41,1.449,13.158,0.319,6.405,6.616,6.087,188,0,100,0,0,0,0,0,40,0,0,0,,,,,,,,,,
183,120305,SW,2012-03-05,10:15,13,188,0.36,NaN,0.36,0.36,NaN,0.36,1.297,17.016,0.428,13.501,17.013,13.073,188,0,100,0,0,0,0,0,0,0,0,0,,,,,,,,,,
184,120313,SW,2012-03-13,2:45,15,188,0.67,NaN,0.67,0.47,NaN,0.47,1.548,18.45,0.373,12.436,6.325,12.063,188,0,50,0,0,0,0,0,0,80,0,0,,,,,,,,,,
185,120319,SW,2012-03-19,11:25,12,188,0.65,NaN,0.65,1.03,NaN,1.03,1.652,21.397,0.329,15.243,8.205,14.914,188,0,50,0,0,0,0,0,0,40,0,0,,,,,,,,,,
186,120326,SW,2012-03-26,12:30,13,188,3.65,NaN,3.65,1.24,NaN,1.24,0.614,5.74,0.072,2.189,6.186,2.189,188,0.046,50,0,0,232,0,0,0,16011,0,0,,,,,,,,,,
187,120402,SW,2012-04-02,10:20,14,188,1.87,NaN,1.87,1.43,NaN,1.43,1.068,5.36,0.137,4.017,10.153,3.879,188,0,50,0,0,40,0,0,0,200,0,0,,,,,,,,,,
188,120409,SW,2012-04-09,10:30,13,188,1.31,NaN,1.31,0.58,NaN,0.58,1.692,11.125,0.419,13.739,8.435,13.32,188,0,50,0,0,0,0,0,0,160,0,0,,,,,,,,,,
189,120416,SW,2012-04-16,11:20,13,188,0.22,NaN,0.22,0.46,NaN,0.46,1.755,24.104,0.347,20.741,8.11,20.394,188,0,100,0,0,0,0,0,0,0,0,0,,,,,,,,,,
190,120423,SW,2012-04-23,10:45,14,188,4.46,NaN,4.46,0.96,NaN,0.96,1.156,15.153,0.259,10.647,3.232,10.388,188,0,100,0,0,20,0,0,180,0,0,0,,,,,,,,,,
191,120430,SW,2012-04-30,10:30,15,188,4.77,NaN,4.77,1.45,NaN,1.45,0.342,7.976,0.026,0.854,1.056,0.854,188,0,50,0,0,696,0,0,0,3713,232,0,,,,,,,,,,
192,120507,SW,2012-05-07,9:45,16,188,1.32,NaN,1.32,0.53,NaN,0.53,0.437,1.879,0.026,0.687,9.897,0.687,188,0,50,0,0,464,0,0,0,10210,464,0,,,,,,,,,,
193,120514,SW,2012-05-14,10:20,14,188,0.51,NaN,0.51,0.22,NaN,0.22,0.315,0.888,0.146,0.838,184.472,0.692,188,0,50,0,0,0,0,0,0,464,696,0,,,,,,,,,,
194,120521,SW,2012-05-21,10:45,16,188,1.67,NaN,1.67,0.46,NaN,0.46,0.22,0.069,0.057,0.32,78.159,0.32,188,NA,50,0,0,0,0,0,928,25524,0,0,,,,,,,,,,
195,120531,SW,2012-05-31,10:15,15,188,3.43,NaN,3.43,1.61,NaN,1.61,0.623,1.66,0.115,0.624,3.582,0.51,188,0.14,50,0,0,1485,0,0,2970,37868,0,0,,,,,,,,,,
196,120607,SW,2012-06-07,16:30,NaN,188,1.37,NaN,1.37,0.5,NaN,0.5,1.017,2.656,0.173,0.762,37.715,0.588,188,0.064,50,0,0,0,0,232,9049,9746,696,0,,,,,,,,,,
197,120612,SW,2012-06-12,10:30,17,188,3.13,NaN,3.13,1.04,NaN,1.04,0.647,4.879,0.096,0.457,90.501,0.457,188,0,50,0,0,2320,0,6497,23668,17171,10442,0,,,,,,,,,,
198,120618,SW,2012-06-18,NaN,NaN,188,1.45,NaN,1.45,0.58,NaN,0.58,1.102,6.562,0.105,0.386,13.48,0.281,188,0,50,0,0,1392,0,2552,1392,0,4177,0,,,,,,,,,,
199,120625,SW,2012-06-25,9:45,18,188,0.86,NaN,0.86,0.34,NaN,0.34,0.421,4.05,0.032,0.231,4.214,0.231,188,0,50,0,0,0,464,6265,6033,7657,6265,0,,,,,,,,,,
200,120703,SW,2012-07-03,13:00,17,188,1.03,NaN,1.03,0.52,NaN,0.52,0.741,4.9,0.076,0.396,3.552,0.396,188,0.063,50,0,0,464,0,8585,13226,3945,8817,0,,,,,,,,,,
201,120709,SW,2012-07-09,10:15,15.5,188,1.91,NaN,1.91,0.76,NaN,0.76,1.008,4.239,0.189,2.107,18.658,1.918,188,NA,50,0,0,0,0,464,1392,239926,2320,0,,,,,,,,,,
202,120717,SW,2012-07-17,12:15,17,188,3.38,NaN,3.38,0.76,NaN,0.76,0.32,2.18,0.095,0.327,0.944,0.327,188,0.15,50,0,0,464,232,85390,0,5801,23900,0,,,,,,,,,,
203,120723,SW,2012-07-23,10:15,17,188,2.51,NaN,2.51,0.8,NaN,0.8,0.551,5.308,0.121,0.461,4.703,0.34,188,0.091,50,0,0,696,0,77964,464,4641,6497,0,,,,,,,,,,
204,120730,SW,2012-07-30,10:15,16,188,1.74,NaN,1.74,0.92,NaN,0.92,0.289,0.345,0.069,0.248,1.24,0.248,188,1.49,50,0,0,928,232,16939,3249,64274,1624,0,,,,,,,,,,
205,120806,SW,2012-08-06,12:15,18.5,188,2.06,NaN,2.06,0.63,NaN,0.63,0.135,4.533,0.092,0.228,400,0.228,188,0,50,0,0,22276,1392,62418,0,464,3945,0,,,,,,,,,,
206,120814,SW,2012-08-14,8:30,17,188,1.75,NaN,1.75,0.43,NaN,0.43,0.256,1.64,0.039,0.127,7.905,0,188,0,50,0,0,12994,3713,70075,1856,928,7425,0,PN calculations 2012(ish),,,,,,,,,
207,120820,SW,2012-08-20,12:30,20,188,2.52,NaN,2.52,0.49,NaN,0.49,0.407,2.922,0.046,0.193,2.697,0,188,0.24,50,0,0,1856,0,928,11138,55225,0,0,annual max,188,100,371.26,0,22275.52,263593.71,164096.36,107665.03,239925.96
208,120827,SW,2012-08-27,9:45,17,188,0.99,NaN,0.99,0.31,NaN,0.31,0.274,1.884,0.072,0.249,1.119,0.249,188,0,50,0,0,232,232,6961,15778,2088,696,0, annual min,0.05,50,0,0,0,0,0,0,0
209,120904,SW,2012-09-04,9:25,17,188,1.72,NaN,1.72,0.74,NaN,0.74,0.81,8.244,0.149,0.65,7.363,0.501,188,0,50,0,0,232,3713,53600,0,0,928,0,annual mean,29.17,53.77,11.38,0,1351.47,6418.22,17531.48,5390.56,15362.94
210,120910,SW,2012-09-10,9:45,16,188,1.92,NaN,1.92,0.72,NaN,0.72,0.738,5.394,0.103,0.378,3.682,0.275,188,188,50,0,0,1392,928,118803,928,5569,1856,0,annual median,0.15,50,0,0,232.04,0,232,928.15,1160.18
211,120918,SW,2012-09-18,10:45,17,188,0.96,NaN,0.96,0.44,NaN,0.44,0.452,4.114,0.079,0.282,14.721,0.282,188,188,50,0,0,0,464,928,4641,4177,2784,0,,,,,,,,,,
212,120924,SW,2012-09-24,8:15,18,188,9.11,NaN,9.11,0.66,NaN,0.66,0.585,7.545,0.103,0.279,2.077,0.176,188,0,50,0,0,4455,263594,53461,0,0,31928,0,,,,,,,,,,
213,121001,SW,2012-10-01,9:20,18,188,0.65,NaN,0.65,0.46,NaN,0.46,0.364,4.234,0.092,0.208,1.615,0.208,188,0,50,0,0,0,464,232,1624,5337,0,0,max,188,100,42000,14700,22275.52448,263593.7063,905600,539800,345000
214,121008,SW,2012-10-08,8:45,18,188,0.7,NaN,0.7,0.28,NaN,0.28,0.243,2.927,0.011,0.035,0.745,0,188,0,50,0,0,0,1392,1624,0,464,3713,0,min,0.042,50,0,0,0,0,0,0,0
215,121015,SW,2012-10-15,8:45,18,188,1.55,NaN,1.55,0.69,NaN,0.69,0.543,5.052,0.128,0.483,2.065,0.355,188,0,50,0,0,0,1392,1624,0,464,3713,0,mean,5.546648649,50.91743119,725.4738324,177.3853211,816.3022872,5197.722846,21247.21542,18484.89645,16329.0233
216,121022,SW,2012-10-22,8:30,18,188,1.7,NaN,1.7,0.52,NaN,0.52,0.357,5.024,0.045,0.11,0.689,0,188,0,50,0,0,0,4641,5801,928,0,4177,0,median,0.16,50,0,0,60,0,2000,1740,1390
217,121029,SW,2012-10-29,8:30,17,188,0.56,NaN,0.56,0.25,NaN,0.25,0.38,3.353,0.046,0.331,1.487,0.331,188,0,50,0,0,0,200,0,3600,1480,720,0,,,,,,,,,,
218,121105,SW,2012-11-05,8:30,15,188,1.14,NaN,1.14,0.84,NaN,0.84,0.677,5.506,0.166,0.67,2.662,0.504,188,0,50,0,0,232,6961,1856,17867,1624,0,0,,,,,,,,,,
219,121112,SW,2012-11-12,10:30,14,188,0.33,NaN,0.33,0.47,NaN,0.47,0.965,10.548,0.455,7.109,88.776,6.654,188,0,50,0,0,0,160,40,5600,80,0,0,,,,,,,,,,
220,121119,SW,2012-11-19,9:00,15,188,0.63,NaN,0.63,1,NaN,1,0.39,2.663,0.135,0.625,2.297,0.49,188,0,50,0,0,0,0,0,6265,10210,0,0,,,,,,,,,,
221,121126,SW,2012-11-26,9:00,16,188,1.3,NaN,1.3,0.55,NaN,0.55,0.325,2.073,0.071,0.373,2.572,0.373,188,0,50,0,0,320,680,200,800,0,5840,0,,,,,,,,,,
222,121204,SW,2012-12-04,8:00,12,188,2.52,NaN,2.52,0.67,NaN,0.67,0.476,3.254,0.15,0.699,26.998,0.549,188,0,50,0,0,116,116,580,0,0,21231,0,,,,,,,,,,
223,121210,SW,2012-12-10,8:00,14,188,2.12,NaN,2.12,0.94,NaN,0.94,0.451,5.966,0.219,0.928,21.018,0.709,188,0,50,0,0,180,60,440,280,0,3040,0,,,,,,,,,,
224,121217,SW,2012-12-17,8:00,14,188,3.04,NaN,3.04,2.03,NaN,2.03,0.375,4.894,0.241,1.332,10.142,1.091,188,0,50,0,0,0,464,1624,4641,0,5337,0,,,,,,,,,,
225,121227,SW,2012-12-27,10:05,14,188,3.48,NaN,3.48,1.89,NaN,1.89,0.364,3.503,0.172,1.91,3.776,1.738,188,0,50,0,0,0,0,0,18099,928,1392,0,,,,,,,,,,
226,130104,SW,2013-01-04,10:30,10,188,2.25,NaN,2.25,1.28,NaN,1.28,0.417,3.922,0.193,1.884,13.471,1.691,188,0.2,50,0,0,0,0,0,19723,10442,3481,0,,,,,,,,,,
227,130114,SW,2013-01-14,8:00,11,188,0.73,NaN,0.73,2.35,NaN,2.35,0.88,9.93,0.33,7.177,4.803,6.847,188,0,50,0,0,0,0,0,0,200,160,0,,,,,,,,,,
228,130121,SW,2013-01-21,11:30,11,188,1.5,NaN,1.5,1.23,NaN,1.23,0.939,11.888,0.318,7.055,4.502,6.737,188,0,50,0,0,40,40,0,1200,0,0,0,,,,,,,,,,
229,130128,SW,2013-01-28,8:10,10,188,0.84,NaN,0.84,0.93,NaN,0.93,0.543,5.328,0.129,2.824,3.049,2.695,188,0,50,0,0,40,0,40,160,0,40,0,,,,,,,,,,
230,130204,SW,2013-02-04,9:00,13,188,2.73,NaN,2.73,1.06,NaN,1.06,0.476,6.54,0.095,1.721,27.716,1.721,188,0,50,0,0,60,20,40,0,0,80,0,,,,,,,,,,
231,130211,SW,2013-02-11,8:30,10,188,0.42,NaN,0.42,0.46,NaN,0.46,0.752,10.08,0.316,8.326,9.939,8.01,188,0,50,0,0,0,0,20,300,80,0,0,,,,,,,,,,
232,130218,SW,2013-02-18,8:10,11,188,0.71,NaN,0.71,0.74,NaN,0.74,0.691,9.19,0.268,5.097,2.547,4.829,188,0,50,0,0,0,0,0,120,0,0,0,,,,,,,,,,
233,130225,SW,2013-02-25,8:30,11,188,2.29,NaN,2.29,0.92,NaN,0.92,0.769,12.469,0.368,9.786,0.949,9.417,188,0,50,0,0,0,0,0,928,0,0,0,,,,,,,,,,
234,130304,SW,2013-03-04,9:00,15,188,5.14,NaN,5.14,0.71,NaN,0.71,0.224,5.032,0.052,0.581,2.355,0.581,188,0,50,0,0,0,0,0,0,2320,0,0,,,,,,,,,,
235,130312,SW,2013-03-12,8:30,12,188,0.58,NaN,0.58,0.49,NaN,0.49,1.044,16.553,0.386,12.089,4.506,11.702,188,0,50,0,0,0,0,0,0,0,0,0,,,,,,,,,,
236,130318,SW,2013-03-18,8:30,12,188,5.36,NaN,5.36,1.42,NaN,1.42,0.336,1.019,0.042,0.143,2.776,0,188,0,50,0,0,464,0,0,0,19491,0,0,,,,,,,,,,
237,130325,SW,2013-03-25,9:30,14,188,1.54,NaN,1.54,2.51,NaN,2.51,0.716,5.464,0.103,0.496,4.796,0.393,188,0,50,0,0,1856,0,0,928,0,464,0,,,,,,,,,,
238,130401,SW,2013-04-01,7:15,13,188,0.82,NaN,0.82,0.88,NaN,0.88,0.982,5.325,0.14,1.258,5.627,1.118,188,0,50,0,0,40,0,120,480,1640,40,0,,,,,,,,,,
239,130408,SW,2013-04-08,8:30,12,188,1.27,NaN,1.27,1.5,NaN,1.5,1.013,10.853,0.212,7.168,4.79,6.956,188,0.047,50,0,0,0,0,0,26220,0,0,0,,,,,,,,,,
240,130415,SW,2013-04-15,8:30,NA,188,8.98,NaN,8.98,1.8,NaN,1.8,0.694,8.53,0.185,7.613,3.432,7.428,188,0.37,50,0,0,0,0,0,184701,117411,0,0,,,,,,,,,,
241,130422,SW,2013-04-22,8:00,15,188,5.06,NaN,5.06,0.83,NaN,0.83,0.306,0.279,0.109,0.449,2.647,0.34,188,4.42,50,0,0,464,0,0,5569,143863,464,0,,,,,,,,,,
242,130429,SW,2013-04-29,8:20,15,188,1.56,NaN,1.56,0.71,NaN,0.71,0.372,2.364,0.144,0.582,3.777,0.437,188,0.07,50,0,0,3249,928,6961,0,2552,11138,0,,,,,,,,,,
243,130506,SW,2013-05-06,8:00,16,188,1.52,NaN,1.52,1.15,NaN,1.15,0.208,2.131,0.069,0.748,12.017,0.748,188,0,50,0,0,1840,120,2880,240,280,440,0,,,,,,,,,,
244,130513,SW,2013-05-13,8:30,15,188,1.55,NaN,1.55,0.19,NaN,0.19,0.178,0.38,0.066,0.167,76.286,0,188,0.22,50,0,0,928,0,0,5337,5569,2088,0,,,,,,,,,,
245,130520,SW,2013-05-20,8:30,20,188,1.11,NaN,1.11,0.41,NaN,0.41,0.466,2.196,0.102,0.217,1.463,0.116,188,0.53,50,0,0,0,0,0,1856,50584,928,0,,,,,,,,,,
246,130528,SW,2013-05-28,9:00,17,188,3.2,NaN,3.2,0.43,NaN,0.43,0.284,2.228,0.113,0.532,29.103,0.42,188,0.045,50,0,928,928,0,0,11834,1392,1160,0,,,,,,,,,,
247,130603,SW,2013-06-03,8:30,16,188,3.52,NaN,3.52,1.02,NaN,1.02,0.279,2.287,0.075,0.554,6.076,0.554,188,0,50,0,3713,2784,464,1856,43159,2320,2784,0,,,,,,,,,,
248,130610,SW,2013-06-10,8:30,17,188,0.96,NaN,0.96,0.36,NaN,0.36,0.14,1.287,0.026,0.131,1.333,0,188,0.05,50,0,0,232,0,0,10674,3481,696,0,,,,,,,,,,
249,130617,SW,2013-06-17,9:00,17,188,1.67,NaN,1.67,0.3,NaN,0.3,0.077,3.363,0.047,0.116,11.385,0,188,0,50,0,0,480,0,440,2560,0,8040,0,,,,,,,,,,
250,130624,SW,2013-06-24,9:00,16,188,2.06,NaN,2.06,0.28,NaN,0.28,0.046,4.613,0.036,0.061,0.687,0,188,0,50,0,0,0,0,1392,59401,1856,5105,0,,,,,,,,,,
251,130701,SW,2013-07-01,0:00,21,188,2.1,NaN,2.1,0.2,NaN,0.2,NaN,NaN,NaN,NaN,NaN,NaN,188,0,50,0,0,232,464,0,0,464,464,0,,,,,,,,,,
252,130709,SW,2013-07-09,8:00,17,188,5.81,NaN,5.81,0.23,NaN,0.23,0.242,8.769,0.079,0.334,1.125,0.334,188,0,50,0,0,464,26916,92815,0,1856,6033,0,,,,,,,,,,
253,130715,SW,2013-07-15,9:00,18,188,3.08,NaN,3.08,0.34,NaN,0.34,0.181,9.454,0.011,0.022,0.88,0,188,0,50,0,0,464,5569,86782,928,0,8817,0,,,,,,,,,,
254,130723,SW,2013-07-23,7:15,16,188,2.83,NaN,2.83,0.54,NaN,0.54,0.614,7.984,0.259,2.344,2.856,2.085,188,0.36,50,0,0,0,0,2784,12066,91422,928,0,,,,,,,,,,
255,130729,SW,2013-07-29,8:00,15,188,3.12,NaN,3.12,0.5,NaN,0.5,0.43,9.829,0.184,1.446,3.275,1.262,188,0,50,0,0,464,0,103024,8817,1856,928,0,,,,,,,,,,
256,130805,SW,2013-08-05,8:00,16,188,6.94,NaN,6.94,0.29,NaN,0.29,0.168,6.853,0.035,0.041,1.057,0,188,0,50,0,0,11602,0,442262,4641,0,17635,0,,,,,,,,,,
257,130812,SW,2013-08-12,8:30,18,188,1.32,NaN,1.32,0.76,NaN,0.76,0.508,4.703,0.218,0.814,4.441,0.596,188,0,50,0,0,0,0,6497,9746,0,928,0,,,,,,,,,,
258,130819,SW,2013-08-19,8:30,17,188,1.39,NaN,1.39,0.3,NaN,0.3,0.133,1.556,0.046,0.062,7.793,0,188,0,50,0,0,928,0,12994,0,0,4177,0,,,,,,,,,,
259,130826,SW,2013-08-26,8:15,18,188,1.52,NaN,1.52,0.82,NaN,0.82,0.326,4.208,0.068,0.351,1.569,0.351,188,0,50,0,0,464,0,2320,1624,2784,464,0,,,,,,,,,,
260,130903,SW,2013-09-03,9:00,16,188,0.88,NaN,0.88,0.16,NaN,0.16,0.135,0.712,0.082,0.409,3.086,0.409,188,0.08,50,0,0,928,0,928,0,7425,23668,6497,,,,,,,,,,
261,130910,SW,2013-09-10,6:30,17,188,1.62,NaN,1.62,0.35,NaN,0.35,0.271,1.104,0.101,0.359,2.892,0.258,188,0,50,0,0,928,0,22740,3713,0,5105,0,,,,,,,,,,
262,130916,SW,2013-09-16,8:15,17,188,2.89,NaN,2.89,0.37,NaN,0.37,0.505,4.987,0.14,0.422,1.357,0.283,188,0,50,0,0,2320,928,58009,0,0,15778,0,,,,,,,,,,
263,130923,SW,2013-09-23,8:15,16,188,1.21,NaN,1.21,0.46,NaN,0.46,0.463,3.796,0.135,0.69,7.045,0.556,188,0,50,0,0,696,696,16011,1624,0,3249,0,,,,,,,,,,
264,131001,SW,2013-10-01,8:15,16,188,1.42,NaN,1.42,0.57,NaN,0.57,0.577,2.852,0.165,0.561,41.729,0.396,188,0,50,0,0,928,0,6961,11602,3249,8353,0,,,,,,,,,,
265,131007,SW,2013-10-07,8:00,16,188,1.02,NaN,1.02,0.44,NaN,0.44,0.655,2.612,0.143,0.666,1.805,0.523,188,0,50,0,0,0,1392,6961,3249,0,1856,0,,,,,,,,,,
266,131014,SW,2013-10-14,8:00,16,188,0.93,NaN,0.93,0.3,NaN,0.3,0.345,2.358,0.106,0.47,1.792,0.364,630,0,50,0,0,0,80,80,320,0,320,0,,,,,,,,,,
267,131021,SW,2013-10-21,7:30,17,188,2.36,NaN,2.36,0.3,NaN,0.3,0.432,3.428,0.129,0.424,4.597,0.295,188,0,50,0,0,0,1392,19491,0,0,4873,0,,,,,,,,,,
268,131028,SW,2013-10-28,7:30,16,188,1.64,NaN,1.64,0.72,NaN,0.72,0.361,4.15,0.135,0.535,1.247,0.4,188,0,50,0,0,0,0,2320,0,0,464,0,,,,,,,,,,
269,131104,SW,2013-11-04,8:00,17,188,2.61,NaN,2.61,1.26,NaN,1.26,0.478,5.282,0.197,0.528,4.484,0.331,188,0,50,0,0,0,0,3249,2784,0,464,0,,,,,,,,,,
270,131111,SW,2013-11-11,8:15,15,188,1.25,NaN,1.25,0.59,NaN,0.59,0.629,5.039,0.138,0.883,10.341,0.745,188,0,50,0,0,0,232,9514,3016,0,464,0,,,,,,,,,,
271,131118,SW,2013-11-18,8:15,16,188,1.66,NaN,1.66,0.78,NaN,0.78,0.449,3.764,0.058,0.509,2.153,0.509,188,0,50,0,0,232,464,1160,9746,928,464,0,,,,,,,,,,
272,131125,SW,2013-11-25,8:15,15,188,1.3,NaN,1.3,0.17,NaN,0.17,0.568,3.811,0.159,0.681,2.184,0.522,188,0,50,0,0,0,0,0,17171,0,0,0,,,,,,,,,,
273,131202,SW,2013-12-02,8:15,15,188,2.51,NaN,2.51,0.63,NaN,0.63,0.479,3.322,0.144,0.995,3.392,0.851,188,0,50,0,0,696,0,2784,4409,0,2552,0,,,,,,,,,,
274,131209,SW ,2013-12-09,8:30,15,188,1.49,NaN,1.49,0.31,NaN,0.31,0.537,4.449,0.203,1.346,1.424,1.144,188,0,50,0,0,120,40,80,480,0,80,1040,,,,,,,,,,
275,131216,SW,2013-12-16,9:00,14,188,1.85,NaN,1.85,0.51,NaN,0.51,0.552,5.446,0.264,2.236,1.548,1.972,188,0,50,0,0,0,0,0,2088,696,0,464,,,,,,,,,,
276,140105,SW,2014-01-05,8:15,14,188,1.01,NaN,1.01,0.57,NaN,0.57,0.449,4.214,0.218,0.802,4.882,0.584,188,0,50,0,0,80,40,80,800,0,120,0,,,,,,,,,,
277,140113,SW,2014-01-13,8:00,13,188,1.71,NaN,1.71,0.85,NaN,0.85,0.297,3.653,0.078,0.368,250,0.368,188,0,50,0,0,0,0,0,464,0,0,0,,,,,,,,,,
278,140120,SW,2014-01-20,8:00,15,188,1.38,NaN,1.38,0.97,NaN,0.97,0.367,4.43,0.12,0.641,44.217,0.521,188,0,50,0,0,0,0,0,2784,0,4641,0,,,,,,,,,,
279,140127,SW,2014-01-27,8:15,14,188,0.63,NaN,0.63,1.19,NaN,1.19,0.463,4.661,0.184,0.71,29.079,0.526,188,0,50,0,0,0,0,0,464,0,0,0,,,,,,,,,,
280,140203,SW,2014-02-03,8:00,9,188,0.92,NaN,0.92,0.54,NaN,0.54,0.541,5.521,0.212,1.121,11.105,0.909,188,0,50,0,0,0,0,0,928,0,464,0,,,,,,,,,,
281,140210,SW,2014-02-10,8:00,14,188,2.55,NaN,2.55,0.4,NaN,0.4,0.248,2.299,0.076,1.269,115.724,1.269,188,0,50,0,0,0,0,0,11602,928,0,0,,,,,,,,,,
282,140217,SW,2014-02-17,7:30,11,188,0.87,NaN,0.87,0.39,NaN,0.39,0.245,0.515,0.029,0.359,14.35,0.359,188,0,50,0,0,0,0,0,1392,8817,0,0,,,,,,,,,,
283,140304,SW,2014-03-04,8:00,14,188,1.56,NaN,1.56,0.65,NaN,0.65,0.416,3.631,0.111,1.961,4.824,1.85,188,0,50,0,0,0,0,0,4177,0,928,0,,,,,,,,,,
284,140310,SW,2014-03-10,8:15,15,188,2.89,NaN,2.89,0.64,NaN,0.64,0.194,2.938,0.032,0.204,0.36,0.204,188,0,50,0,0,464,0,5105,11602,0,3249,0,,,,,,,,,,
285,140317,SW,2014-03-17,8:00,15,188,1.76,NaN,1.76,1.99,NaN,1.99,0.842,4.861,0.221,0.388,4.719,0.167,188,0,50,0,0,232,0,1624,1856,0,232,0,,,,,,,,,,
286,140324,SW,2014-03-24,7:45,16,188,1.32,NaN,1.32,1.11,NaN,1.11,0.967,7.791,0.184,1.254,23.441,1.069,188,0,50,0,0,0,0,2784,12762,0,0,0,,,,,,,,,,
287,140331,SW,2014-03-31,8:00,12,188,0.97,NaN,0.97,1.62,NaN,1.62,1.319,14.033,0.718,12.287,51.96,11.569,188,0,50,0,0,0,0,0,30629,0,0,0,,,,,,,,,,
288,140407,SW,2014-04-07,8:15,NA,188,11.72,NaN,11.72,0.34,NaN,0.34,0.472,5.824,0.218,4.984,6.411,4.766,188,0,50,0,0,0,0,5198,785583,17820,0,0,,,,,,,,,,
289,140415,SW,2014-04-15,9:15,14,188,1.66,NaN,1.66,0.09,NaN,0.09,0.303,2.07,0.029,1.159,10.744,1.159,188,0,50,0,0,0,0,2320,0,63578,464,0,,,,,,,,,,
290,140421,SW,2014-04-21,6:30,13,188,1.03,NaN,1.03,1.72,NaN,1.72,0.594,4.267,0.158,1.319,13.149,1.161,188,0,50,0,0,0,464,464,1160,0,464,0,,,,,,,,,,
291,140428,SW,2014-04-28,7:15,11,188,0.56,NaN,0.56,0.85,NaN,0.85,1.565,17.695,0.436,16.337,6.764,15.901,188,0,50,0,0,0,0,0,464,0,232,0,,,,,,,,,,
292,140505,SW,2014-05-05,7:15,15,188,8.07,NaN,8.07,1.26,NaN,1.26,0.765,4.931,0.23,3.625,11.413,3.395,188,0.2,50,0,0,0,0,0,0,179689,0,0,,,,,,,,,,
293,140512,SW,2014-05-12,7:30,13,188,4.11,NaN,4.11,2.93,NaN,2.93,0.854,0.833,0.176,3.189,6.155,3.012,188,0.63,50,0,0,0,0,464,11602,134117,0,0,,,,,,,,,,
294,140519,SW,2014-05-19,7:30,17,188,0.88,NaN,0.88,0.54,NaN,0.54,0.726,3.367,0.086,0.777,35.57,0.777,188,0,50,0,0,0,928,6497,0,11138,0,0,,,,,,,,,,
295,140528,SW,2014-05-28,8:00,15,188,1.75,NaN,1.75,0.59,NaN,0.59,0.536,1.52,0.063,0.371,46.84,0.371,188,0.46,50,0,0,0,464,0,1856,95135,0,0,,,,,,,,,,
296,140602,SW,2014-06-02,7:15,16,188,2.22,NaN,2.22,0.47,NaN,0.47,0.595,6.298,0.082,0.473,22.409,0.473,188,0,50,0,0,2784,464,20419,0,0,2320,0,,,,,,,,,,
297,140609,SW,2014-06-09,8:30,16,188,3.01,NaN,3.01,0.79,NaN,0.79,0.452,5.815,0.055,0.378,2.042,0.378,188,0,50,0,0,464,0,13922,9281,6961,1392,0,,,,,,,,,,
298,140616,SW,2014-06-16,8:15,17,188,1.04,NaN,1.04,0.73,NaN,0.73,0.423,3.338,0.115,0.884,57.656,0.769,188,0.13,50,0,0,0,0,232,5105,13690,0,0,,,,,,,,,,
299,140624,SW,2014-06-24,8:45,18,188,1.23,NaN,1.23,0.33,NaN,0.33,0.08,0.923,0.013,0.021,1.582,0,188,0.07,50,0,0,0,0,4177,57545,78892,1856,0,,,,,,,,,,
300,140630,SW,2014-06-30,7:30,20,188,2.02,NaN,2.02,1.15,NaN,1.15,0.53,5.427,0.039,0.138,12.401,0,188,0,50,0,0,0,0,4641,928,0,4641,0,,,,,,,,,,
301,140707,SW,2014-07-07,8:45,20,188,1.37,NaN,1.37,0.39,NaN,0.39,0.194,2.808,0.044,0.531,222,0.531,188,0,50,0,0,0,0,25988,0,0,4455,0,,,,,,,,,,
302,140714,SW,2014-07-14,8:15,20,188,0.64,NaN,0.64,0.17,NaN,0.17,0.142,3.76,0.03,0.1,530,0,188,0,50,0,0,0,0,0,2970,2970,0,0,,,,,,,,,,
303,140721,SW,2014-07-21,8:15,19,188,1.36,NaN,1.36,0.64,NaN,0.64,0.332,1.629,0.05,0.392,127.616,0.392,188,0,50,0,0,0,0,0,3713,105809,0,0,,,,,,,,,,
304,140728,SW,2014-07-28,7:45,17,188,1.05,NaN,1.05,0.37,NaN,0.37,0.199,3.686,0.029,0.241,10.956,0.241,188,0,50,0,0,0,0,2228,0,377199,0,0,,,,,,,,,,
305,140804,SW,2014-08-04,7:45,16.4,188,1.44,NaN,1.44,0.65,NaN,0.65,0.298,1.661,0.036,0.256,0.846,0.256,188,0,50,0,0,0,0,5940,8168,259139,2970,0,,,,,,,,,,
306,140811,SW,2014-08-11,8:30,17.4,188,0.74,NaN,0.74,0.24,NaN,0.24,0.174,2.526,0.075,0.39,7.597,0.39,188,0,50,0,0,0,0,1485,1485,118803,8910,0,,,,,,,,,,
307,140818,SW,2014-08-18,7:30,18.6,188,0.94,NaN,0.94,0.38,NaN,0.38,0.147,1.432,0.042,0.104,0.988,0,188,0,50,0,0,0,0,928,0,150824,928,0,,,,,,,,,,
308,140825,SW,2014-08-25,8:15,18.6,188,0.8,NaN,0.8,0.47,NaN,0.47,0.164,2.153,0.071,0.206,8.458,0.206,188,0,50,0,0,0,0,5198,11880,107665,2228,0,,,,,,,,,,
309,140902,SW,2014-09-02,8:15,19.6,188,1.3,NaN,1.3,0.52,NaN,0.52,0.254,4.145,0.049,0.117,0.825,0,188,0,50,0,0,0,0,1856,464,1624,232,0,,,,,,,,,,
310,140908,SW,2014-09-08,6:30,19,188,1.03,NaN,1.03,0.69,NaN,0.69,0.324,4.17,0.067,0.343,1.843,0.343,188,0,50,0,0,232,0,0,0,0,928,0,,,,,,,,,,
311,140915,SW,2014-09-15,6:40,20,188,0.84,NaN,0.84,0.3,NaN,0.3,0.194,2.672,0.036,0.334,13.646,0.334,188,0,50,0,0,0,0,0,0,928,232,0,,,,,,,,,,
312,140922,SW,2014-09-22,6:30,18.3,188,1.88,NaN,1.88,0.68,NaN,0.68,0.271,3.957,0.062,0.721,7.252,0.721,188,0,50,0,0,0,0,1856,2784,1392,16707,0,,,,,,,,,,
313,140929,SW,2014-09-29,8:00,18.4,188,1.21,NaN,1.21,0.34,NaN,0.34,0.2,2.321,0.042,0.082,0.726,0,188,0,50,0,0,0,0,2320,0,141078,6497,0,,,,,,,,,,
314,141007,SW,2014-10-07,7:45,21,188,0.76,NaN,0.76,0.4,NaN,0.4,0.154,0.871,0.017,0.046,4.114,0,188,0,50,0,0,0,0,464,7889,32485,0,0,,,,,,,,,,
315,141013,SW,2014-10-13,7:30,20.9,188,0.99,NaN,0.99,0.75,NaN,0.75,0.423,3.614,0.095,0.207,3.487,0.207,188,0,50,0,0,0,0,0,464,464,696,0,,,,,,,,,,
316,141020,SW,2014-10-20,7:45,21.1,188,0.93,NaN,0.93,0.65,NaN,0.65,0.313,2.668,0.052,0.059,4.07,0,188,0,50,0,0,0,0,0,0,10210,928,0,,,,,,,,,,
317,141027,SW,2014-10-27,8:00,19.5,188,0.95,NaN,0.95,0.57,NaN,0.57,0.321,2.588,0.106,0.234,5.844,0.127,188,0,50,0,0,0,0,0,38054,0,0,0,,,,,,,,,,
318,141103,SW,2014-11-03,7:15,18,188,1.88,NaN,1.88,1.09,NaN,1.09,0.396,4.391,0.136,0.238,3.724,0.101,188,0,50,0,0,0,0,0,928,0,464,0,,,,,,,,,,
319,141110,SW,2014-11-10,8:00,18.6,188,0.84,NaN,0.84,0.35,NaN,0.35,0.269,2.117,0.068,0.156,2.64,0,188,0,50,0,0,0,0,0,3249,0,464,0,,,,,,,,,,
320,141117,SW,2014-11-17,7:45,17.9,188,1,NaN,1,0.63,NaN,0.63,0.364,2.922,0.09,0.32,7.625,0.32,188,0,50,0,0,0,0,464,9746,0,0,0,,,,,,,,,,
321,141124,SW,2014-11-24,7:45,17,188,1.34,NaN,1.34,0.85,NaN,0.85,0.539,4.156,0.151,0.645,3.402,0.494,188,0,50,0,0,0,0,0,928,0,0,0,,,,,,,,,,
322,141201,SW,2014-12-01,7:00,18.1,188,0.72,NaN,0.72,0.41,NaN,0.41,0.25,1.983,0.062,0.212,1.359,0.212,188,0,50,0,0,0,0,0,0,0,0,0,,,,,,,,,,
323,141208,SW ,2014-12-08,7:30,18,188,0.83,NaN,0.83,0.56,NaN,0.56,0.288,2.484,0.148,0.356,2.8,0.209,188,0,50,0,0,0,0,232,0,0,0,0,,,,,,,,,,
324,141215,SW,2014-12-15,7:00,17.3,188,1.39,NaN,1.39,1.16,NaN,1.16,0.312,3.96,0.129,0.441,2.88,0.312,188,0,50,0,0,0,0,464,464,0,464,0,,,,,,,,,,
325,141222,SW,2014-12-22,7:15,17.1,188,2.55,NaN,2.55,6.1,NaN,6.1,0.295,4.939,0.183,0.538,7.397,0.356,188,0,50,0,0,464,0,0,0,0,0,0,,,,,,,,,,
326,150105,SW,2015-01-05,7:15,16.1,188,1.75,NaN,1.75,0.28,NaN,0.28,0.313,3.509,0.163,0.446,4.123,0.283,188,0,50,0,0,0,0,232,0,0,464,0,,,,,,,,,,
327,150112,SW,2015-01-12,7:15,15.7,188,0.51,NaN,0.51,0.48,NaN,0.48,0.441,3.42,0.136,0.525,3.08,0.39,188,0,50,0,0,0,0,0,464,0,232,0,,,,,,,,,,
328,150119,SW,2015-01-19,7:00,16,188,1.16,NaN,1.16,0.48,NaN,0.48,0.328,3.065,0.174,0.353,1.812,0.179,188,0,50,0,0,0,0,0,5105,0,0,0,,,,,,,,,,
329,150126,SW,2015-01-26,7:15,16,188,1.05,NaN,1.05,0.89,NaN,0.89,0.343,4.163,0.18,0.392,2.673,0.212,188,0,50,0,0,696,0,0,464,0,1624,0,,,,,,,,,,
330,150203,SW,2015-02-03,7:15,16,188,1.22,NaN,1.22,0.61,NaN,0.61,0.274,3.521,0.134,0.299,3.261,0.165,188,0,50,0,0,0,0,0,5105,0,928,0,,,,,,,,,,
331,150209,SW,2015-02-09,7:15,16.5,188,0.89,NaN,0.89,1.61,NaN,1.61,0.381,4.579,0.176,0.547,2.138,0.371,188,0,50,0,0,0,0,0,0,0,928,0,,,,,,,,,,
332,150216,SW,2015-02-16,9:00,16.4,188,1.58,NaN,1.58,0.7,NaN,0.7,0.265,3.643,0.161,0.872,2.403,0.711,188,0,50,0,0,0,0,0,20419,0,5105,0,,,,,,,,,,
333,150224,SW,2015-02-24,8:00,15,188,0.63,NaN,0.63,0.43,NaN,0.43,0.631,5.947,0.228,0.757,3.778,0.528,188,0,50,0,0,0,0,696,1392,0,0,0,,,,,,,,,,
334,150302,SW,2015-03-02,7:45,14.75,188,1.66,NaN,1.66,0.49,NaN,0.49,0.408,5.597,0.289,1.224,2.058,0.935,188,0,50,0,0,0,0,928,6497,0,0,0,,,,,,,,,,
335,150309,SW,2015-03-09,7:45,NA,188,0.86,NaN,0.86,0.37,NaN,0.37,0.4,2.101,0.145,0.351,1.81,0.205,188,0,50,0,0,0,0,0,22740,0,0,0,,,,,,,,,,
336,150316,SW,2015-03-16,7:45,15.5,188,1.17,NaN,1.17,0.43,NaN,0.43,0.193,0.098,0.018,0.488,2.01,0.488,188,0,50,0,0,0,0,743,0,129198,1485,0,,,,,,,,,,
337,150323,SW,2015-03-23,7:30,16,188,1.59,NaN,1.59,1.46,NaN,1.46,0.417,1.721,0.182,0.567,7.774,0.385,188,0,50,0,0,0,0,464,0,7425,0,0,,,,,,,,,,
338,150330,SW,2015-03-30,7:45,17,188,1.37,NaN,1.37,0.3,NaN,0.3,0.28,1.595,0.097,0.21,1.687,0.21,188,0,50,0,0,0,0,464,0,1856,0,0,,,,,,,,,,
339,150406,SW,2015-04-06,6:00,15,188,1.61,NaN,1.61,0.71,NaN,0.71,0.457,3.52,0.165,0.952,3.592,0.787,188,0,50,0,0,0,0,464,2784,5569,0,0,,,,,,,,,,
340,150414,SW,2015-04-14,7:45,15,188,1.19,NaN,1.19,0.54,NaN,0.54,0.185,0.92,0.047,0.132,0.817,0,188,0,50,0,0,0,0,464,4641,1392,0,0,,,,,,,,,,
341,150420,SW,2015-04-20,8:20,15,188,0.6,NaN,0.6,0.63,NaN,0.63,0.556,4.335,0.129,0.739,6.123,0.61,188,0,50,0,0,0,0,0,0,0,0,0,,,,,,,,,,
342,150427,SW,2015-04-27,9:15,13,188,0.8,NaN,0.8,0.4,NaN,0.4,1.052,10.386,0.39,9.244,5.61,8.854,188,0,50,0,0,0,0,0,8353,928,464,0,,,,,,,,,,
343,150504,SW,2015-05-04,6:30,12,188,1.63,NaN,1.63,2.02,NaN,2.02,0.858,9.888,0.338,8.811,2.544,8.474,188,0,50,0,0,0,0,0,15314,3249,0,0,,,,,,,,,,
344,150511,SW,2015-05-11,7:30,14.4,188,2.32,NaN,2.32,1.44,NaN,1.44,0.172,0.489,0.081,0.235,1.446,0.235,188,0.27,50,0,0,464,0,1856,121123,104881,1856,0,,,,,,,,,,
345,150518,SW,2015-05-18,7:30,15.7,188,1.18,NaN,1.18,0.65,NaN,0.65,0.351,1.346,0.091,0.513,3.049,0.513,188,0.14,50,0,0,464,0,20883,0,6961,2320,0,,,,,,,,,,
346,150526,SW,2015-05-26,7:30,16.5,188,1.09,NaN,1.09,0.75,NaN,0.75,0.293,1.075,0.046,0.258,1.776,0.258,188,0.419,50,0,0,0,0,17635,928,21811,928,0,,,,,,,,,,
347,150601,SW,2015-06-01,8:30,16,188,0.51,NaN,0.51,0.23,NaN,0.23,0.235,3.663,0.117,0.31,0.639,0.193,188,0,50,0,0,0,0,6497,1856,0,1392,0,,,,,,,,,,
348,150608,SW,2015-06-08,8:00,16,188,1.15,NaN,1.15,1.16,NaN,1.16,0.522,9.982,0.311,1.701,3.652,1.39,188,0,50,0,0,928,0,19491,0,0,464,0,,,,,,,,,,
349,150615,SW,2015-06-15,7:30,16.1,188,0.45,NaN,0.45,0.24,NaN,0.24,0.239,2.297,0.087,0.264,1.899,0.264,188,0.454,50,0,0,0,0,1856,2320,6961,2320,0,,,,,,,,,,
350,150622,SW,2015-06-22,7:45,19.3,188,1.14,NaN,1.14,0.55,NaN,0.55,0.383,8.109,0.062,0.701,3.524,0.701,188,0,50,0,0,2320,0,7425,928,0,464,0,,,,,,,,,,
351,150629,SW,2015-06-29,8:00,18.4,188,0.85,NaN,0.85,0.29,NaN,0.29,0.234,7.389,0.009,0.311,0.324,0.311,188,0.099,50,0,0,0,0,3713,2784,5105,0,0,,,,,,,,,,
352,150706,SW,2015-07-06,9:30,17.1,188,0.76,NaN,0.76,0.35,NaN,0.35,0.255,5.346,0.038,0.405,9.526,0.405,188,0.255,50,0,0,0,0,1392,4641,21811,0,0,,,,,,,,,,
353,150713,SW,2015-07-13,6:00,18.7,188,0.68,NaN,0.68,0.57,NaN,0.57,0.215,5.177,0.07,0.172,4.633,0,188,0,50,0,0,1392,0,2784,0,3713,0,0,,,,,,,,,,
354,150720,SW,2015-07-20,8:00,21,188,1.66,NaN,1.66,0.35,NaN,0.35,0.11,5.059,0.085,0.114,1.533,0,188,0,50,0,0,464,0,1392,11602,0,0,0,,,,,,,,,,
355,150727,SW,2015-07-27,7:30,21.7,188,1.59,NaN,1.59,0.95,NaN,0.95,0.397,7.44,0.199,0.312,13.645,0.113,188,0,50,0,0,0,0,1856,1856,1160,232,0,,,,,,,,,,
356,150803,SW,2015-08-03,7:45,21,188,1.21,NaN,1.21,0.41,NaN,0.41,0.229,6.234,0.01,0.089,0.378,0,188,0,50,0,0,0,0,464,24596,0,0,0,,,,,,,,,,
357,150812,SW,2015-08-12,8:00,19.1,188,1,NaN,1,0.34,NaN,0.34,0.279,4.669,0.038,0.338,18.72,0.338,188,0,50,0,0,0,0,928,47335,0,0,0,,,,,,,,,,
358,150817,SW,2015-08-17,7:45,19.8,188,1.85,NaN,1.85,0.73,NaN,0.73,0.38,5.754,0.112,0.259,20.226,0.147,188,0,50,0,0,0,0,1485,194540,0,0,0,,,,,,,,,,
359,150824,SW,2015-08-24,8:00,20.3,188,1.11,NaN,1.11,0.3,NaN,0.3,0.208,4.77,0.063,0.153,3.007,0,188,0,50,0,0,0,0,928,28773,0,0,0,,,,,,,,,,
360,150831,SW,2015-08-31,8:00,22.9,188,1.3,NaN,1.3,0.6,NaN,0.6,0.398,6.881,0.061,0.183,37.664,0,188,0,50,0,0,0,0,0,0,0,0,0,,,,,,,,,,
361,150907,SW,2015-09-07,8:00,21.9,188,0.66,NaN,0.66,-0.07,NaN,-0.07,0.506,8.694,0.01,0.27,45.164,0.27,188,0,50,0,0,0,0,696,0,0,696,0,,,,,,,,,,
362,150914,SW,2015-09-14,7:45,22.3,188,0.55,NaN,0.55,0.2,NaN,0.2,0.267,8.548,0.011,0.161,8.503,0,188,0,50,0,0,464,0,2320,0,0,3249,0,,,,,,,,,,
363,150921,SW,2015-09-21,6:25,22.3,188,0.38,NaN,0.38,0.15,NaN,0.15,0.236,6.51,0.032,0.234,9.297,0.234,188,0,50,0,0,0,232,232,1856,0,0,0,,,,,,,,,,
364,150928,SW,2015-09-28,8:00,22.1,188,0.65,NaN,0.65,0.33,NaN,0.33,0.328,7.877,0.143,0.162,4.318,0,188,0,50,0,0,0,0,464,0,0,0,0,,,,,,,,,,
365,151005,SW,2015-10-05,7:15,21,188,1.19,NaN,1.19,0.81,NaN,0.81,0.449,7.213,0.124,0.244,3.052,0.12,188,0,50,0,0,0,0,0,5569,0,0,0,,,,,,,,,,
366,151012,SW,2015-10-12,7:45,21.6,188,0.99,NaN,0.99,0.55,NaN,0.55,0.325,6.151,0.01,0.099,6.134,0,188,0,50,0,0,0,0,0,0,464,0,0,,,,,,,,,,
367,151019,SW,2015-10-19,7:30,21.5,188,0.69,NaN,0.69,0.4,NaN,0.4,0.32,6.403,0.052,0.195,4.383,0,188,0.08,50,0,0,0,0,464,0,0,928,0,,,,,,,,,,
368,151026,SW,2015-10-26,7:15,20.4,188,0.64,NaN,0.64,0.34,NaN,0.34,0.378,7.927,0.038,0.286,0.429,0.286,188,0,50,0,0,0,0,0,4177,0,0,0,,,,,,,,,,
369,151103,SW,2015-11-03,7:30,18.8,188,0.66,NaN,0.66,0.36,NaN,0.36,0.314,4.763,0.063,0.229,1.82,0.229,188,0.04,50,0,0,0,0,464,1856,0,464,0,,,,,,,,,,
370,151109,SW,2015-11-09,7:15,17.3,188,0.79,NaN,0.79,0.35,NaN,0.35,0.352,4.704,0.018,0.198,7.61,0,188,0,50,0,0,0,0,464,23204,0,464,0,,,,,,,,,,
371,151116,SW,2015-11-16,7:45,15.4,188,0.75,NaN,0.75,0.72,NaN,0.72,0.585,6.938,0.251,2.32,6.861,2.069,188,0,50,0,0,0,0,0,19955,0,0,0,,,,,,,,,,
372,151123,SW,2015-11-23,7:00,16.4,188,0.79,NaN,0.79,0.27,NaN,0.27,0.262,3.303,0.061,0.109,33.415,0,188,0,50,0,0,0,0,0,928,0,1392,0,,,,,,,,,,
373,151130,SW,2015-11-30,7:20,16.7,188,0.61,NaN,0.61,0.6,NaN,0.6,0.323,3.45,0.071,0.18,48.313,0,188,0,50,0,0,0,0,0,2784,0,0,0,,,,,,,,,,
374,151207,SW,2015-12-07,7:15,17.4,188,1.19,NaN,1.19,0.62,NaN,0.62,0.319,4.459,0.036,0.707,5.574,0.707,188,0,50,0,0,0,0,0,10210,0,928,0,,,,,,,,,,
375,151214,SW,2015-12-14,9:30,16.6,188,0.84,NaN,0.84,0.46,NaN,0.46,0.319,4.126,0.062,0.634,48.443,0.634,188,0,50,0,0,0,0,0,0,3713,0,0,,,,,,,,,,
376,151221,SW,2015-12-21,8:30,16,188,1.32,NaN,1.32,0.47,NaN,0.47,0.354,4.341,0.144,0.675,1.87,0.531,188,0,50,0,0,0,0,0,0,38518,0,0,,,,,,,,,,
377,151230,SW,2015-12-30,6:30,13.9,188,2.32,NaN,2.32,0.47,NaN,0.47,0.595,7.223,0.137,4.84,102.078,4.703,188,0,50,0,0,0,0,0,0,14386,0,0,,,,,,,,,,
378,160104,SW,2016-01-04,7:30,14.5,188,3.32,NaN,3.32,0.46,NaN,0.46,0.414,4.145,0.08,1.66,47.297,1.66,188,0.05,50,0,0,0,0,0,0,928,928,0,,,,,,,,,,
379,160111,SW,2016-01-11,8:00,14.4,188,1.39,NaN,1.39,0.42,NaN,0.42,0.551,6.135,0.22,3.1,25.961,2.88,188,0,50,0,0,0,0,0,1856,0,0,0,,,,,,,,,,
380,160118,SW,2016-01-18,7:30,15.1,188,1.95,NaN,1.95,0.99,NaN,0.99,0.397,5.762,0.141,1.61,5.511,1.469,188,0,50,0,0,0,0,0,0,2784,2320,0,,,,,,,,,,
381,160125,SW,2016-01-25,8:00,14.9,188,2.59,NaN,2.59,1.04,NaN,1.04,0.457,5.674,0.345,2.03,6.273,1.685,188,0,50,0,0,0,464,0,0,4641,464,0,,,,,,,,,,
382,160201,SW,2016-02-01,7:30,13.6,188,0.66,NaN,0.66,1.32,NaN,1.32,0.621,7.624,0.524,4.64,3.9,4.116,188,0,50,0,0,0,0,0,0,1856,0,0,,,,,,,,,,
383,160208,SW,2016-02-08,7:30,NA,188,1.59,NaN,1.59,0.7,NaN,0.7,0.559,8.947,0.218,5.16,7.325,4.942,188,0,50,0,0,0,0,0,33877,0,0,0,,,,,,,,,,
384,160216,SW,2016-02-16,10:00,NA,188,0.46,NaN,0.46,0.39,NaN,0.39,0.444,5.939,0.08,0.674,2.68,0.674,188,0,50,0,0,0,0,0,0,1856,0,0,,,,,,,,,,
385,160222,SW,2016-02-22,6:20,15.6,188,1.17,NaN,1.17,0.21,NaN,0.21,0.246,4.547,0.001,0.224,1.29,0.224,188,0,50,0,0,928,0,0,0,0,9281,0,,,,,,,,,,
386,160229,SW,2016-02-29,6:20,17,188,1.12,NaN,1.12,0.37,NaN,0.37,0.278,4.665,0.06,0.287,1.71,0.287,188,0,50,0,0,464,0,0,5105,0,5105,0,,,,,,,,,,
387,160307,SW,2016-03-07,7:15,15,188,0.5,NaN,0.5,1.07,NaN,1.07,0.579,7.977,0.356,1.89,2.86,1.534,188,0,50,0,0,0,0,0,0,0,1392,0,,,,,,,,,,
388,160314,SW ,2016-03-14,7:30,14.1,188,0.67,NaN,0.67,0.86,NaN,0.86,0.872,10.094,0.289,8.08,2.77,7.791,188,0,50,0,0,0,0,0,0,19491,0,0,,,,,,,,,,
389,160321,SW,2016-03-21,8:00,16.8,188,1.23,NaN,1.23,0.5,NaN,0.5,0.334,3.067,0.078,0.552,1.068,0.552,188,0,50,0,0,0,0,0,13922,48728,0,0,,,,,,,,,,
390,160328,SW,2016-03-28,7:15,15.8,188,1.27,NaN,1.27,0.89,NaN,0.89,0.428,5.615,0.078,1.16,1.728,1.16,188,0,50,0,0,0,0,0,0,928,0,0,,,,,,,,,,
391,160404,SW,2016-04-04,7:30,14.3,188,3.89,NaN,3.89,1.78,NaN,1.78,0.525,7.19,0.222,4.384,2.992,4.162,188,0.04,50,0,0,0,0,0,0,11138,0,0,,,,,,,,,,
392,160411,SW,2016-04-11,8:00,16,188,0.81,NaN,0.81,0.54,NaN,0.54,0.394,2.87,0.065,0.716,2.869,0.716,188,0,50,0,0,464,0,0,0,5105,0,0,,,,,,,,,,
393,160418,SW,2016-04-18,7:30,15.6,188,1.61,NaN,1.61,0.69,NaN,0.69,0.29,3.78,0.136,1.504,33.081,1.368,188,0.07,50,0,0,0,0,0,0,0,6497,0,,,,,,,,,,
394,160425,SW,2016-04-25,7:30,14,188,0.82,NaN,0.82,0.98,NaN,0.98,0.77,10.2,0.385,6.89,61.676,6.505,188,0,50,0,0,0,0,0,1856,0,0,0,,,,,,,,,,
395,160502,SW,2016-05-02,7:30,15.7,188,9.54,NaN,9.54,2.85,NaN,2.85,0.371,10.8,0.23,4.25,3.091,4.02,188,0,50,0,0,0,0,0,47521,2970,20790,0,,,,,,,,,,
396,160509,SW,2016-05-09,7:30,16,188,4.43,NaN,4.43,0.62,NaN,0.62,0.192,3.34,0.103,0.184,0.759,0,188,0,50,0,0,743,0,0,76479,9653,9653,0,,,,,,,,,,
397,160516,SW,2016-05-16,7:30,17,188,3.54,NaN,3.54,0.04,NaN,0.04,0.166,5.19,0.008,0.138,5.538,0,188,0,50,0,0,1392,0,0,0,1856,49192,0,,,,,,,,,,
398,160523,SW,2016-05-23,7:30,15,188,1.32,NaN,1.32,0.27,NaN,0.27,0.506,7.75,0.093,3.482,46.023,3.482,188,0,50,0,0,0,0,0,928,0,928,0,,,,,,,,,,
399,160531,SW,2016-05-31,7:30,14.6,188,2.92,NaN,2.92,0.88,NaN,0.88,0.666,9.39,0.325,3.069,8.572,2.744,188,0,50,0,0,0,0,0,0,19955,9746,0,,,,,,,,,,
400,160606,SW,2016-06-06,7:15,15,188,1.9,NaN,1.9,1.37,NaN,1.37,0.663,5.12,0.181,0.888,10.984,0.707,188,0,50,0,0,0,0,0,59865,37590,464,0,,,,,,,,,,
401,160613,SW,2016-06-13,7:45,16.6,188,4.21,NaN,4.21,0.49,NaN,0.49,0.189,5.51,0.03,0.322,1.965,0.322,188,0.18,50,0,0,4177,0,0,45943,37590,39446,0,,,,,,,,,,
402,160620,SW,2016-06-20,8:30,19.2,188,1.36,NaN,1.36,0.51,NaN,0.51,0.231,7.23,0.057,0.419,3.747,0.419,188,0,50,0,0,0,0,464,2784,0,928,0,,,,,,,,,,
403,160628,SW,2016-06-28,7:30,19.4,188,2.78,NaN,2.78,0.52,NaN,0.52,0.124,0.593,0.093,0.102,1.563,0,188,0,50,0,0,0,0,743,2970,0,3713,0,,,,,,,,,,
404,160704,SW,2016-07-04,8:00,18.3,188,1.77,NaN,1.77,0.75,NaN,0.75,0.52,4.82,0.133,0.305,2.248,0.172,188,0,50,0,0,0,0,464,151752,0,0,0,,,,,,,,,,
405,160711,SW,2016-07-11,8:00,20.4,188,0.99,NaN,0.99,0.37,NaN,0.37,0.29,2.57,0.063,0.379,10.432,0.379,188,0,50,0,0,0,0,464,0,0,4641,0,,,,,,,,,,
406,160718,SW,2016-07-18,8:00,18.2,188,1.31,NaN,1.31,0.27,NaN,0.27,0.188,3.44,0.007,0.107,18.163,0,188,0,50,0,0,0,0,13922,4177,0,928,0,,,,,,,,,,
407,160725,SW,2016-07-25,8:10,19.6,188,0.75,NaN,0.75,0.43,NaN,0.43,0.322,4.81,0.052,0.803,7.218,0.803,188,0,50,0,0,0,0,3249,0,0,2320,0,,,,,,,,,,
408,160801,SW,2016-08-01,7:30,18.4,188,2.39,NaN,2.39,0.6,NaN,0.6,0.494,7.68,0.113,0.361,1.456,0.248,188,0,50,0,0,0,0,12994,3713,0,0,0,,,,,,,,,,
409,160808,SW,2016-08-08,7:30,18.5,188,5.42,NaN,5.42,-0.34,NaN,-0.34,0.236,6.6,0.082,0.149,1.029,0,188,0,50,0,0,0,232,2784,3713,0,1624,0,,,,,,,,,,
410,160815,SW,2016-08-15,7:30,18.3,188,2,NaN,2,0.69,NaN,0.69,0.266,6.14,0.009,0.114,1.259,0,188,0,50,0,4177,0,0,928,7425,2320,928,0,,,,,,,,,,
411,160823,SW,2016-08-23,7:45,16.6,188,2.1,NaN,2.1,0.64,NaN,0.64,0.404,7.76,0.04,0.087,1.199,0,188,0,50,0,0,0,0,928,3713,6961,1856,0,,,,,,,,,,
412,160829,SW,2016-08-29,7:15,18.9,188,1.33,NaN,1.33,0.23,NaN,0.23,0.132,4.28,0.041,0.05,3.798,0,188,0,50,0,0,0,0,928,3713,11602,2320,0,,,,,,,,,,
413,160905,SW,2016-09-05,7:45,18.1,188,2.22,NaN,2.22,0.55,NaN,0.55,0.183,4.16,0.003,0.073,1.177,0,188,0,50,0,0,0,0,10395,0,0,4455,0,,,,,,,,,,
414,160913,SW,2016-09-13,7:30,17.6,188,2.44,NaN,2.44,0.63,NaN,0.63,0.733,8.225,0.076,0.563,19.8,0.563,188,0,50,0,0,0,0,6683,4455,0,2228,0,,,,,,,,,,
415,160919,SW,2016-09-19,7:30,18.6,188,0.92,NaN,0.92,0.26,NaN,0.26,0.355,3.74,0.002,0.194,3.581,0,188,0,50,0,0,928,464,3713,2320,5105,1392,0,,,,,,,,,,
416,160926,SW,2016-09-26,7:30,17.3,188,2.78,NaN,2.78,0.49,NaN,0.49,0.374,5.239,0.074,0.102,0.547,0,188,0,50,0,0,928,2784,45015,20883,0,928,0,,,,,,,,,,
417,161003,SW,2016-10-03,7:30,18.2,188,1.78,NaN,1.78,0.39,NaN,0.39,0.303,4.531,0.076,0.083,1.473,0,188,0,50,0,0,0,1392,18563,1856,0,0,0,,,,,,,,,,
418,161010,SW,2016-10-10,7:30,17.4,188,2.24,NaN,2.24,0.75,NaN,0.75,0.405,4.915,0.081,0.245,3.5,0.245,188,0,50,0,0,0,464,22740,14850,0,0,0,,,,,,,,,,
419,161017,SW,2016-10-17,7:30,16.1,188,2,NaN,2,0.94,NaN,0.94,0.49,3.867,0.063,0.928,7.19,0.928,188,0,50,0,0,0,0,464,0,72395,0,0,,,,,,,,,,
420,161024,SW,2016-10-24,7:45,17.4,188,2.34,NaN,2.34,0.5,NaN,0.5,0.304,5.109,0.021,0.096,2.361,0,188,0,50,0,0,0,464,15314,5569,20883,0,0,,,,,,,,,,
421,161031,SW,2016-10-31,7:30,16.4,188,3.93,NaN,3.93,0.35,NaN,0.35,0.394,6.308,0.086,0.23,7.24,0.23,188,0,50,0,0,1856,1392,20419,8817,1856,1856,0,,,,,,,,,,
422,161107,SW,2016-11-07,7:30,17.1,188,0.74,NaN,0.74,0.48,NaN,0.48,0.465,2.875,0.013,0.395,2.52,0.395,188,0,50,0,0,0,0,464,12530,5105,0,0,,,,,,,,,,
423,161114,SW,2016-11-14,7:30,17.3,188,2.54,NaN,2.54,0.61,NaN,0.61,0.361,3.383,0.099,0.199,2.148,0,188,0,50,0,0,464,1392,20419,0,38518,1392,0,,,,,,,,,,
424,161121,SW,2016-11-21,7:30,17,188,1.02,NaN,1.02,0.85,NaN,0.85,0.673,3.674,0.056,0.426,6.85,0.426,188,0,50,0,0,0,0,7889,5569,1856,0,0,,,,,,,,,,
425,161128,SW,2016-11-28,7:30,14.4,188,0.56,NaN,0.56,0.6,NaN,0.6,0.699,5.912,0.252,3.855,2.8,3.603,188,0,50,0,0,0,0,928,9281,0,0,0,,,,,,,,,,
426,161205,SW,2016-12-05,7:15,14.5,188,2.49,NaN,2.49,0.81,NaN,0.81,0.569,4.714,0.216,1.465,5.85,1.249,188,0,50,0,0,0,0,4641,6033,18099,464,0,,,,,,,,,,
427,161212,SW,2016-12-12,7:30,15,188,4.6,NaN,4.6,0.83,NaN,0.83,0.109,4,0.088,0.257,1.935,0.257,188,0,50,0,0,464,0,18563,0,2784,3713,0,,,,,,,,,,
428,161219,SW,2016-12-19,7:15,13,188,1.34,NaN,1.34,4.2,NaN,4.2,0.849,7.174,0.325,5.565,11.6,5.241,188,0,50,0,0,0,0,1856,0,11602,464,0,,,,,,,,,,
429,161227,SW,2016-12-27,8:00,13,188,2.56,NaN,2.56,1.09,NaN,1.09,0.519,5.411,0.177,3.565,1.33,3.388,188,0,50,0,0,464,0,928,0,8817,0,0,,,,,,,,,,
430,170102,SW,2017-01-02,8:00,13.6,188,0.85,NaN,0.85,0.41,NaN,0.41,0.684,6.229,0.217,3.715,2.518,3.498,188,0,50,0,0,0,0,464,0,1856,0,0,,,,,,,,,,
431,170109,SW,2017-01-09,7:45,14.5,188,0.47,NaN,0.47,0.47,NaN,0.47,1.152,6.113,0.193,3.585,6.59,3.392,188,0,50,0,0,0,0,0,0,0,464,0,,,,,,,,,,
432,170116,SW,2017-01-16,7:30,13.7,188,0.77,NaN,0.77,0.95,NaN,0.95,0.602,4.32,0.052,1.895,2.84,1.895,188,0,50,0,0,696,0,232,0,0,4177,0,,,,,,,,,,
433,170123,SW,2017-01-23,7:30,13.1,188,0.68,NaN,0.68,0.91,NaN,0.91,0.675,5.76,0.156,3.934,1.55,3.778,188,0,50,0,0,0,0,0,0,0,928,0,,,,,,,,,,
434,170130,SW,2017-01-30,7:30,13,188,0.52,NaN,0.52,0.38,NaN,0.38,1.05,7.61,0.229,3.804,3.22,3.575,188,0,50,0,0,0,0,0,0,0,0,0,,,,,,,,,,
435,170206,SW,2017-02-06,7:00,14,188,1.42,NaN,1.42,0.6,NaN,0.6,0.678,8.57,0.096,2.534,9.4,2.534,188,0,50,0,0,232,0,0,0,0,2088,0,,,,,,,,,,
436,170213,SW,2017-02-13,7:30,13.8,188,0.98,NaN,0.98,0.45,NaN,0.45,0.574,8.06,0.15,2.686,8.79,2.535,188,0,50,0,0,464,0,0,0,0,4409,0,,,,,,,,,,
437,170220,SW,2017-02-20,7:30,13.6,188,0.82,NaN,0.82,0.58,NaN,0.58,1.89,49.2,0.39,29.178,5.69,28.788,188,0,50,0,0,464,0,0,0,0,1392,0,,,,,,,,,,
438,170227,SW,2017-02-27,7:30,13.8,188,1.26,NaN,1.26,0.41,NaN,0.41,0.777,8.13,0.161,4.142,6.45,3.981,188,0,50,0,0,232,0,0,0,0,1392,0,,,,,,,,,,
439,170307,SW,2017-03-07,7:00,13.3,188,0.57,NaN,0.57,0.91,NaN,0.91,0.882,6.68,0.123,4.686,7.59,4.562,188,0,50,0,0,0,0,0,0,7425,0,0,,,,,,,,,,
440,170313,SW,2017-03-13,7:00,15.1,188,1.31,NaN,1.31,0.47,NaN,0.47,0.253,1.29,0.067,0.787,7.75,0.787,188,0,50,0,0,0,0,464,0,141078,0,0,,,,,,,,,,
441,170321,SW,2017-03-21,7:30,15.3,188,1.26,NaN,1.26,0.55,NaN,0.55,0.287,0.732,0.137,0.105,7.83,0,188,0.06,50,0,0,1856,0,4641,10210,0,928,0,,,,,,,,,,
442,170327,SW,2017-03-27,8:00,14.7,188,1.93,NaN,1.93,1.02,NaN,1.02,0.746,7.05,0.021,6.415,11.8,6.415,188,0.26,50,0,0,0,0,2784,928,35734,0,0,,,,,,,,,,
443,170403,SW,2017-04-03,7:15,13.3,188,2.2,NaN,2.2,1.98,NaN,1.98,1.11,13.1,0.132,12.42,4.02,12.288,188,1.08,50,0,0,0,0,0,4641,83069,0,0,,,,,,,,,,
444,170410,SW,2017-04-10,8:00,13.6,188,2.12,NaN,2.12,1.35,NaN,1.35,0.866,8.57,0.321,6.672,3.4,6.35,188,2.24,50,0,0,0,0,928,1856,60794,0,0,,,,,,,,,,
445,170417,SW,2017-04-17,7:30,14,188,5.82,NaN,5.82,0.82,NaN,0.82,0.458,1.35,0.028,2.133,5.52,2.133,188,7.56,50,0,0,743,0,13365,5940,264336,0,0,,,,,,,,,,
446,170424,SW,2017-04-24,7:30,17,188,2.37,NaN,2.37,1.16,NaN,1.16,0.299,1.51,0.004,0.261,2.84,0.261,188,0.04,50,0,0,928,0,16707,0,0,0,0,,,,,,,,,,
447,170501,SW,2017-05-01,7:30,13.1,188,3.76,NaN,3.76,0.58,NaN,0.58,1.94,23.8,0.263,18.319,18.6,18.056,188,0.07,50,0,9281,3249,1856,90494,0,0,928,0,,,,,,,,,,
448,170508,SW,2017-05-08,7:30,13.6,188,11.01,NaN,11.01,0.52,NaN,0.52,0.215,1.65,0.056,0.2,2.13,0.2,188,0.97,50,0,0,743,0,200480,0,109893,1485,0,,,,,,,,,,
449,170515,SW,2017-05-15,7:30,15.9,188,5.49,NaN,5.49,2.21,NaN,2.21,0.583,2.56,0.062,0.056,2.19,0,188,0.728,50,0,0,0,0,51976,17635,31557,928,0,,,,,,,,,,
450,170522,SW,2017-05-22,7:30,15.7,188,5.3,NaN,5.3,1.14,NaN,1.14,0.344,5.63,0.006,0.164,1.1,0,188,0.473,50,0,2784,0,0,80749,9746,33877,1856,0,,,,,,,,,,
451,170529,SW,2017-05-29,8:30,15.6,188,4.08,NaN,4.08,1.81,NaN,1.81,0.193,0.836,0.049,0.292,19.575,0.292,188,4.189,50,0,0,928,0,1392,18099,130405,6497,15314,,,,,,,,,,
452,170606,SW,2017-06-06,8:00,17.7,188,3.38,NaN,3.38,0.63,NaN,0.63,0.111,0.497,0.019,0.086,177.924,0,188,0.21,50,0,0,1485,0,6683,60886,7425,4455,7425,,,,,,,,,,
453,170611,SW,2017-06-11,8:00,NA,188,1.95,NaN,1.95,0.91,NaN,0.91,0.829,8.048,0.126,0.547,9.11,0.421,188,0,50,0,0,0,0,743,8910,0,1485,2228,,,,,,,,,,
454,170619,SW,2017-06-19,7:45,18.5,188,1.44,NaN,1.44,0.65,NaN,0.65,0.344,2.076,0.066,0.16,3.429,0,188,0,50,0,0,928,0,10674,11602,7889,11602,0,,,,,,,,,,
455,170627,SW,2017-06-27,7:30,18.3,188,1.35,NaN,1.35,0.87,NaN,0.87,0.664,7.972,0.092,0.473,4.831,0.473,188,0,50,0,0,0,464,14850,0,0,10210,928,,,,,,,,,,
456,170703,SW,2017-07-03,7:45,16.5,188,1.3,NaN,1.3,0.62,NaN,0.62,0.576,6.885,0.049,0.237,3.687,0.237,188,0,50,0,0,0,0,9281,5569,0,0,0,,,,,,,,,,
457,170710,SW,2017-07-10,7:30,17.7,188,2.71,NaN,2.71,0.97,NaN,0.97,0.582,5.835,0.065,0.35,3.956,0.35,188,0,50,0,0,1392,3249,13458,0,3249,3713,4641,,,,,,,,,,
458,170717,SW,2017-07-17,7:20,18.9,188,1.43,NaN,1.43,0.55,NaN,0.55,0.408,3.841,0.095,0.223,4.793,0.223,188,0,50,0,0,0,928,1856,0,0,4641,928,,,,,,,,,,
459,170724,SW,2017-07-24,8:00,19.5,188,1.47,NaN,1.47,0.24,NaN,0.24,0.073,3.535,0.004,0.004,17.157,0,188,0,50,0,0,0,1856,19955,4641,6033,13922,0,,,,,,,,,,
460,170731,SW,2017-07-31,7:15,17.6,188,2.06,NaN,2.06,0.67,NaN,0.67,0.22,5.848,-0.002,0.008,3.647,0,188,0,50,0,0,464,6961,19491,928,6033,11602,0,,,,,,,,,,
461,170807,SW,2017-08-07,7:30,19.3,188,1.31,NaN,1.31,0.75,NaN,0.75,0.179,4.524,0.004,0.055,18.43,0,188,0,50,0,0,0,4177,5569,4177,1856,4641,0,,,,,,,,,,
462,170814,SW,2017-08-14,7:45,18.7,188,0.95,NaN,0.95,0.2,NaN,0.2,0.103,2.833,-0.001,0.068,0.847,0,188,0,50,0,0,0,3713,2320,5569,5569,2320,0,,,,,,,,,,
463,170821,SW,2017-08-21,7:30,17.5,188,1.05,NaN,1.05,0.52,NaN,0.52,0.462,5.196,0.033,0.115,2.072,0,188,0,50,0,0,0,6497,928,0,8817,0,0,,,,,,,,,,
464,170904,SW,2017-09-04,8:30,21.6,188,1.25,NaN,1.25,0.3,NaN,0.3,0.187,4.138,0.017,0.021,3.942,0,188,0,50,0,0,0,18563,0,0,0,1856,0,,,,,,,,,,
465,170911,SW,2017-09-11,7:45,19,188,1.13,NaN,1.13,0.55,NaN,0.55,0.475,5.249,0.056,0.218,3.48,0.218,188,0,50,0,0,0,9281,928,0,0,0,0,,,,,,,,,,
466,170919,SW,2017-09-19,8:30,18.6,188,0.93,NaN,0.93,0.26,NaN,0.26,0.088,0.667,0.002,0.027,10.119,0,188,0,50,0,0,0,928,0,24596,69147,928,0,,,,,,,,,,
467,170925,SW,2017-09-25,8:30,17.2,188,1.35,NaN,1.35,0.47,NaN,0.47,0.253,3.553,0.013,0.034,14.375,0,188,0,50,0,0,0,4177,928,85854,0,928,464,,,,,,,,,,
468,171003,SW,2017-10-03,8:51,17.7,188,11.52,NaN,11.52,-0.03,NaN,-0.03,0.505,5.356,0.022,0.027,3.499,0,188,0,50,0,0,464,242246,1856,0,0,0,0,,,,,,,,,,
469,171009,SW,2017-10-09,8:58,19,188,10.89,NaN,10.89,-0.04,NaN,-0.04,0.332,4.136,0.035,0.155,10.206,0,188,0,50,0,0,0,389358,4177,0,0,928,464,,,,,,,,,,
470,171016,SW,2017-10-16,8:54,18.5,188,4.09,NaN,4.09,0.3,NaN,0.3,0.28,5.282,0.045,0.124,2.149,0,188,0,50,0,0,0,94755,1856,928,928,3249,0,,,,,,,,,,
471,171023,SW,2017-10-23,9:03,16.75,188,1.28,NaN,1.28,0.29,NaN,0.29,0.392,7.2,0.002,0.23,1.132,0.23,188,0,50,0,928,464,12066,4177,16243,3249,1856,0,,,,,,,,,,
472,171030,SW,2017-10-30,9:03,17.4,188,1.4,NaN,1.4,0.73,NaN,0.73,0.403,4.117,0.029,0.274,1.468,0.274,188,0,50,0,0,0,9746,8817,62186,14850,5569,464,,,,,,,,,,
473,171106,SW,2017-11-06,9:00,17.4,188,0.79,NaN,0.79,0.32,NaN,0.32,0.335,3.253,0.048,0.148,2.13,0,188,0,50,0,0,0,3945,928,3713,9746,1956,0,,,,,,,,,,
474,171113,SW,2017-11-13,8:52,16.3,188,1.57,NaN,1.57,0.51,NaN,0.51,0.218,1.01,0.03,0.129,1.658,0,188,0,50,0,0,0,2784,3713,50584,92351,928,0,,,,,,,,,,
475,171120,SW,2017-11-20,8:57,16,188,1.3,NaN,1.3,0.67,NaN,0.67,0.773,5.127,0.208,0.81,4.478,0.603,188,0,50,0,0,0,7245,3249,2794,14850,464,0,,,,,,,,,,
476,171127,SW,2017-11-27,8:51,16,188,4.34,NaN,4.34,0.9,NaN,0.9,0.577,4.901,0.096,0.343,2.466,0.343,188,0,50,464,928,0,34806,21347,10674,6033,1392,0,,,,,,,,,,
477,171205,SW,2017-12-05,8:58,15.5,188,1.57,NaN,1.57,0.53,NaN,0.53,0.232,4.752,0.029,0.063,1.585,0,188,0,50,0,928,464,51048,25524,4177,7889,2320,464,,,,,,,,,,
478,171211,SW,2017-12-11,8:50,14.6,188,0.71,NaN,0.71,0.49,NaN,0.49,0.743,5.391,0.282,1.432,38.25,1.15,188,0,50,0,0,232,21579,1392,3249,2320,0,232,,,,,,,,,,
479,171218,SW,2017-12-18,8:52,15,188,2.73,NaN,2.73,0.62,NaN,0.62,0.288,3.481,0.054,0.268,7.511,0.268,188,0,50,0,928,928,28308,2784,464,1392,1856,1392,,,,,,,,,,
480,171227,SW,2017-12-27,9:00,15,188,2.89,NaN,2.89,0.69,NaN,0.69,0.288,4.232,0.016,0.211,1.658,0.211,188,0,50,0,0,3713,26916,6497,11602,928,3713,1392,,,,,,,,,,
481,180102,SW,2018-01-02,7:45,15,188,1.4,NaN,1.4,0.42,NaN,0.42,0.294,4.284,0.026,0.322,10.127,0.322,188,0,50,0,0,0,1392,928,0,0,5105,0,,,,,,,,,,
482,180108,SW,2018-01-08,7:45,15.6,188,0.62,NaN,0.62,0.36,NaN,0.36,0.472,4.661,0.08,0.395,10.069,0.395,188,0,50,0,0,0,3249,1392,0,0,12994,0,,,,,,,,,,
483,180115,SW,2018-01-15,8:30,15.6,188,0.66,NaN,0.66,0.45,NaN,0.45,0.533,4.331,0.091,0.516,9.109,0.516,188,0,50,0,0,0,0,232,3713,0,464,0,,,,,,,,,,
484,180122,SW,2018-01-22,7:45,14.1,188,0.49,NaN,0.49,0.49,NaN,0.49,0.757,7.136,0.185,2.036,12.394,1.851,188,0,50,0,0,0,0,232,464,0,0,0,,,,,,,,,,
485,180129,SW,2018-01-29,7:30,NA,188,1.76,NaN,1.76,0.56,NaN,0.56,0.407,6.501,0.244,3.317,6.267,3.074,188,0,50,0,0,0,0,0,83069,0,0,0,,,,,,,,,,
486,180205,SW,2018-02-05,9:11,15,188,1.06,NaN,1.06,0.45,NaN,0.45,0.574,3.139,0.037,0.443,11.792,0.443,188,0,50,0,1737,1448,7527,3185,21713,7238,3474,1448,,,,,,,,,,
487,180213,SW,2018-02-13,9:03,14.6,188,1.61,NaN,1.61,0.59,NaN,0.59,0.315,2.623,0.019,0.18,1.687,0,188,0,50,487,16775,13979,72693,30755,209692,69897,33551,13979,,,,,,,,,,
488,180219,SW,2018-02-19,8:00,13.6,188,1.48,NaN,1.48,0.95,NaN,0.95,0.378,3.633,0.002,0.048,1.185,0,188,0,50,0,0,232,232,0,464,0,2088,0,,,,,,,,,,
489,180226,SW,2018-02-26,7:30,11.8,188,0.9,NaN,0.9,0.44,NaN,0.44,1.088,11.912,0.146,9.589,1.263,9.444,188,0,50,0,0,0,0,0,0,6080,0,0,,,,,,,,,,
490,180305,SW,2018-03-05,8:30,13.1,188,0.59,NaN,0.59,0.42,NaN,0.42,0.812,8.02,0.206,4.425,10.794,4.219,188,0,50,0,0,0,0,0,1392,6033,0,0,,,,,,,,,,
491,180312,SW,2018-03-12,7:00,14.8,188,2.13,NaN,2.13,0.73,NaN,0.73,0.284,1.572,0.015,0.15,1.658,0,188,0,50,0,0,0,0,0,92815,49006,0,0,,,,,,,,,,
492,180319,SW,2018-03-19,7:00,12.3,188,0.27,NaN,0.27,0.4,NaN,0.4,1.08,11.337,0.724,8.704,5.049,7.979,188,0,50,0,0,0,0,0,0,464,0,0,,,,,,,,,,
493,180326,SW,2018-03-26,7:30,11.7,188,0.49,NaN,0.49,0.93,NaN,0.93,1.199,17.007,0.735,12.108,10.052,11.373,188,0,50,0,0,0,0,0,0,145,0,0,,,,,,,,,,
494,180402,SW,2018-04-02,9:02,13.7,188,2.41,NaN,2.41,0.56,NaN,0.56,0.834,12.33,0.391,5.601,38.789,5.211,188,0,50,1158,1158,869,22581,16502,0,4343,9554,290,,,,,,,,,,
495,180409,SW,2018-04-09,9:01,16,188,2.68,NaN,2.68,0.77,NaN,0.77,0.43,3.064,0.063,0.217,13.065,0.217,188,0,50,0,0,0,6948,6080,30108,13896,290,869,,,,,,,,,,
496,180417,SW,2018-04-17,9:02,17.9,188,3.06,NaN,3.06,1.2,NaN,1.2,1.366,13.322,0.248,13.434,37.761,13.186,188,0,50,0,0,0,6948,6080,30108,13896,290,869,,,,,,,,,,
497,180423,SW,2018-04-23,8:57,13.6,188,4.76,NaN,4.76,1.5,NaN,1.5,0.496,5.633,0.131,4.061,4.576,3.93,188,0,50,290,8685,1448,12449,18239,29240,15923,290,579,,,,,,,,,,
498,180430,SW,2018-04-30,8:56,15.5,188,2.36,NaN,2.36,0.6,NaN,0.6,0.455,2.121,0.047,0.281,10.735,0.281,188,0,50,0,0,3185,11291,93220,1448,2606,2606,1158,,,,,,,,,,
499,180507,SW,2018-05-07,9:02,14.8,188,3.81,NaN,3.81,0.74,NaN,0.74,0.93,5.696,0.066,0.866,7.661,0.866,188,0,50,0,0,5790,11870,325112,869,869,2606,869,,,,,,,,,,
500,180514,SW,2018-05-14,8:51,15,188,2.09,NaN,2.09,0.9,NaN,0.9,0.764,7.393,0.049,0.368,6.728,0.368,188,0,50,0,11184,2796,111836,1520964,50326,27959,2796,27959,,,,,,,,,,
501,180521,SW,2018-05-21,8:57,16.4,188,1.9,NaN,1.9,0.58,NaN,0.58,0.32,5.401,0.046,0.098,8.963,0,188,0,50,0,579,0,8975,97563,24608,5790,0,1158,,,,,,,,,,
502,180529,SW,2018-05-29,9:07,15.7,188,13.49,NaN,13.49,1.96,NaN,1.96,0.51,11.214,0.039,0.112,15.835,0,188,0,50,0,1737,2316,16791,673385,90036,15633,2316,290,,,,,,,,,,
503,180604,SW,2018-06-04,8:54,18,188,11.27,NaN,11.27,0.94,NaN,0.94,0.143,7.127,0.038,0.108,4.946,0,188,0,50,0,1158,869,9554,451336,24608,6080,2606,4922,,,,,,,,,,
504,180611,SW,2018-06-11,10:15,19,188,2,NaN,2,0.42,NaN,0.42,0.958,6.293,0.076,0.382,4.816,0.382,188,0,50,290,0,0,6369,130856,24897,15054,0,290,,,,,,,,,,
505,180618,SW,2018-06-18,8:56,15.4,188,2.2,NaN,2.2,0.76,NaN,0.76,0.994,8.857,0.114,0.781,15.063,0.666,188,0,50,0,1737,0,28082,23160,6659,4343,3764,1737,,,,,,,,,,
506,180625,SW,2018-06-25,8:58,18.2,188,1.88,NaN,1.88,0.88,NaN,0.88,0.766,4.883,0.131,0.629,7.749,0.497,188,0,50,0,0,1448,23450,50663,2316,1158,2606,579,,,,,,,,,,
507,180702,SW,2018-07-02,9:03,18,188,1.74,NaN,1.74,0.89,NaN,0.89,0.427,4.893,0.055,0.4,4.405,0.4,188,0,50,0,0,0,13028,6080,12449,3764,0,1737,,,,,,,,,,
508,180709,SW,2018-07-09,8:57,20,188,1.59,NaN,1.59,0.66,NaN,0.66,0.443,7.497,0.083,0.268,11.792,0.268,188,0,50,0,0,0,12449,6369,6080,290,2316,579,,,,,,,,,,
509,180716,SW,2018-07-16,9:04,19.1,188,3.72,NaN,3.72,0.73,NaN,0.73,0.423,5.094,0.027,0.216,2.772,0.216,188,0,50,0,1158,290,63980,8975,2895,1737,8685,2316,,,,,,,,,,
510,180723,SW,2018-07-23,8:56,19.3,188,2.23,NaN,2.23,0.45,NaN,0.45,-0.003,2.925,0.019,0.052,1.823,0,188,0,50,0,1158,0,11291,8685,57611,12449,6659,579,,,,,,,,,,
511,180730,SW,2018-07-30,8:56,18,188,6.09,NaN,6.09,1.24,NaN,1.24,0.169,3.21,0.033,0.142,11.277,0,188,0,50,2316,3474,0,74113,5211,7527,7238,5501,1448,,,,,,,,,,
512,180806,SW,2018-08-06,9:09,19.7,188,1.04,NaN,1.04,0.17,NaN,0.17,0.038,2.74,0,0.067,9.107,0,188,0,50,0,0,0,6659,2895,290,1448,579,579,,,,,,,,,,
513,180813,SW,2018-08-13,9:04,22,188,1.06,NaN,1.06,0.56,NaN,0.56,0.417,4.628,0.095,0.481,12.903,0.481,188,0,50,579,0,0,3185,2027,2171,1158,145,0,,,,,,,,,,
514,180820,SW,2018-08-20,8:56,22.1,188,0.89,NaN,0.89,0.68,NaN,0.68,0.383,3.524,0.109,0.483,8.145,0.374,188,0,50,0,290,290,4053,4053,1737,2027,3474,1303,,,,,,,,,,
515,180827,SW,2018-08-27,9:00,19.4,188,1.8,NaN,1.8,0.53,NaN,0.53,0.146,4.381,0.03,0.102,0.654,0,188,0,50,0,579,869,12159,4632,4632,2895,3185,1158,,,,,,,,,,
516,180904,SW,2018-09-04,8:58,18,188,2.24,NaN,2.24,0.64,NaN,0.64,0.615,6.807,0.106,0.371,2.947,0.265,188,0,50,0,579,0,25766,579,3764,1448,2895,579,,,,,,,,,,
517,180911,SW,2018-09-11,9:00,19.4,188,2.46,NaN,2.46,0.97,NaN,0.97,0.352,4.068,0.068,0.217,4.573,0.217,188,0,50,290,579,579,35030,4632,5211,1737,5790,290,,,,,,,,,,
518,180917,SW,2018-09-17,9:06,20.1,188,1.29,NaN,1.29,0.61,NaN,0.61,0.212,2.67,0.042,0.18,1.26,0,188,0,50,0,0,0,4632,4922,4632,1448,1448,869,,,,,,,,,,
519,180925,SW,2018-09-25,9:00,19.9,188,1.84,NaN,1.84,0.53,NaN,0.53,0.103,1.454,0,0.084,0.223,0,188,0,50,0,0,579,4632,1448,22581,3764,1158,579,,,,,,,,,,
520,181001,SW,2018-10-01,9:00,17.5,188,2.19,NaN,2.19,1.79,NaN,1.79,0.4926,4.9669,0.1463,0.2712,14.4252,0.125,188,NA,50,0,0,0,8685,2895,19107,1448,579,0,,,,,,,,,,
521,181008,SW,2018-10-08,9:05,19.5,188,1.5,NaN,1.5,0.43,NaN,0.43,0.1242,2.2449,0.0235,0.2146,0.5763,0.215,188,NA,50,0,0,0,16791,5501,18528,20844,579,4922,,,,,,,,,,
522,181015,SW,2018-10-15,9:04,19.1,188,1.11,NaN,1.11,0.47,NaN,0.47,0.2849,4.2141,0.0516,0.2766,9.1045,0.277,188,NA,50,0,1158,145,1303,2027,579,434,290,145,,,,,,,,,,
523,181022,SW,2018-10-22,8:56,18.5,188,1.13,NaN,1.13,0.34,NaN,0.34,0.12,3.0787,0.0039,0.1123,3.1483,0,188,NA,50,579,0,0,2027,2027,10712,2606,1448,290,,,,,,,,,,
524,181030,SW,2018-10-30,9:02,18.4,188,0.84,NaN,0.84,0.86,NaN,0.86,0.4252,4.2192,0.136,0.4902,8.0433,0.354,188,NA,50,290,1158,290,2606,2316,10422,11580,0,290,,,,,,,,,,
525,181106,SW ,2018-11-06,9:00,18.9,188,1.97,NaN,1.97,0.53,NaN,0.53,0.2445,3.1074,0.0206,0.0737,4.248,0,188,NA,50,290,0,290,11001,5211,16791,2606,579,579,,,,,,,,,,
526,181113,SW,2018-11-13,9:02,18.75,188,1.48,NaN,1.48,0.55,NaN,0.55,0.2241,2.3332,0.0494,0.1941,2.0033,0,188,NA,50,0,579,0,3908,2027,2895,1592,0,290,,,,,,,,,,
527,181119,SW,2018-11-19,8:56,18.2,188,1.1,NaN,1.1,0.6,NaN,0.6,0.4907,3.7714,0.1456,0.4281,2.1123,0.283,188,NA,50,0,579,0,1013,1882,3329,1882,145,0,,,,,,,,,,
528,181126,SW,2018-11-26,9:01,NA,188,1.24,NaN,1.24,0.49,NaN,0.49,0.2465,3.0768,0.0223,0.3285,7.859,0.328,188,NA,50,0,0,145,1158,724,8830,145,724,0,,,,,,,,,,
529,181203,SW,2018-12-03,9:08,14.1,188,0.24,NaN,0.24,0.46,NaN,0.46,0.6916,6.8041,0.3444,6.0039,1.0206,5.659,188,NA,50,0,0,0,434,145,1737,869,0,0,,,,,,,,,,